mtllib Health_Pack_Asset_-_Sci_Fi.mtl
o defaultMaterial_1
usemtl HealthPack_MAT
v 1.8026111671395597 21.009991645392624 -4.6958431636915305
v -1.8026111671395597 21.009991645392624 -4.6958431636915305
v -1.8026111671395597 21.055876022508375 -0.18430235345511797
v 1.8026111671395597 21.009991645392624 -4.6958431636915305
v -1.8026111671395597 21.055876022508375 -0.18430235345511797
v 1.8026111671395597 21.055876022508375 -0.18430235345511797
v -7.35370014817272 1.7745606998692351 6.063589734575992
v -14.627112486722126 1.7745609717495676 -0.15630725688158864
v -14.627112486722126 -1.7745609580847463 -0.1563074120186354
v -7.35370014817272 1.7745606998692351 6.063589734575992
v -14.627112486722126 -1.7745609580847463 -0.1563074120186354
v -7.35370014817272 -1.7745612299650788 6.063589579438946
v -13.612160333186694 1.7750872498927155 -6.040348438442357
v -7.483484903684939 1.7750872498927155 -6.040348438442357
v -7.483484903684939 -1.7750867218286768 -6.04034859362539
v -13.612160333186694 1.7750872498927155 -6.040348438442357
v -7.483484903684939 -1.7750867218286768 -6.04034859362539
v -13.612160333186694 -1.7750867218286768 -6.04034859362539
v -14.966969807369878 1.7750872662437243 -6.414415918261262
v -14.966969807369878 -1.775086705477668 -6.414416073444294
v -14.966969807369878 1.7750872025640605 -4.957595020891268
v -14.966969807369878 1.7750872025640605 -4.957595020891268
v -14.966969807369878 -1.775086705477668 -6.414416073444294
v -14.966969807369878 -1.7750867691573318 -4.9575951760743004
v -7.483484903684939 21.381386083605683 -6.414415061242721
v -14.966969807369878 10.690693118314693 -4.957594631177756
v -7.483484903684939 21.38138601992602 -4.957594163872727
v -14.966969807369878 10.690693118314693 -4.957594631177756
v -7.483484903684939 21.381386083605683 -6.414415061242721
v -14.966969807369878 10.690693181994357 -6.4144155285477495
v -8.636027058689479 17.208658833564744 0.9743398514291438
v -12.220851186506934 12.087496073024443 0.9743396275760099
v -8.636048723997874 12.087495938712097 4.0470479572506495
v -13.612160333186694 10.263621508835309 -6.04034806739674
v -6.778091774221366 20.026575318641584 -6.040347640644475
v -7.483484903684939 10.690693165643347 -6.040348048728845
v -14.627112486722126 1.7745609717495676 -0.15630725688158864
v -14.594762357998206 1.774561170179021 -4.695844004498901
v -14.594762357998206 -1.774560759655293 -4.695844159635947
v -14.627112486722126 1.7745609717495676 -0.15630725688158864
v -14.594762357998206 -1.774560759655293 -4.695844159635947
v -14.627112486722126 -1.7745609580847463 -0.1563074120186354
v -7.483484903684939 21.38138601992602 -4.957594163872727
v -14.966969807369878 10.690692901611328 4.6730502845093724e-7
v -7.483484903684939 21.381385803222656 9.346100569018745e-7
v -14.966969807369878 10.690692901611328 4.6730502845093724e-7
v -7.483484903684939 21.38138601992602 -4.957594163872727
v -14.966969807369878 10.690693118314693 -4.957594631177756
v -14.966969807369878 8.866582898482875 3.875706478308464e-7
v -7.483484903684939 10.6906926212283 6.4144164631578064
v -14.966969807369878 10.690692901611328 4.6730502845093724e-7
v -7.483484903684939 10.6906926212283 6.4144164631578064
v -14.966969807369878 8.866582898482875 3.875706478308464e-7
v -7.483484903684939 8.866582618099846 6.414416383423426
v -13.612160333186694 10.263621508835309 -6.04034806739674
v -7.483484903684939 10.690693165643347 -6.040348048728845
v -7.483484903684939 8.866583162514894 -6.040348128463226
v -13.612160333186694 10.263621508835309 -6.04034806739674
v -7.483484903684939 8.866583162514894 -6.040348128463226
v -13.612160333186694 8.866583162514894 -6.040348128463226
v -14.966969807369878 8.866583178865904 -6.41441560828213
v -14.966969807369878 10.690693118314693 -4.957594631177756
v -14.966969807369878 10.690693181994357 -6.4144155285477495
v -14.966969807369878 10.690693118314693 -4.957594631177756
v -14.966969807369878 8.866583178865904 -6.41441560828213
v -14.966969807369878 8.86658311518624 -4.9575947109121365
v -14.966969807369878 8.86658311518624 -4.9575947109121365
v -14.966969807369878 10.690692901611328 4.6730502845093724e-7
v -14.966969807369878 10.690693118314693 -4.957594631177756
v -14.966969807369878 10.690692901611328 4.6730502845093724e-7
v -14.966969807369878 8.86658311518624 -4.9575947109121365
v -14.966969807369878 8.866582898482875 3.875706478308464e-7
v -6.286127421049741 10.6906926212283 6.4144164631578064
v -6.286127421049741 21.381385803222656 9.346100569018745e-7
v -7.483484903684939 21.381385803222656 9.346100569018745e-7
v -7.483484903684939 21.381385803222656 9.346100569018745e-7
v -7.483484903684939 10.6906926212283 6.4144164631578064
v -6.286127421049741 10.6906926212283 6.4144164631578064
v -6.286127421049741 21.381385803222656 9.346100569018745e-7
v -6.286127421049741 21.38138601992602 -4.957594163872727
v -7.483484903684939 21.38138601992602 -4.957594163872727
v -7.483484903684939 21.38138601992602 -4.957594163872727
v -7.483484903684939 21.381385803222656 9.346100569018745e-7
v -6.286127421049741 21.381385803222656 9.346100569018745e-7
v -7.35370014817272 1.7745606998692351 6.063589734575992
v -7.35370014817272 -1.7745612299650788 6.063589579438946
v -6.547835425455787 1.7745607006365447 6.046035737056166
v -6.547835425455787 1.7745607006365447 6.046035737056166
v -7.35370014817272 -1.7745612299650788 6.063589579438946
v -6.547835425455787 -1.7745612291977693 6.04603558191912
v -6.286127421049741 10.690693165643347 -6.040348048728845
v -6.778091774221366 20.026575318641584 -6.040347640644475
v -6.286127421049741 20.026575318641584 -6.040347640644475
v -6.778091774221366 20.026575318641584 -6.040347640644475
v -6.286127421049741 10.690693165643347 -6.040348048728845
v -7.483484903684939 10.690693165643347 -6.040348048728845
v -6.286127421049741 21.381386083605683 -6.414415061242721
v -7.483484903684939 21.381386083605683 -6.414415061242721
v -6.286127421049741 21.38138601992602 -4.957594163872727
v -7.483484903684939 21.381386083605683 -6.414415061242721
v -7.483484903684939 21.38138601992602 -4.957594163872727
v -6.286127421049741 21.38138601992602 -4.957594163872727
v -6.286127421049741 10.6906926212283 6.4144164631578064
v -7.483484903684939 10.6906926212283 6.4144164631578064
v -6.286127421049741 8.866582618099846 6.414416383423426
v -7.483484903684939 10.6906926212283 6.4144164631578064
v -7.483484903684939 8.866582618099846 6.414416383423426
v -6.286127421049741 8.866582618099846 6.414416383423426
v -6.286127421049741 10.690693165643347 -6.040348048728845
v -7.483484903684939 8.866583162514894 -6.040348128463226
v -7.483484903684939 10.690693165643347 -6.040348048728845
v -7.483484903684939 8.866583162514894 -6.040348128463226
v -6.286127421049741 10.690693165643347 -6.040348048728845
v -6.286127421049741 8.866583162514894 -6.040348128463226
v -14.966969807369878 1.7750872025640605 -4.957595020891268
v -14.966969807369878 -1.7750867691573318 -4.9575951760743004
v -14.594762357998206 1.774561170179021 -4.695844004498901
v -14.594762357998206 1.774561170179021 -4.695844004498901
v -14.966969807369878 -1.7750867691573318 -4.9575951760743004
v -14.594762357998206 -1.774560759655293 -4.695844159635947
v -7.483484903684939 8.866582618099846 6.414416383423426
v -6.547835425455787 8.604831299179427 6.046036035616776
v -6.286127421049741 8.866582618099846 6.414416383423426
v -6.547835425455787 8.604831299179427 6.046036035616776
v -7.483484903684939 8.866582618099846 6.414416383423426
v -7.35370014817272 8.604831298412117 6.063590033136602
v -7.483484903684939 8.866582618099846 6.414416383423426
v -14.627112486722126 8.604831570292449 -0.15630695832097843
v -7.35370014817272 8.604831298412117 6.063590033136602
v -14.627112486722126 8.604831570292449 -0.15630695832097843
v -7.483484903684939 8.866582618099846 6.414416383423426
v -14.966969807369878 8.866582898482875 3.875706478308464e-7
v -14.594762357998206 8.604831768721903 -4.695843705938291
v -14.627112486722126 8.604831570292449 -0.15630695832097843
v -14.966969807369878 8.866582898482875 3.875706478308464e-7
v -14.966969807369878 8.866582898482875 3.875706478308464e-7
v -14.966969807369878 8.86658311518624 -4.9575947109121365
v -14.594762357998206 8.604831768721903 -4.695843705938291
v -6.286127421049741 21.381385803222656 9.346100569018745e-7
v -6.024355057933462 21.009991645392624 -4.6958431636915305
v -6.286127421049741 21.38138601992602 -4.957594163872727
v -6.024355057933462 21.009991645392624 -4.6958431636915305
v -6.286127421049741 21.381385803222656 9.346100569018745e-7
v -6.024355057933462 21.055876022508375 -0.18430235345511797
v -6.286127421049741 21.381385803222656 9.346100569018745e-7
v -6.286127421049741 10.6906926212283 6.4144164631578064
v -6.024355057933462 10.72323520873685 5.959869373437274
v -6.286127421049741 21.381385803222656 9.346100569018745e-7
v -6.024355057933462 10.72323520873685 5.959869373437274
v -6.024355057933462 21.055876022508375 -0.18430235345511797
v -7.483484903684939 10.6906926212283 6.4144164631578064
v -7.483484903684939 21.381385803222656 9.346100569018745e-7
v -8.64665389245738 17.9804408370751 1.0435663600742773
v -7.483484903684939 10.6906926212283 6.4144164631578064
v -8.64665389245738 17.9804408370751 1.0435663600742773
v -8.64665389245738 12.004364850521814 4.6292202787970576
v -14.966969807369878 10.690692901611328 4.6730502845093724e-7
v -8.64665389245738 17.9804408370751 1.0435663600742773
v -7.483484903684939 21.381385803222656 9.346100569018745e-7
v -8.64665389245738 17.9804408370751 1.0435663600742773
v -14.966969807369878 10.690692901611328 4.6730502845093724e-7
v -12.82992162927485 12.004365007255736 1.0435660988517061
v -7.483484903684939 10.6906926212283 6.4144164631578064
v -12.82992162927485 12.004365007255736 1.0435660988517061
v -14.966969807369878 10.690692901611328 4.6730502845093724e-7
v -12.82992162927485 12.004365007255736 1.0435660988517061
v -7.483484903684939 10.6906926212283 6.4144164631578064
v -8.64665389245738 12.004364850521814 4.6292202787970576
v -8.64665389245738 12.004364850521814 4.6292202787970576
v -8.64665389245738 17.9804408370751 1.0435663600742773
v -8.636027058689479 17.208658833564744 0.9743398514291438
v -8.64665389245738 12.004364850521814 4.6292202787970576
v -8.636027058689479 17.208658833564744 0.9743398514291438
v -8.636048723997874 12.087495938712097 4.0470479572506495
v -12.82992162927485 12.004365007255736 1.0435660988517061
v -8.636027058689479 17.208658833564744 0.9743398514291438
v -8.64665389245738 17.9804408370751 1.0435663600742773
v -8.636027058689479 17.208658833564744 0.9743398514291438
v -12.82992162927485 12.004365007255736 1.0435660988517061
v -12.220851186506934 12.087496073024443 0.9743396275760099
v -8.64665389245738 12.004364850521814 4.6292202787970576
v -12.220851186506934 12.087496073024443 0.9743396275760099
v -12.82992162927485 12.004365007255736 1.0435660988517061
v -12.220851186506934 12.087496073024443 0.9743396275760099
v -8.64665389245738 12.004364850521814 4.6292202787970576
v -8.636048723997874 12.087495938712097 4.0470479572506495
v -13.87393205908802 10.34613194056501 -6.414415543609
v -14.966969807369878 8.866583178865904 -6.41441560828213
v -14.966969807369878 10.690693181994357 -6.4144155285477495
v -14.966969807369878 8.866583178865904 -6.41441560828213
v -13.87393205908802 10.34613194056501 -6.414415543609
v -13.87393205908802 8.866583178865904 -6.41441560828213
v -6.914376759467132 20.288348335323825 -6.4144151090209185
v -13.87393205908802 10.34613194056501 -6.414415543609
v -14.966969807369878 10.690693181994357 -6.4144155285477495
v -14.966969807369878 10.690693181994357 -6.4144155285477495
v -7.483484903684939 21.381386083605683 -6.414415061242721
v -6.914376759467132 20.288348335323825 -6.4144151090209185
v -6.286127421049741 21.381386083605683 -6.414415061242721
v -6.914376759467132 20.288348335323825 -6.4144151090209185
v -7.483484903684939 21.381386083605683 -6.414415061242721
v -6.914376759467132 20.288348335323825 -6.4144151090209185
v -6.286127421049741 21.381386083605683 -6.414415061242721
v -6.286127421049741 20.288348335323825 -6.4144151090209185
v -13.612160333186694 10.263621508835309 -6.04034806739674
v -13.87393205908802 8.866583178865904 -6.41441560828213
v -13.87393205908802 10.34613194056501 -6.414415543609
v -13.87393205908802 8.866583178865904 -6.41441560828213
v -13.612160333186694 10.263621508835309 -6.04034806739674
v -13.612160333186694 8.866583162514894 -6.040348128463226
v -6.778091774221366 20.026575318641584 -6.040347640644475
v -13.87393205908802 10.34613194056501 -6.414415543609
v -6.914376759467132 20.288348335323825 -6.4144151090209185
v -13.87393205908802 10.34613194056501 -6.414415543609
v -6.778091774221366 20.026575318641584 -6.040347640644475
v -13.612160333186694 10.263621508835309 -6.04034806739674
v -6.778091774221366 20.026575318641584 -6.040347640644475
v -6.286127421049741 20.288348335323825 -6.4144151090209185
v -6.286127421049741 20.026575318641584 -6.040347640644475
v -6.286127421049741 20.288348335323825 -6.4144151090209185
v -6.778091774221366 20.026575318641584 -6.040347640644475
v -6.914376759467132 20.288348335323825 -6.4144151090209185
v -7.35370014817272 5.683834768686872 6.063589905455789
v -14.627112486722126 5.683835040567205 -0.1563070860017919
v -14.627112486722126 1.7745609717495676 -0.15630725688158864
v -7.35370014817272 5.683834768686872 6.063589905455789
v -14.627112486722126 1.7745609717495676 -0.15630725688158864
v -7.35370014817272 1.7745606998692351 6.063589734575992
v -7.483484903684939 1.7750872498927155 -6.040348438442357
v -13.612160333186694 5.686572135989104 -6.040348267465922
v -7.483484903684939 5.686572135989104 -6.040348267465922
v -13.612160333186694 5.686572135989104 -6.040348267465922
v -7.483484903684939 1.7750872498927155 -6.040348438442357
v -13.612160333186694 1.7750872498927155 -6.040348438442357
v -14.966969807369878 5.686572152340113 -6.414415747284827
v -14.966969807369878 1.7750872662437243 -6.414415918261262
v -14.966969807369878 5.68657208866045 -4.957594849914833
v -14.966969807369878 5.68657208866045 -4.957594849914833
v -14.966969807369878 1.7750872662437243 -6.414415918261262
v -14.966969807369878 1.7750872025640605 -4.957595020891268
v -14.594762357998206 5.683835238996659 -4.695843833619104
v -14.594762357998206 1.774561170179021 -4.695844004498901
v -14.627112486722126 5.683835040567205 -0.1563070860017919
v -14.627112486722126 5.683835040567205 -0.1563070860017919
v -14.594762357998206 1.774561170179021 -4.695844004498901
v -14.627112486722126 1.7745609717495676 -0.15630725688158864
v -7.35370014817272 5.683834768686872 6.063589905455789
v -7.35370014817272 1.7745606998692351 6.063589734575992
v -6.547835425455787 5.683834769454182 6.046035907935963
v -6.547835425455787 5.683834769454182 6.046035907935963
v -7.35370014817272 1.7745606998692351 6.063589734575992
v -6.547835425455787 1.7745607006365447 6.046035737056166
v -6.286127421049741 1.7750872498927155 -6.040348438442357
v -7.483484903684939 5.686572135989104 -6.040348267465922
v -6.286127421049741 5.686572135989104 -6.040348267465922
v -7.483484903684939 5.686572135989104 -6.040348267465922
v -6.286127421049741 1.7750872498927155 -6.040348438442357
v -7.483484903684939 1.7750872498927155 -6.040348438442357
v -14.966969807369878 5.68657208866045 -4.957594849914833
v -14.966969807369878 1.7750872025640605 -4.957595020891268
v -14.594762357998206 5.683835238996659 -4.695843833619104
v -14.594762357998206 5.683835238996659 -4.695843833619104
v -14.966969807369878 1.7750872025640605 -4.957595020891268
v -14.594762357998206 1.774561170179021 -4.695844004498901
v -6.547835425455787 5.683834769454182 6.046035907935963
v -6.286127421049741 1.775086705477668 6.414416073444294
v -6.286127421049741 5.686571591574057 6.414416244420729
v -6.286127421049741 1.775086705477668 6.414416073444294
v -6.547835425455787 5.683834769454182 6.046035907935963
v -6.547835425455787 1.7745607006365447 6.046035737056166
v -13.87393205908802 1.7750872662437243 -6.414415918261262
v -14.966969807369878 5.686572152340113 -6.414415747284827
v -13.87393205908802 5.686572152340113 -6.414415747284827
v -14.966969807369878 5.686572152340113 -6.414415747284827
v -13.87393205908802 1.7750872662437243 -6.414415918261262
v -14.966969807369878 1.7750872662437243 -6.414415918261262
v -13.612160333186694 5.686572135989104 -6.040348267465922
v -13.612160333186694 1.7750872498927155 -6.040348438442357
v -13.87393205908802 5.686572152340113 -6.414415747284827
v -13.87393205908802 5.686572152340113 -6.414415747284827
v -13.612160333186694 1.7750872498927155 -6.040348438442357
v -13.87393205908802 1.7750872662437243 -6.414415918261262
v -1.8026111671395597 10.72323520873685 5.959869373437274
v -1.8026111671395597 21.055876022508375 -0.18430235345511797
v -5.489756563914625 21.055876022508375 -0.18430235345511797
v -5.489756563914625 21.055876022508375 -0.18430235345511797
v -5.489756563914625 10.72323520873685 5.959869373437274
v -1.8026111671395597 10.72323520873685 5.959869373437274
v -1.8026111671395597 21.009991645392624 -4.6958431636915305
v -5.489756563914625 21.009991645392624 -4.6958431636915305
v -1.8026111671395597 21.055876022508375 -0.18430235345511797
v -5.489756563914625 21.009991645392624 -4.6958431636915305
v -5.489756563914625 21.055876022508375 -0.18430235345511797
v -1.8026111671395597 21.055876022508375 -0.18430235345511797
v -1.4348685236384426 1.4062042550674836 6.155038347996286
v -5.123942292164429 1.4062042550674836 6.155038347996286
v -1.4348685236384426 -1.4062047931580206 6.155038225061982
v -5.123942292164429 1.4062042550674836 6.155038347996286
v -5.123942292164429 -1.4062047931580206 6.155038225061982
v -1.4348685236384426 -1.4062047931580206 6.155038225061982
v -5.4928139212581755 20.026575318641584 -6.040347640644475
v -1.8037508260826485 10.690693165643347 -6.040348048728845
v -5.4928139212581755 10.690693165643347 -6.040348048728845
v -1.8037508260826485 10.690693165643347 -6.040348048728845
v -5.4928139212581755 20.026575318641584 -6.040347640644475
v -1.8037508260826485 20.026575318641584 -6.040347640644475
v -5.4928139212581755 21.38138601992602 -4.957594163872727
v -1.8037508260826485 21.38138601992602 -4.957594163872727
v -5.4928139212581755 21.381386083605683 -6.414415061242721
v -1.8037508260826485 21.381386083605683 -6.414415061242721
v -5.4928139212581755 21.381386083605683 -6.414415061242721
v -1.8037508260826485 21.38138601992602 -4.957594163872727
v -5.4928139212581755 8.866582618099846 6.414416383423426
v -1.8037508260826485 8.866582618099846 6.414416383423426
v -5.4928139212581755 10.6906926212283 6.4144164631578064
v -1.8037508260826485 10.6906926212283 6.4144164631578064
v -5.4928139212581755 10.6906926212283 6.4144164631578064
v -1.8037508260826485 8.866582618099846 6.414416383423426
v -5.4928139212581755 10.690693165643347 -6.040348048728845
v -1.8037508260826485 8.866583162514894 -6.040348128463226
v -5.4928139212581755 8.866583162514894 -6.040348128463226
v -1.8037508260826485 8.866583162514894 -6.040348128463226
v -5.4928139212581755 10.690693165643347 -6.040348048728845
v -1.8037508260826485 10.690693165643347 -6.040348048728845
v -5.4928139212581755 10.6906926212283 6.4144164631578064
v -1.8037508260826485 10.6906926212283 6.4144164631578064
v -5.489756563914625 10.72323520873685 5.959869373437274
v -1.8026111671395597 10.72323520873685 5.959869373437274
v -5.489756563914625 10.72323520873685 5.959869373437274
v -1.8037508260826485 10.6906926212283 6.4144164631578064
v -1.8037508260826485 21.38138601992602 -4.957594163872727
v -5.4928139212581755 21.38138601992602 -4.957594163872727
v -5.489756563914625 21.009991645392624 -4.6958431636915305
v -1.8037508260826485 21.38138601992602 -4.957594163872727
v -5.489756563914625 21.009991645392624 -4.6958431636915305
v -1.8026111671395597 21.009991645392624 -4.6958431636915305
v -1.8037508260826485 21.381386083605683 -6.414415061242721
v -5.4928139212581755 20.288348335323825 -6.4144151090209185
v -5.4928139212581755 21.381386083605683 -6.414415061242721
v -5.4928139212581755 20.288348335323825 -6.4144151090209185
v -1.8037508260826485 21.381386083605683 -6.414415061242721
v -1.8037508260826485 20.288348335323825 -6.4144151090209185
v -5.4928139212581755 20.288348335323825 -6.4144151090209185
v -1.8037508260826485 20.288348335323825 -6.4144151090209185
v -5.4928139212581755 20.026575318641584 -6.040347640644475
v -1.8037508260826485 20.026575318641584 -6.040347640644475
v -5.4928139212581755 20.026575318641584 -6.040347640644475
v -1.8037508260826485 20.288348335323825 -6.4144151090209185
v -1.8037508260826485 8.866582618099846 6.414416383423426
v -5.4928139212581755 8.866582618099846 6.414416383423426
v -1.8037508260826485 5.686571591574057 6.414416244420729
v -5.4928139212581755 8.866582618099846 6.414416383423426
v -5.4928139212581755 5.686571591574057 6.414416244420729
v -1.8037508260826485 5.686571591574057 6.414416244420729
v -1.8037508260826485 5.686572135989104 -6.040348267465922
v -5.4928139212581755 1.7750872498927155 -6.040348438442357
v -5.4928139212581755 5.686572135989104 -6.040348267465922
v -5.4928139212581755 1.7750872498927155 -6.040348438442357
v -1.8037508260826485 5.686572135989104 -6.040348267465922
v -1.8037508260826485 1.7750872498927155 -6.040348438442357
v -5.489756563914625 10.72323520873685 5.959869373437274
v -5.489756563914625 21.055876022508375 -0.18430235345511797
v -6.024355057933462 21.055876022508375 -0.18430235345511797
v -6.024355057933462 21.055876022508375 -0.18430235345511797
v -6.024355057933462 10.72323520873685 5.959869373437274
v -5.489756563914625 10.72323520873685 5.959869373437274
v -5.489756563914625 21.055876022508375 -0.18430235345511797
v -5.489756563914625 21.009991645392624 -4.6958431636915305
v -6.024355057933462 21.009991645392624 -4.6958431636915305
v -6.024355057933462 21.009991645392624 -4.6958431636915305
v -6.024355057933462 21.055876022508375 -0.18430235345511797
v -5.489756563914625 21.055876022508375 -0.18430235345511797
v -5.4928139212581755 -1.7750872662437243 6.414415918261262
v -5.4928139212581755 1.775086705477668 6.414416073444294
v -6.286127421049741 1.775086705477668 6.414416073444294
v -6.286127421049741 1.775086705477668 6.414416073444294
v -6.286127421049741 -1.7750872662437243 6.414415918261262
v -5.4928139212581755 -1.7750872662437243 6.414415918261262
v -5.4928139212581755 20.026575318641584 -6.040347640644475
v -6.286127421049741 10.690693165643347 -6.040348048728845
v -6.286127421049741 20.026575318641584 -6.040347640644475
v -6.286127421049741 10.690693165643347 -6.040348048728845
v -5.4928139212581755 20.026575318641584 -6.040347640644475
v -5.4928139212581755 10.690693165643347 -6.040348048728845
v -5.4928139212581755 21.38138601992602 -4.957594163872727
v -5.4928139212581755 21.381386083605683 -6.414415061242721
v -6.286127421049741 21.381386083605683 -6.414415061242721
v -6.286127421049741 21.381386083605683 -6.414415061242721
v -6.286127421049741 21.38138601992602 -4.957594163872727
v -5.4928139212581755 21.38138601992602 -4.957594163872727
v -5.4928139212581755 10.6906926212283 6.4144164631578064
v -6.286127421049741 8.866582618099846 6.414416383423426
v -5.4928139212581755 8.866582618099846 6.414416383423426
v -6.286127421049741 8.866582618099846 6.414416383423426
v -5.4928139212581755 10.6906926212283 6.4144164631578064
v -6.286127421049741 10.6906926212283 6.4144164631578064
v -5.4928139212581755 10.690693165643347 -6.040348048728845
v -6.286127421049741 8.866583162514894 -6.040348128463226
v -6.286127421049741 10.690693165643347 -6.040348048728845
v -6.286127421049741 8.866583162514894 -6.040348128463226
v -5.4928139212581755 10.690693165643347 -6.040348048728845
v -5.4928139212581755 8.866583162514894 -6.040348128463226
v -5.489756563914625 10.72323520873685 5.959869373437274
v -6.024355057933462 10.72323520873685 5.959869373437274
v -5.4928139212581755 10.6906926212283 6.4144164631578064
v -6.024355057933462 10.72323520873685 5.959869373437274
v -6.286127421049741 10.6906926212283 6.4144164631578064
v -5.4928139212581755 10.6906926212283 6.4144164631578064
v -6.286127421049741 21.38138601992602 -4.957594163872727
v -6.024355057933462 21.009991645392624 -4.6958431636915305
v -5.4928139212581755 21.38138601992602 -4.957594163872727
v -5.4928139212581755 21.38138601992602 -4.957594163872727
v -6.024355057933462 21.009991645392624 -4.6958431636915305
v -5.489756563914625 21.009991645392624 -4.6958431636915305
v -5.4928139212581755 21.381386083605683 -6.414415061242721
v -6.286127421049741 20.288348335323825 -6.4144151090209185
v -6.286127421049741 21.381386083605683 -6.414415061242721
v -6.286127421049741 20.288348335323825 -6.4144151090209185
v -5.4928139212581755 21.381386083605683 -6.414415061242721
v -5.4928139212581755 20.288348335323825 -6.4144151090209185
v -6.286127421049741 20.288348335323825 -6.4144151090209185
v -5.4928139212581755 20.288348335323825 -6.4144151090209185
v -6.286127421049741 20.026575318641584 -6.040347640644475
v -5.4928139212581755 20.026575318641584 -6.040347640644475
v -6.286127421049741 20.026575318641584 -6.040347640644475
v -5.4928139212581755 20.288348335323825 -6.4144151090209185
v -5.4928139212581755 5.686571591574057 6.414416244420729
v -5.4928139212581755 8.866582618099846 6.414416383423426
v -6.286127421049741 8.866582618099846 6.414416383423426
v -6.286127421049741 8.866582618099846 6.414416383423426
v -6.286127421049741 5.686571591574057 6.414416244420729
v -5.4928139212581755 5.686571591574057 6.414416244420729
v -5.4928139212581755 5.686572135989104 -6.040348267465922
v -6.286127421049741 1.7750872498927155 -6.040348438442357
v -6.286127421049741 5.686572135989104 -6.040348267465922
v -6.286127421049741 1.7750872498927155 -6.040348438442357
v -5.4928139212581755 5.686572135989104 -6.040348267465922
v -5.4928139212581755 1.7750872498927155 -6.040348438442357
v -7.35370014817272 8.604831298412117 6.063590033136602
v -14.627112486722126 8.604831570292449 -0.15630695832097843
v -14.627112486722126 5.683835040567205 -0.1563070860017919
v -7.35370014817272 8.604831298412117 6.063590033136602
v -14.627112486722126 5.683835040567205 -0.1563070860017919
v -7.35370014817272 5.683834768686872 6.063589905455789
v 1.4348685236384426 5.317678627117151 6.155038518972261
v -1.4348685236384426 5.317678627117151 6.155038518972261
v 1.4348685236384426 1.4062042550674836 6.155038347996286
v -1.4348685236384426 5.317678627117151 6.155038518972261
v -1.4348685236384426 1.4062042550674836 6.155038347996286
v 1.4348685236384426 1.4062042550674836 6.155038347996286
v -13.612160333186694 8.866583162514894 -6.040348128463226
v -7.483484903684939 8.866583162514894 -6.040348128463226
v -7.483484903684939 5.686572135989104 -6.040348267465922
v -13.612160333186694 8.866583162514894 -6.040348128463226
v -7.483484903684939 5.686572135989104 -6.040348267465922
v -13.612160333186694 5.686572135989104 -6.040348267465922
v -14.966969807369878 8.866583178865904 -6.41441560828213
v -14.966969807369878 5.686572152340113 -6.414415747284827
v -14.966969807369878 8.86658311518624 -4.9575947109121365
v -14.966969807369878 8.86658311518624 -4.9575947109121365
v -14.966969807369878 5.686572152340113 -6.414415747284827
v -14.966969807369878 5.68657208866045 -4.957594849914833
v -14.594762357998206 8.604831768721903 -4.695843705938291
v -14.627112486722126 5.683835040567205 -0.1563070860017919
v -14.627112486722126 8.604831570292449 -0.15630695832097843
v -14.627112486722126 5.683835040567205 -0.1563070860017919
v -14.594762357998206 8.604831768721903 -4.695843705938291
v -14.594762357998206 5.683835238996659 -4.695843833619104
v -7.35370014817272 8.604831298412117 6.063590033136602
v -7.35370014817272 5.683834768686872 6.063589905455789
v -6.547835425455787 8.604831299179427 6.046036035616776
v -6.547835425455787 8.604831299179427 6.046036035616776
v -7.35370014817272 5.683834768686872 6.063589905455789
v -6.547835425455787 5.683834769454182 6.046035907935963
v -6.286127421049741 8.866583162514894 -6.040348128463226
v -6.286127421049741 5.686572135989104 -6.040348267465922
v -7.483484903684939 8.866583162514894 -6.040348128463226
v -7.483484903684939 8.866583162514894 -6.040348128463226
v -6.286127421049741 5.686572135989104 -6.040348267465922
v -7.483484903684939 5.686572135989104 -6.040348267465922
v -14.966969807369878 8.86658311518624 -4.9575947109121365
v -14.966969807369878 5.68657208866045 -4.957594849914833
v -14.594762357998206 8.604831768721903 -4.695843705938291
v -14.594762357998206 8.604831768721903 -4.695843705938291
v -14.966969807369878 5.68657208866045 -4.957594849914833
v -14.594762357998206 5.683835238996659 -4.695843833619104
v -6.547835425455787 8.604831299179427 6.046036035616776
v -6.286127421049741 5.686571591574057 6.414416244420729
v -6.286127421049741 8.866582618099846 6.414416383423426
v -6.286127421049741 5.686571591574057 6.414416244420729
v -6.547835425455787 8.604831299179427 6.046036035616776
v -6.547835425455787 5.683834769454182 6.046035907935963
v -13.87393205908802 5.686572152340113 -6.414415747284827
v -14.966969807369878 8.866583178865904 -6.41441560828213
v -13.87393205908802 8.866583178865904 -6.41441560828213
v -14.966969807369878 8.866583178865904 -6.41441560828213
v -13.87393205908802 5.686572152340113 -6.414415747284827
v -14.966969807369878 5.686572152340113 -6.414415747284827
v -13.612160333186694 8.866583162514894 -6.040348128463226
v -13.612160333186694 5.686572135989104 -6.040348267465922
v -13.87393205908802 8.866583178865904 -6.41441560828213
v -13.87393205908802 8.866583178865904 -6.41441560828213
v -13.612160333186694 5.686572135989104 -6.040348267465922
v -13.87393205908802 5.686572152340113 -6.414415747284827
v -1.8037508260826485 5.686571591574057 6.414416244420729
v -5.4928139212581755 5.686571591574057 6.414416244420729
v -5.4928139212581755 1.775086705477668 6.414416073444294
v -1.8037508260826485 5.686571591574057 6.414416244420729
v -5.4928139212581755 1.775086705477668 6.414416073444294
v -1.8037508260826485 1.775086705477668 6.414416073444294
v -1.8037508260826485 8.866583162514894 -6.040348128463226
v -1.8037508260826485 5.686572135989104 -6.040348267465922
v -5.4928139212581755 8.866583162514894 -6.040348128463226
v -5.4928139212581755 8.866583162514894 -6.040348128463226
v -1.8037508260826485 5.686572135989104 -6.040348267465922
v -5.4928139212581755 5.686572135989104 -6.040348267465922
v -6.286127421049741 5.686571591574057 6.414416244420729
v -6.286127421049741 1.775086705477668 6.414416073444294
v -5.4928139212581755 5.686571591574057 6.414416244420729
v -5.4928139212581755 5.686571591574057 6.414416244420729
v -6.286127421049741 1.775086705477668 6.414416073444294
v -5.4928139212581755 1.775086705477668 6.414416073444294
v -5.4928139212581755 8.866583162514894 -6.040348128463226
v -5.4928139212581755 5.686572135989104 -6.040348267465922
v -6.286127421049741 8.866583162514894 -6.040348128463226
v -6.286127421049741 8.866583162514894 -6.040348128463226
v -5.4928139212581755 5.686572135989104 -6.040348267465922
v -6.286127421049741 5.686572135989104 -6.040348267465922
v 1.8037508260826485 20.026575318641584 -6.040347640644475
v -1.8037508260826485 10.690693165643347 -6.040348048728845
v -1.8037508260826485 20.026575318641584 -6.040347640644475
v -1.8037508260826485 10.690693165643347 -6.040348048728845
v 1.8037508260826485 20.026575318641584 -6.040347640644475
v 1.8037508260826485 10.690693165643347 -6.040348048728845
v -1.8026111671395597 21.009991645392624 -4.6958431636915305
v 1.8026111671395597 21.009991645392624 -4.6958431636915305
v -1.8037508260826485 21.38138601992602 -4.957594163872727
v 1.8037508260826485 21.38138601992602 -4.957594163872727
v -1.8037508260826485 21.38138601992602 -4.957594163872727
v 1.8026111671395597 21.009991645392624 -4.6958431636915305
v 1.8037508260826485 8.866582618099846 6.414416383423426
v -1.8037508260826485 8.866582618099846 6.414416383423426
v 1.8037508260826485 5.686571591574057 6.414416244420729
v -1.8037508260826485 8.866582618099846 6.414416383423426
v -1.8037508260826485 5.686571591574057 6.414416244420729
v 1.8037508260826485 5.686571591574057 6.414416244420729
v 1.4348685236384426 5.3176791752706185 -6.385251072234795
v -1.4348685236384426 1.406204803220951 -6.38525124321077
v -1.4348685236384426 5.3176791752706185 -6.385251072234795
v -1.4348685236384426 1.406204803220951 -6.38525124321077
v 1.4348685236384426 5.3176791752706185 -6.385251072234795
v 1.4348685236384426 1.406204803220951 -6.38525124321077
v -1.8026111671395597 21.055876022508375 -0.18430235345511797
v -1.8026111671395597 10.72323520873685 5.959869373437274
v 1.8026111671395597 21.055876022508375 -0.18430235345511797
v 1.8026111671395597 21.055876022508375 -0.18430235345511797
v -1.8026111671395597 10.72323520873685 5.959869373437274
v 1.8026111671395597 10.72323520873685 5.959869373437274
v 7.35370014817272 -1.7745612299650788 6.063589579438946
v 14.627112486722126 -1.7745609580847463 -0.1563074120186354
v 7.35370014817272 1.7745606998692351 6.063589734575992
v 14.627112486722126 1.7745609717495676 -0.15630725688158864
v 7.35370014817272 1.7745606998692351 6.063589734575992
v 14.627112486722126 -1.7745609580847463 -0.1563074120186354
v -1.4348685236384426 1.406204803220951 -6.38525124321077
v 1.4348685236384426 1.406204803220951 -6.38525124321077
v 1.4348685236384426 -1.406204245004553 -6.3852513661450745
v -1.4348685236384426 1.406204803220951 -6.38525124321077
v 1.4348685236384426 -1.406204245004553 -6.3852513661450745
v -1.4348685236384426 -1.406204245004553 -6.3852513661450745
v 7.483484903684939 1.7750872498927155 -6.040348438442357
v 13.612160333186694 1.7750872498927155 -6.040348438442357
v 7.483484903684939 -1.7750867218286768 -6.04034859362539
v 13.612160333186694 1.7750872498927155 -6.040348438442357
v 13.612160333186694 -1.7750867218286768 -6.04034859362539
v 7.483484903684939 -1.7750867218286768 -6.04034859362539
v 14.966969807369878 -1.775086705477668 -6.414416073444294
v 14.966969807369878 1.7750872662437243 -6.414415918261262
v 14.966969807369878 1.7750872025640605 -4.957595020891268
v 14.966969807369878 1.7750872025640605 -4.957595020891268
v 14.966969807369878 -1.7750867691573318 -4.9575951760743004
v 14.966969807369878 -1.775086705477668 -6.414416073444294
v 7.483484903684939 21.38138601992602 -4.957594163872727
v 14.966969807369878 10.690693118314693 -4.957594631177756
v 7.483484903684939 21.381386083605683 -6.414415061242721
v 7.483484903684939 21.381386083605683 -6.414415061242721
v 14.966969807369878 10.690693118314693 -4.957594631177756
v 14.966969807369878 10.690693181994357 -6.4144155285477495
v 8.636027058689479 17.208658833564744 0.9743398514291438
v 8.636048723997874 12.087495938712097 4.0470479572506495
v 12.220851186506934 12.087496073024443 0.9743396275760099
v 13.612160333186694 10.263621508835309 -6.04034806739674
v 7.483484903684939 10.690693165643347 -6.040348048728845
v 6.778091774221366 20.026575318641584 -6.040347640644475
v 7.483484903684939 21.381385803222656 9.346100569018745e-7
v 14.966969807369878 10.690692901611328 4.6730502845093724e-7
v 7.483484903684939 21.38138601992602 -4.957594163872727
v 7.483484903684939 21.38138601992602 -4.957594163872727
v 14.966969807369878 10.690692901611328 4.6730502845093724e-7
v 14.966969807369878 10.690693118314693 -4.957594631177756
v 7.483484903684939 10.6906926212283 6.4144164631578064
v 14.966969807369878 8.866582898482875 3.875706478308464e-7
v 14.966969807369878 10.690692901611328 4.6730502845093724e-7
v 14.966969807369878 8.866582898482875 3.875706478308464e-7
v 7.483484903684939 10.6906926212283 6.4144164631578064
v 7.483484903684939 8.866582618099846 6.414416383423426
v -1.8037508260826485 10.690693165643347 -6.040348048728845
v 1.8037508260826485 10.690693165643347 -6.040348048728845
v 1.8037508260826485 8.866583162514894 -6.040348128463226
v -1.8037508260826485 10.690693165643347 -6.040348048728845
v 1.8037508260826485 8.866583162514894 -6.040348128463226
v -1.8037508260826485 8.866583162514894 -6.040348128463226
v 13.612160333186694 10.263621508835309 -6.04034806739674
v 7.483484903684939 8.866583162514894 -6.040348128463226
v 7.483484903684939 10.690693165643347 -6.040348048728845
v 7.483484903684939 8.866583162514894 -6.040348128463226
v 13.612160333186694 10.263621508835309 -6.04034806739674
v 13.612160333186694 8.866583162514894 -6.040348128463226
v 14.966969807369878 10.690693118314693 -4.957594631177756
v 14.966969807369878 8.866583178865904 -6.41441560828213
v 14.966969807369878 10.690693181994357 -6.4144155285477495
v 14.966969807369878 8.866583178865904 -6.41441560828213
v 14.966969807369878 10.690693118314693 -4.957594631177756
v 14.966969807369878 8.86658311518624 -4.9575947109121365
v 14.966969807369878 10.690692901611328 4.6730502845093724e-7
v 14.966969807369878 8.86658311518624 -4.9575947109121365
v 14.966969807369878 10.690693118314693 -4.957594631177756
v 14.966969807369878 8.86658311518624 -4.9575947109121365
v 14.966969807369878 10.690692901611328 4.6730502845093724e-7
v 14.966969807369878 8.866582898482875 3.875706478308464e-7
v 6.286127421049741 21.381385803222656 9.346100569018745e-7
v 6.286127421049741 10.6906926212283 6.4144164631578064
v 7.483484903684939 21.381385803222656 9.346100569018745e-7
v 7.483484903684939 21.381385803222656 9.346100569018745e-7
v 6.286127421049741 10.6906926212283 6.4144164631578064
v 7.483484903684939 10.6906926212283 6.4144164631578064
v 6.286127421049741 21.38138601992602 -4.957594163872727
v 6.286127421049741 21.381385803222656 9.346100569018745e-7
v 7.483484903684939 21.38138601992602 -4.957594163872727
v 7.483484903684939 21.38138601992602 -4.957594163872727
v 6.286127421049741 21.381385803222656 9.346100569018745e-7
v 7.483484903684939 21.381385803222656 9.346100569018745e-7
v 7.35370014817272 -1.7745612299650788 6.063589579438946
v 7.35370014817272 1.7745606998692351 6.063589734575992
v 6.547835425455787 1.7745607006365447 6.046035737056166
v 6.547835425455787 1.7745607006365447 6.046035737056166
v 6.547835425455787 -1.7745612291977693 6.04603558191912
v 7.35370014817272 -1.7745612299650788 6.063589579438946
v 6.778091774221366 20.026575318641584 -6.040347640644475
v 6.286127421049741 10.690693165643347 -6.040348048728845
v 6.286127421049741 20.026575318641584 -6.040347640644475
v 6.286127421049741 10.690693165643347 -6.040348048728845
v 6.778091774221366 20.026575318641584 -6.040347640644475
v 7.483484903684939 10.690693165643347 -6.040348048728845
v 7.483484903684939 21.381386083605683 -6.414415061242721
v 6.286127421049741 21.381386083605683 -6.414415061242721
v 6.286127421049741 21.38138601992602 -4.957594163872727
v 7.483484903684939 21.381386083605683 -6.414415061242721
v 6.286127421049741 21.38138601992602 -4.957594163872727
v 7.483484903684939 21.38138601992602 -4.957594163872727
v 7.483484903684939 10.6906926212283 6.4144164631578064
v 6.286127421049741 10.6906926212283 6.4144164631578064
v 6.286127421049741 8.866582618099846 6.414416383423426
v 7.483484903684939 10.6906926212283 6.4144164631578064
v 6.286127421049741 8.866582618099846 6.414416383423426
v 7.483484903684939 8.866582618099846 6.414416383423426
v 7.483484903684939 10.690693165643347 -6.040348048728845
v 7.483484903684939 8.866583162514894 -6.040348128463226
v 6.286127421049741 10.690693165643347 -6.040348048728845
v 6.286127421049741 10.690693165643347 -6.040348048728845
v 7.483484903684939 8.866583162514894 -6.040348128463226
v 6.286127421049741 8.866583162514894 -6.040348128463226
v 6.547835425455787 8.604831299179427 6.046036035616776
v 7.483484903684939 8.866582618099846 6.414416383423426
v 6.286127421049741 8.866582618099846 6.414416383423426
v 7.483484903684939 8.866582618099846 6.414416383423426
v 6.547835425455787 8.604831299179427 6.046036035616776
v 7.35370014817272 8.604831298412117 6.063590033136602
v 14.966969807369878 8.866582898482875 3.875706478308464e-7
v 7.483484903684939 8.866582618099846 6.414416383423426
v 14.627112486722126 8.604831570292449 -0.15630695832097843
v 14.627112486722126 8.604831570292449 -0.15630695832097843
v 7.483484903684939 8.866582618099846 6.414416383423426
v 7.35370014817272 8.604831298412117 6.063590033136602
v 14.594762357998206 8.604831768721903 -4.695843705938291
v 14.966969807369878 8.866582898482875 3.875706478308464e-7
v 14.627112486722126 8.604831570292449 -0.15630695832097843
v 14.966969807369878 8.86658311518624 -4.9575947109121365
v 14.966969807369878 8.866582898482875 3.875706478308464e-7
v 14.594762357998206 8.604831768721903 -4.695843705938291
v 1.8026111671395597 10.72323520873685 5.959869373437274
v -1.8026111671395597 10.72323520873685 5.959869373437274
v -1.8037508260826485 10.6906926212283 6.4144164631578064
v 1.8026111671395597 10.72323520873685 5.959869373437274
v -1.8037508260826485 10.6906926212283 6.4144164631578064
v 1.8037508260826485 10.6906926212283 6.4144164631578064
v 6.024355057933462 21.009991645392624 -4.6958431636915305
v 6.286127421049741 21.381385803222656 9.346100569018745e-7
v 6.286127421049741 21.38138601992602 -4.957594163872727
v 6.286127421049741 21.381385803222656 9.346100569018745e-7
v 6.024355057933462 21.009991645392624 -4.6958431636915305
v 6.024355057933462 21.055876022508375 -0.18430235345511797
v 6.286127421049741 21.381385803222656 9.346100569018745e-7
v 6.024355057933462 10.72323520873685 5.959869373437274
v 6.286127421049741 10.6906926212283 6.4144164631578064
v 6.024355057933462 10.72323520873685 5.959869373437274
v 6.286127421049741 21.381385803222656 9.346100569018745e-7
v 6.024355057933462 21.055876022508375 -0.18430235345511797
v 7.483484903684939 21.381385803222656 9.346100569018745e-7
v 7.483484903684939 10.6906926212283 6.4144164631578064
v 8.64665389245738 17.9804408370751 1.0435663600742773
v 8.64665389245738 17.9804408370751 1.0435663600742773
v 7.483484903684939 10.6906926212283 6.4144164631578064
v 8.64665389245738 12.004364850521814 4.6292202787970576
v 8.64665389245738 17.9804408370751 1.0435663600742773
v 14.966969807369878 10.690692901611328 4.6730502845093724e-7
v 7.483484903684939 21.381385803222656 9.346100569018745e-7
v 14.966969807369878 10.690692901611328 4.6730502845093724e-7
v 8.64665389245738 17.9804408370751 1.0435663600742773
v 12.82992162927485 12.004365007255736 1.0435660988517061
v 7.483484903684939 10.6906926212283 6.4144164631578064
v 12.82992162927485 12.004365007255736 1.0435660988517061
v 8.64665389245738 12.004364850521814 4.6292202787970576
v 12.82992162927485 12.004365007255736 1.0435660988517061
v 7.483484903684939 10.6906926212283 6.4144164631578064
v 14.966969807369878 10.690692901611328 4.6730502845093724e-7
v 8.636027058689479 17.208658833564744 0.9743398514291438
v 8.64665389245738 12.004364850521814 4.6292202787970576
v 8.636048723997874 12.087495938712097 4.0470479572506495
v 8.64665389245738 17.9804408370751 1.0435663600742773
v 8.64665389245738 12.004364850521814 4.6292202787970576
v 8.636027058689479 17.208658833564744 0.9743398514291438
v 12.82992162927485 12.004365007255736 1.0435660988517061
v 8.636027058689479 17.208658833564744 0.9743398514291438
v 12.220851186506934 12.087496073024443 0.9743396275760099
v 8.636027058689479 17.208658833564744 0.9743398514291438
v 12.82992162927485 12.004365007255736 1.0435660988517061
v 8.64665389245738 17.9804408370751 1.0435663600742773
v 12.220851186506934 12.087496073024443 0.9743396275760099
v 8.64665389245738 12.004364850521814 4.6292202787970576
v 12.82992162927485 12.004365007255736 1.0435660988517061
v 8.64665389245738 12.004364850521814 4.6292202787970576
v 12.220851186506934 12.087496073024443 0.9743396275760099
v 8.636048723997874 12.087495938712097 4.0470479572506495
v 13.87393205908802 10.34613194056501 -6.414415543609
v 14.966969807369878 10.690693181994357 -6.4144155285477495
v 14.966969807369878 8.866583178865904 -6.41441560828213
v 13.87393205908802 10.34613194056501 -6.414415543609
v 14.966969807369878 8.866583178865904 -6.41441560828213
v 13.87393205908802 8.866583178865904 -6.41441560828213
v 6.914376759467132 20.288348335323825 -6.4144151090209185
v 14.966969807369878 10.690693181994357 -6.4144155285477495
v 13.87393205908802 10.34613194056501 -6.414415543609
v 14.966969807369878 10.690693181994357 -6.4144155285477495
v 6.914376759467132 20.288348335323825 -6.4144151090209185
v 7.483484903684939 21.381386083605683 -6.414415061242721
v 6.914376759467132 20.288348335323825 -6.4144151090209185
v 6.286127421049741 21.381386083605683 -6.414415061242721
v 7.483484903684939 21.381386083605683 -6.414415061242721
v 6.286127421049741 21.381386083605683 -6.414415061242721
v 6.914376759467132 20.288348335323825 -6.4144151090209185
v 6.286127421049741 20.288348335323825 -6.4144151090209185
v -1.8037508260826485 21.381386083605683 -6.414415061242721
v 1.8037508260826485 21.381386083605683 -6.414415061242721
v 1.8037508260826485 20.288348335323825 -6.4144151090209185
v -1.8037508260826485 21.381386083605683 -6.414415061242721
v 1.8037508260826485 20.288348335323825 -6.4144151090209185
v -1.8037508260826485 20.288348335323825 -6.4144151090209185
v 13.87393205908802 10.34613194056501 -6.414415543609
v 13.87393205908802 8.866583178865904 -6.41441560828213
v 13.612160333186694 10.263621508835309 -6.04034806739674
v 13.612160333186694 10.263621508835309 -6.04034806739674
v 13.87393205908802 8.866583178865904 -6.41441560828213
v 13.612160333186694 8.866583162514894 -6.040348128463226
v 6.914376759467132 20.288348335323825 -6.4144151090209185
v 13.87393205908802 10.34613194056501 -6.414415543609
v 6.778091774221366 20.026575318641584 -6.040347640644475
v 6.778091774221366 20.026575318641584 -6.040347640644475
v 13.87393205908802 10.34613194056501 -6.414415543609
v 13.612160333186694 10.263621508835309 -6.04034806739674
v 6.286127421049741 20.288348335323825 -6.4144151090209185
v 6.778091774221366 20.026575318641584 -6.040347640644475
v 6.286127421049741 20.026575318641584 -6.040347640644475
v 6.778091774221366 20.026575318641584 -6.040347640644475
v 6.286127421049741 20.288348335323825 -6.4144151090209185
v 6.914376759467132 20.288348335323825 -6.4144151090209185
v 1.8037508260826485 20.026575318641584 -6.040347640644475
v -1.8037508260826485 20.026575318641584 -6.040347640644475
v -1.8037508260826485 20.288348335323825 -6.4144151090209185
v 1.8037508260826485 20.026575318641584 -6.040347640644475
v -1.8037508260826485 20.288348335323825 -6.4144151090209185
v 1.8037508260826485 20.288348335323825 -6.4144151090209185
v 7.35370014817272 5.683834768686872 6.063589905455789
v 14.627112486722126 1.7745609717495676 -0.15630725688158864
v 14.627112486722126 5.683835040567205 -0.1563070860017919
v 14.627112486722126 1.7745609717495676 -0.15630725688158864
v 7.35370014817272 5.683834768686872 6.063589905455789
v 7.35370014817272 1.7745606998692351 6.063589734575992
v -1.8037508260826485 8.866583162514894 -6.040348128463226
v 1.8037508260826485 8.866583162514894 -6.040348128463226
v 1.8037508260826485 5.686572135989104 -6.040348267465922
v -1.8037508260826485 8.866583162514894 -6.040348128463226
v 1.8037508260826485 5.686572135989104 -6.040348267465922
v -1.8037508260826485 5.686572135989104 -6.040348267465922
v 13.612160333186694 5.686572135989104 -6.040348267465922
v 7.483484903684939 1.7750872498927155 -6.040348438442357
v 7.483484903684939 5.686572135989104 -6.040348267465922
v 7.483484903684939 1.7750872498927155 -6.040348438442357
v 13.612160333186694 5.686572135989104 -6.040348267465922
v 13.612160333186694 1.7750872498927155 -6.040348438442357
v 14.966969807369878 5.68657208866045 -4.957594849914833
v 14.966969807369878 1.7750872662437243 -6.414415918261262
v 14.966969807369878 5.686572152340113 -6.414415747284827
v 14.966969807369878 1.7750872662437243 -6.414415918261262
v 14.966969807369878 5.68657208866045 -4.957594849914833
v 14.966969807369878 1.7750872025640605 -4.957595020891268
v 14.627112486722126 5.683835040567205 -0.1563070860017919
v 14.594762357998206 1.774561170179021 -4.695844004498901
v 14.594762357998206 5.683835238996659 -4.695843833619104
v 14.594762357998206 1.774561170179021 -4.695844004498901
v 14.627112486722126 5.683835040567205 -0.1563070860017919
v 14.627112486722126 1.7745609717495676 -0.15630725688158864
v 6.547835425455787 5.683834769454182 6.046035907935963
v 7.35370014817272 1.7745606998692351 6.063589734575992
v 7.35370014817272 5.683834768686872 6.063589905455789
v 7.35370014817272 1.7745606998692351 6.063589734575992
v 6.547835425455787 5.683834769454182 6.046035907935963
v 6.547835425455787 1.7745607006365447 6.046035737056166
v 7.483484903684939 5.686572135989104 -6.040348267465922
v 6.286127421049741 1.7750872498927155 -6.040348438442357
v 6.286127421049741 5.686572135989104 -6.040348267465922
v 6.286127421049741 1.7750872498927155 -6.040348438442357
v 7.483484903684939 5.686572135989104 -6.040348267465922
v 7.483484903684939 1.7750872498927155 -6.040348438442357
v 14.594762357998206 5.683835238996659 -4.695843833619104
v 14.966969807369878 1.7750872025640605 -4.957595020891268
v 14.966969807369878 5.68657208866045 -4.957594849914833
v 14.966969807369878 1.7750872025640605 -4.957595020891268
v 14.594762357998206 5.683835238996659 -4.695843833619104
v 14.594762357998206 1.774561170179021 -4.695844004498901
v 6.286127421049741 5.686571591574057 6.414416244420729
v 6.286127421049741 1.775086705477668 6.414416073444294
v 6.547835425455787 5.683834769454182 6.046035907935963
v 6.547835425455787 5.683834769454182 6.046035907935963
v 6.286127421049741 1.775086705477668 6.414416073444294
v 6.547835425455787 1.7745607006365447 6.046035737056166
v 14.966969807369878 5.686572152340113 -6.414415747284827
v 13.87393205908802 1.7750872662437243 -6.414415918261262
v 13.87393205908802 5.686572152340113 -6.414415747284827
v 13.87393205908802 1.7750872662437243 -6.414415918261262
v 14.966969807369878 5.686572152340113 -6.414415747284827
v 14.966969807369878 1.7750872662437243 -6.414415918261262
v 13.87393205908802 5.686572152340113 -6.414415747284827
v 13.612160333186694 1.7750872498927155 -6.040348438442357
v 13.612160333186694 5.686572135989104 -6.040348267465922
v 13.612160333186694 1.7750872498927155 -6.040348438442357
v 13.87393205908802 5.686572152340113 -6.414415747284827
v 13.87393205908802 1.7750872662437243 -6.414415918261262
v 1.8026111671395597 21.055876022508375 -0.18430235345511797
v 1.8026111671395597 10.72323520873685 5.959869373437274
v 5.489756563914625 21.055876022508375 -0.18430235345511797
v 5.489756563914625 21.055876022508375 -0.18430235345511797
v 1.8026111671395597 10.72323520873685 5.959869373437274
v 5.489756563914625 10.72323520873685 5.959869373437274
v 5.489756563914625 21.009991645392624 -4.6958431636915305
v 1.8026111671395597 21.009991645392624 -4.6958431636915305
v 1.8026111671395597 21.055876022508375 -0.18430235345511797
v 5.489756563914625 21.009991645392624 -4.6958431636915305
v 1.8026111671395597 21.055876022508375 -0.18430235345511797
v 5.489756563914625 21.055876022508375 -0.18430235345511797
v 5.123942292164429 1.4062042550674836 6.155038347996286
v 1.4348685236384426 1.4062042550674836 6.155038347996286
v 5.123942292164429 -1.4062047931580206 6.155038225061982
v 1.4348685236384426 1.4062042550674836 6.155038347996286
v 1.4348685236384426 -1.4062047931580206 6.155038225061982
v 5.123942292164429 -1.4062047931580206 6.155038225061982
v 5.4928139212581755 20.026575318641584 -6.040347640644475
v 1.8037508260826485 10.690693165643347 -6.040348048728845
v 1.8037508260826485 20.026575318641584 -6.040347640644475
v 1.8037508260826485 10.690693165643347 -6.040348048728845
v 5.4928139212581755 20.026575318641584 -6.040347640644475
v 5.4928139212581755 10.690693165643347 -6.040348048728845
v 5.4928139212581755 21.381386083605683 -6.414415061242721
v 1.8037508260826485 21.381386083605683 -6.414415061242721
v 1.8037508260826485 21.38138601992602 -4.957594163872727
v 5.4928139212581755 21.381386083605683 -6.414415061242721
v 1.8037508260826485 21.38138601992602 -4.957594163872727
v 5.4928139212581755 21.38138601992602 -4.957594163872727
v 5.4928139212581755 10.6906926212283 6.4144164631578064
v 1.8037508260826485 10.6906926212283 6.4144164631578064
v 1.8037508260826485 8.866582618099846 6.414416383423426
v 5.4928139212581755 10.6906926212283 6.4144164631578064
v 1.8037508260826485 8.866582618099846 6.414416383423426
v 5.4928139212581755 8.866582618099846 6.414416383423426
v 5.4928139212581755 10.690693165643347 -6.040348048728845
v 1.8037508260826485 8.866583162514894 -6.040348128463226
v 1.8037508260826485 10.690693165643347 -6.040348048728845
v 1.8037508260826485 8.866583162514894 -6.040348128463226
v 5.4928139212581755 10.690693165643347 -6.040348048728845
v 5.4928139212581755 8.866583162514894 -6.040348128463226
v 5.489756563914625 10.72323520873685 5.959869373437274
v 1.8026111671395597 10.72323520873685 5.959869373437274
v 1.8037508260826485 10.6906926212283 6.4144164631578064
v 5.489756563914625 10.72323520873685 5.959869373437274
v 1.8037508260826485 10.6906926212283 6.4144164631578064
v 5.4928139212581755 10.6906926212283 6.4144164631578064
v 1.8026111671395597 21.009991645392624 -4.6958431636915305
v 5.489756563914625 21.009991645392624 -4.6958431636915305
v 1.8037508260826485 21.38138601992602 -4.957594163872727
v 5.4928139212581755 21.38138601992602 -4.957594163872727
v 1.8037508260826485 21.38138601992602 -4.957594163872727
v 5.489756563914625 21.009991645392624 -4.6958431636915305
v 5.4928139212581755 20.288348335323825 -6.4144151090209185
v 1.8037508260826485 21.381386083605683 -6.414415061242721
v 5.4928139212581755 21.381386083605683 -6.414415061242721
v 1.8037508260826485 21.381386083605683 -6.414415061242721
v 5.4928139212581755 20.288348335323825 -6.4144151090209185
v 1.8037508260826485 20.288348335323825 -6.4144151090209185
v 5.4928139212581755 20.026575318641584 -6.040347640644475
v 1.8037508260826485 20.026575318641584 -6.040347640644475
v 1.8037508260826485 20.288348335323825 -6.4144151090209185
v 5.4928139212581755 20.026575318641584 -6.040347640644475
v 1.8037508260826485 20.288348335323825 -6.4144151090209185
v 5.4928139212581755 20.288348335323825 -6.4144151090209185
v 5.4928139212581755 8.866582618099846 6.414416383423426
v 1.8037508260826485 8.866582618099846 6.414416383423426
v 1.8037508260826485 5.686571591574057 6.414416244420729
v 5.4928139212581755 8.866582618099846 6.414416383423426
v 1.8037508260826485 5.686571591574057 6.414416244420729
v 5.4928139212581755 5.686571591574057 6.414416244420729
v 5.4928139212581755 1.7750872498927155 -6.040348438442357
v 1.8037508260826485 5.686572135989104 -6.040348267465922
v 5.4928139212581755 5.686572135989104 -6.040348267465922
v 1.8037508260826485 5.686572135989104 -6.040348267465922
v 5.4928139212581755 1.7750872498927155 -6.040348438442357
v 1.8037508260826485 1.7750872498927155 -6.040348438442357
v 5.489756563914625 21.055876022508375 -0.18430235345511797
v 5.489756563914625 10.72323520873685 5.959869373437274
v 6.024355057933462 21.055876022508375 -0.18430235345511797
v 6.024355057933462 21.055876022508375 -0.18430235345511797
v 5.489756563914625 10.72323520873685 5.959869373437274
v 6.024355057933462 10.72323520873685 5.959869373437274
v 5.489756563914625 21.009991645392624 -4.6958431636915305
v 5.489756563914625 21.055876022508375 -0.18430235345511797
v 6.024355057933462 21.009991645392624 -4.6958431636915305
v 6.024355057933462 21.009991645392624 -4.6958431636915305
v 5.489756563914625 21.055876022508375 -0.18430235345511797
v 6.024355057933462 21.055876022508375 -0.18430235345511797
v 6.286127421049741 10.690693165643347 -6.040348048728845
v 5.4928139212581755 20.026575318641584 -6.040347640644475
v 6.286127421049741 20.026575318641584 -6.040347640644475
v 5.4928139212581755 20.026575318641584 -6.040347640644475
v 6.286127421049741 10.690693165643347 -6.040348048728845
v 5.4928139212581755 10.690693165643347 -6.040348048728845
v 5.4928139212581755 21.381386083605683 -6.414415061242721
v 5.4928139212581755 21.38138601992602 -4.957594163872727
v 6.286127421049741 21.381386083605683 -6.414415061242721
v 6.286127421049741 21.381386083605683 -6.414415061242721
v 5.4928139212581755 21.38138601992602 -4.957594163872727
v 6.286127421049741 21.38138601992602 -4.957594163872727
v 5.4928139212581755 10.6906926212283 6.4144164631578064
v 6.286127421049741 8.866582618099846 6.414416383423426
v 6.286127421049741 10.6906926212283 6.4144164631578064
v 6.286127421049741 8.866582618099846 6.414416383423426
v 5.4928139212581755 10.6906926212283 6.4144164631578064
v 5.4928139212581755 8.866582618099846 6.414416383423426
v 6.286127421049741 10.690693165643347 -6.040348048728845
v 6.286127421049741 8.866583162514894 -6.040348128463226
v 5.4928139212581755 10.690693165643347 -6.040348048728845
v 5.4928139212581755 10.690693165643347 -6.040348048728845
v 6.286127421049741 8.866583162514894 -6.040348128463226
v 5.4928139212581755 8.866583162514894 -6.040348128463226
v 6.024355057933462 10.72323520873685 5.959869373437274
v 5.489756563914625 10.72323520873685 5.959869373437274
v 5.4928139212581755 10.6906926212283 6.4144164631578064
v 5.4928139212581755 10.6906926212283 6.4144164631578064
v 6.286127421049741 10.6906926212283 6.4144164631578064
v 6.024355057933462 10.72323520873685 5.959869373437274
v 6.286127421049741 21.38138601992602 -4.957594163872727
v 5.4928139212581755 21.38138601992602 -4.957594163872727
v 6.024355057933462 21.009991645392624 -4.6958431636915305
v 5.4928139212581755 21.38138601992602 -4.957594163872727
v 5.489756563914625 21.009991645392624 -4.6958431636915305
v 6.024355057933462 21.009991645392624 -4.6958431636915305
v 6.286127421049741 21.381386083605683 -6.414415061242721
v 6.286127421049741 20.288348335323825 -6.4144151090209185
v 5.4928139212581755 21.381386083605683 -6.414415061242721
v 5.4928139212581755 21.381386083605683 -6.414415061242721
v 6.286127421049741 20.288348335323825 -6.4144151090209185
v 5.4928139212581755 20.288348335323825 -6.4144151090209185
v 6.286127421049741 20.026575318641584 -6.040347640644475
v 5.4928139212581755 20.026575318641584 -6.040347640644475
v 5.4928139212581755 20.288348335323825 -6.4144151090209185
v 6.286127421049741 20.026575318641584 -6.040347640644475
v 5.4928139212581755 20.288348335323825 -6.4144151090209185
v 6.286127421049741 20.288348335323825 -6.4144151090209185
v 5.4928139212581755 8.866582618099846 6.414416383423426
v 5.4928139212581755 5.686571591574057 6.414416244420729
v 6.286127421049741 8.866582618099846 6.414416383423426
v 6.286127421049741 8.866582618099846 6.414416383423426
v 5.4928139212581755 5.686571591574057 6.414416244420729
v 6.286127421049741 5.686571591574057 6.414416244420729
v 6.286127421049741 5.686572135989104 -6.040348267465922
v 6.286127421049741 1.7750872498927155 -6.040348438442357
v 5.4928139212581755 5.686572135989104 -6.040348267465922
v 5.4928139212581755 5.686572135989104 -6.040348267465922
v 6.286127421049741 1.7750872498927155 -6.040348438442357
v 5.4928139212581755 1.7750872498927155 -6.040348438442357
v 7.35370014817272 8.604831298412117 6.063590033136602
v 14.627112486722126 5.683835040567205 -0.1563070860017919
v 14.627112486722126 8.604831570292449 -0.15630695832097843
v 14.627112486722126 5.683835040567205 -0.1563070860017919
v 7.35370014817272 8.604831298412117 6.063590033136602
v 7.35370014817272 5.683834768686872 6.063589905455789
v 13.612160333186694 8.866583162514894 -6.040348128463226
v 7.483484903684939 5.686572135989104 -6.040348267465922
v 7.483484903684939 8.866583162514894 -6.040348128463226
v 7.483484903684939 5.686572135989104 -6.040348267465922
v 13.612160333186694 8.866583162514894 -6.040348128463226
v 13.612160333186694 5.686572135989104 -6.040348267465922
v 14.966969807369878 8.86658311518624 -4.9575947109121365
v 14.966969807369878 5.686572152340113 -6.414415747284827
v 14.966969807369878 8.866583178865904 -6.41441560828213
v 14.966969807369878 5.686572152340113 -6.414415747284827
v 14.966969807369878 8.86658311518624 -4.9575947109121365
v 14.966969807369878 5.68657208866045 -4.957594849914833
v 14.594762357998206 8.604831768721903 -4.695843705938291
v 14.627112486722126 5.683835040567205 -0.1563070860017919
v 14.594762357998206 5.683835238996659 -4.695843833619104
v 14.627112486722126 5.683835040567205 -0.1563070860017919
v 14.594762357998206 8.604831768721903 -4.695843705938291
v 14.627112486722126 8.604831570292449 -0.15630695832097843
v 6.547835425455787 8.604831299179427 6.046036035616776
v 7.35370014817272 5.683834768686872 6.063589905455789
v 7.35370014817272 8.604831298412117 6.063590033136602
v 7.35370014817272 5.683834768686872 6.063589905455789
v 6.547835425455787 8.604831299179427 6.046036035616776
v 6.547835425455787 5.683834769454182 6.046035907935963
v 7.483484903684939 8.866583162514894 -6.040348128463226
v 6.286127421049741 5.686572135989104 -6.040348267465922
v 6.286127421049741 8.866583162514894 -6.040348128463226
v 6.286127421049741 5.686572135989104 -6.040348267465922
v 7.483484903684939 8.866583162514894 -6.040348128463226
v 7.483484903684939 5.686572135989104 -6.040348267465922
v 14.594762357998206 8.604831768721903 -4.695843705938291
v 14.966969807369878 5.68657208866045 -4.957594849914833
v 14.966969807369878 8.86658311518624 -4.9575947109121365
v 14.966969807369878 5.68657208866045 -4.957594849914833
v 14.594762357998206 8.604831768721903 -4.695843705938291
v 14.594762357998206 5.683835238996659 -4.695843833619104
v 6.286127421049741 8.866582618099846 6.414416383423426
v 6.286127421049741 5.686571591574057 6.414416244420729
v 6.547835425455787 8.604831299179427 6.046036035616776
v 6.547835425455787 8.604831299179427 6.046036035616776
v 6.286127421049741 5.686571591574057 6.414416244420729
v 6.547835425455787 5.683834769454182 6.046035907935963
v 14.966969807369878 8.866583178865904 -6.41441560828213
v 13.87393205908802 5.686572152340113 -6.414415747284827
v 13.87393205908802 8.866583178865904 -6.41441560828213
v 13.87393205908802 5.686572152340113 -6.414415747284827
v 14.966969807369878 8.866583178865904 -6.41441560828213
v 14.966969807369878 5.686572152340113 -6.414415747284827
v 13.87393205908802 8.866583178865904 -6.41441560828213
v 13.612160333186694 5.686572135989104 -6.040348267465922
v 13.612160333186694 8.866583162514894 -6.040348128463226
v 13.612160333186694 5.686572135989104 -6.040348267465922
v 13.87393205908802 8.866583178865904 -6.41441560828213
v 13.87393205908802 5.686572152340113 -6.414415747284827
v 5.4928139212581755 5.686571591574057 6.414416244420729
v 1.8037508260826485 5.686571591574057 6.414416244420729
v 5.4928139212581755 1.775086705477668 6.414416073444294
v 1.8037508260826485 5.686571591574057 6.414416244420729
v 1.8037508260826485 1.775086705477668 6.414416073444294
v 5.4928139212581755 1.775086705477668 6.414416073444294
v 5.4928139212581755 8.866583162514894 -6.040348128463226
v 1.8037508260826485 5.686572135989104 -6.040348267465922
v 1.8037508260826485 8.866583162514894 -6.040348128463226
v 1.8037508260826485 5.686572135989104 -6.040348267465922
v 5.4928139212581755 8.866583162514894 -6.040348128463226
v 5.4928139212581755 5.686572135989104 -6.040348267465922
v 6.286127421049741 1.775086705477668 6.414416073444294
v 6.286127421049741 5.686571591574057 6.414416244420729
v 5.4928139212581755 5.686571591574057 6.414416244420729
v 5.4928139212581755 5.686571591574057 6.414416244420729
v 5.4928139212581755 1.775086705477668 6.414416073444294
v 6.286127421049741 1.775086705477668 6.414416073444294
v 6.286127421049741 8.866583162514894 -6.040348128463226
v 5.4928139212581755 5.686572135989104 -6.040348267465922
v 5.4928139212581755 8.866583162514894 -6.040348128463226
v 5.4928139212581755 5.686572135989104 -6.040348267465922
v 6.286127421049741 8.866583162514894 -6.040348128463226
v 6.286127421049741 5.686572135989104 -6.040348267465922
v -1.8037508260826485 21.38138601992602 -4.957594163872727
v 1.8037508260826485 21.38138601992602 -4.957594163872727
v -1.8037508260826485 21.381386083605683 -6.414415061242721
v 1.8037508260826485 21.381386083605683 -6.414415061242721
v -1.8037508260826485 21.381386083605683 -6.414415061242721
v 1.8037508260826485 21.38138601992602 -4.957594163872727
v -1.8037508260826485 8.866582618099846 6.414416383423426
v 1.8037508260826485 8.866582618099846 6.414416383423426
v -1.8037508260826485 10.6906926212283 6.4144164631578064
v 1.8037508260826485 10.6906926212283 6.4144164631578064
v -1.8037508260826485 10.6906926212283 6.4144164631578064
v 1.8037508260826485 8.866582618099846 6.414416383423426
v -6.286127421049741 1.7750872498927155 -6.040348438442357
v -6.286127421049741 -1.7750867218286768 -6.04034859362539
v -7.483484903684939 1.7750872498927155 -6.040348438442357
v -7.483484903684939 1.7750872498927155 -6.040348438442357
v -6.286127421049741 -1.7750867218286768 -6.04034859362539
v -7.483484903684939 -1.7750867218286768 -6.04034859362539
v -6.547835425455787 -1.7745612291977693 6.04603558191912
v -6.286127421049741 1.775086705477668 6.414416073444294
v -6.547835425455787 1.7745607006365447 6.046035737056166
v -6.286127421049741 1.775086705477668 6.414416073444294
v -6.547835425455787 -1.7745612291977693 6.04603558191912
v -6.286127421049741 -1.7750872662437243 6.414415918261262
v -13.87393205908802 1.7750872662437243 -6.414415918261262
v -13.87393205908802 -1.775086705477668 -6.414416073444294
v -14.966969807369878 1.7750872662437243 -6.414415918261262
v -14.966969807369878 1.7750872662437243 -6.414415918261262
v -13.87393205908802 -1.775086705477668 -6.414416073444294
v -14.966969807369878 -1.775086705477668 -6.414416073444294
v -13.612160333186694 1.7750872498927155 -6.040348438442357
v -13.612160333186694 -1.7750867218286768 -6.04034859362539
v -13.87393205908802 1.7750872662437243 -6.414415918261262
v -13.87393205908802 1.7750872662437243 -6.414415918261262
v -13.612160333186694 -1.7750867218286768 -6.04034859362539
v -13.87393205908802 -1.775086705477668 -6.414416073444294
v -1.4348685236384426 -1.406204245004553 -6.3852513661450745
v -5.123942292164429 1.406204803220951 -6.38525124321077
v -1.4348685236384426 1.406204803220951 -6.38525124321077
v -5.123942292164429 1.406204803220951 -6.38525124321077
v -1.4348685236384426 -1.406204245004553 -6.3852513661450745
v -5.123942292164429 -1.406204245004553 -6.3852513661450745
v 7.483484903684939 1.7750872498927155 -6.040348438442357
v 7.483484903684939 -1.7750867218286768 -6.04034859362539
v 6.286127421049741 1.7750872498927155 -6.040348438442357
v 6.286127421049741 1.7750872498927155 -6.040348438442357
v 7.483484903684939 -1.7750867218286768 -6.04034859362539
v 6.286127421049741 -1.7750867218286768 -6.04034859362539
v 6.547835425455787 -1.7745612291977693 6.04603558191912
v 6.547835425455787 1.7745607006365447 6.046035737056166
v 6.286127421049741 1.775086705477668 6.414416073444294
v 6.286127421049741 1.775086705477668 6.414416073444294
v 6.286127421049741 -1.7750872662437243 6.414415918261262
v 6.547835425455787 -1.7745612291977693 6.04603558191912
v 14.966969807369878 1.7750872662437243 -6.414415918261262
v 14.966969807369878 -1.775086705477668 -6.414416073444294
v 13.87393205908802 1.7750872662437243 -6.414415918261262
v 13.87393205908802 1.7750872662437243 -6.414415918261262
v 14.966969807369878 -1.775086705477668 -6.414416073444294
v 13.87393205908802 -1.775086705477668 -6.414416073444294
v 13.87393205908802 -1.775086705477668 -6.414416073444294
v 13.612160333186694 1.7750872498927155 -6.040348438442357
v 13.87393205908802 1.7750872662437243 -6.414415918261262
v 13.612160333186694 1.7750872498927155 -6.040348438442357
v 13.87393205908802 -1.775086705477668 -6.414416073444294
v 13.612160333186694 -1.7750867218286768 -6.04034859362539
v 1.8026111671395597 -21.055876006396073 -0.18430419421826222
v -1.8026111671395597 -21.055876006396073 -0.18430419421826222
v 1.8026111671395597 -21.0099912348689 -4.695845000443318
v -1.8026111671395597 -21.055876006396073 -0.18430419421826222
v -1.8026111671395597 -21.0099912348689 -4.695845000443318
v 1.8026111671395597 -21.0099912348689 -4.695845000443318
v -14.966969807369878 -10.6906926212283 -6.4144164631578064
v -7.483484903684939 -21.38138552283963 -6.414416930462835
v -14.966969807369878 -10.690692684907964 -4.957595565787813
v -14.966969807369878 -10.690692684907964 -4.957595565787813
v -7.483484903684939 -21.38138552283963 -6.414416930462835
v -7.483484903684939 -21.381385586519293 -4.957596033092841
v -8.636027058689479 -17.208658918744174 0.9743383470004038
v -8.636048723997874 -12.087496292516219 4.047046900528178
v -12.220851186506934 -12.087496158203873 0.9743385708535377
v -13.612160333186694 -10.26362098077127 -6.040348964671007
v -7.483484903684939 -10.690692637579309 -6.040348983338902
v -6.778091774221366 -20.02657479057755 -6.0403493914232715
v -14.966969807369878 -10.690692684907964 -4.957595565787813
v -7.483484903684939 -21.381385586519293 -4.957596033092841
v -14.966969807369878 -10.690692901611328 -4.6730502845093724e-7
v -14.966969807369878 -10.690692901611328 -4.6730502845093724e-7
v -7.483484903684939 -21.381385586519293 -4.957596033092841
v -7.483484903684939 -21.381385803222656 -9.346100569018745e-7
v -14.966969807369878 -10.690692901611328 -4.6730502845093724e-7
v -7.483484903684939 -10.690693181994357 6.4144155285477495
v -14.966969807369878 -8.866582898482875 -3.875706478308464e-7
v -7.483484903684939 -8.866583178865904 6.41441560828213
v -14.966969807369878 -8.866582898482875 -3.875706478308464e-7
v -7.483484903684939 -10.690693181994357 6.4144155285477495
v -7.483484903684939 -10.690692637579309 -6.040348983338902
v -13.612160333186694 -10.26362098077127 -6.040348964671007
v -7.483484903684939 -8.866582634450856 -6.040348903604521
v -13.612160333186694 -8.866582634450856 -6.040348903604521
v -7.483484903684939 -8.866582634450856 -6.040348903604521
v -13.612160333186694 -10.26362098077127 -6.040348964671007
v -14.966969807369878 -8.86658268177951 -4.957595486053432
v -14.966969807369878 -8.866582618099846 -6.414416383423426
v -14.966969807369878 -10.690692684907964 -4.957595565787813
v -14.966969807369878 -8.866582618099846 -6.414416383423426
v -14.966969807369878 -10.6906926212283 -6.4144164631578064
v -14.966969807369878 -10.690692684907964 -4.957595565787813
v -14.966969807369878 -10.690692684907964 -4.957595565787813
v -14.966969807369878 -10.690692901611328 -4.6730502845093724e-7
v -14.966969807369878 -8.86658268177951 -4.957595486053432
v -14.966969807369878 -8.866582898482875 -3.875706478308464e-7
v -14.966969807369878 -8.86658268177951 -4.957595486053432
v -14.966969807369878 -10.690692901611328 -4.6730502845093724e-7
v -7.483484903684939 -10.690693181994357 6.4144155285477495
v -7.483484903684939 -21.381385803222656 -9.346100569018745e-7
v -6.286127421049741 -10.690693181994357 6.4144155285477495
v -6.286127421049741 -10.690693181994357 6.4144155285477495
v -7.483484903684939 -21.381385803222656 -9.346100569018745e-7
v -6.286127421049741 -21.381385803222656 -9.346100569018745e-7
v -7.483484903684939 -21.381385803222656 -9.346100569018745e-7
v -7.483484903684939 -21.381385586519293 -4.957596033092841
v -6.286127421049741 -21.381385803222656 -9.346100569018745e-7
v -6.286127421049741 -21.381385803222656 -9.346100569018745e-7
v -7.483484903684939 -21.381385586519293 -4.957596033092841
v -6.286127421049741 -21.381385586519293 -4.957596033092841
v -6.286127421049741 -10.690692637579309 -6.040348983338902
v -6.778091774221366 -20.02657479057755 -6.0403493914232715
v -7.483484903684939 -10.690692637579309 -6.040348983338902
v -6.778091774221366 -20.02657479057755 -6.0403493914232715
v -6.286127421049741 -10.690692637579309 -6.040348983338902
v -6.286127421049741 -20.02657479057755 -6.0403493914232715
v -7.483484903684939 -21.38138552283963 -6.414416930462835
v -6.286127421049741 -21.381385586519293 -4.957596033092841
v -7.483484903684939 -21.381385586519293 -4.957596033092841
v -6.286127421049741 -21.381385586519293 -4.957596033092841
v -7.483484903684939 -21.38138552283963 -6.414416930462835
v -6.286127421049741 -21.38138552283963 -6.414416930462835
v -7.483484903684939 -8.866583178865904 6.41441560828213
v -7.483484903684939 -10.690693181994357 6.4144155285477495
v -6.286127421049741 -8.866583178865904 6.41441560828213
v -6.286127421049741 -8.866583178865904 6.41441560828213
v -7.483484903684939 -10.690693181994357 6.4144155285477495
v -6.286127421049741 -10.690693181994357 6.4144155285477495
v -7.483484903684939 -8.866582634450856 -6.040348903604521
v -6.286127421049741 -8.866582634450856 -6.040348903604521
v -6.286127421049741 -10.690692637579309 -6.040348983338902
v -7.483484903684939 -8.866582634450856 -6.040348903604521
v -6.286127421049741 -10.690692637579309 -6.040348983338902
v -7.483484903684939 -10.690692637579309 -6.040348983338902
v -7.483484903684939 -8.866583178865904 6.41441560828213
v -6.547835425455787 -8.60483182774065 6.04603528335851
v -7.35370014817272 -8.60483182850796 6.063589280878336
v -6.547835425455787 -8.60483182774065 6.04603528335851
v -7.483484903684939 -8.866583178865904 6.41441560828213
v -6.286127421049741 -8.866583178865904 6.41441560828213
v -14.627112486722126 -8.604831556627628 -0.1563077105792456
v -7.483484903684939 -8.866583178865904 6.41441560828213
v -7.35370014817272 -8.60483182850796 6.063589280878336
v -14.966969807369878 -8.866582898482875 -3.875706478308464e-7
v -7.483484903684939 -8.866583178865904 6.41441560828213
v -14.627112486722126 -8.604831556627628 -0.1563077105792456
v -14.966969807369878 -8.86658268177951 -4.957595486053432
v -14.966969807369878 -8.866582898482875 -3.875706478308464e-7
v -14.594762357998206 -8.604831358198174 -4.695844458196557
v -14.594762357998206 -8.604831358198174 -4.695844458196557
v -14.966969807369878 -8.866582898482875 -3.875706478308464e-7
v -14.627112486722126 -8.604831556627628 -0.1563077105792456
v -6.286127421049741 -21.381385803222656 -9.346100569018745e-7
v -6.024355057933462 -21.0099912348689 -4.695845000443318
v -6.024355057933462 -21.055876006396073 -0.18430419421826222
v -6.024355057933462 -21.0099912348689 -4.695845000443318
v -6.286127421049741 -21.381385803222656 -9.346100569018745e-7
v -6.286127421049741 -21.381385586519293 -4.957596033092841
v -6.024355057933462 -10.723235729765138 5.959868435982256
v -6.286127421049741 -21.381385803222656 -9.346100569018745e-7
v -6.024355057933462 -21.055876006396073 -0.18430419421826222
v -6.286127421049741 -10.690693181994357 6.4144155285477495
v -6.286127421049741 -21.381385803222656 -9.346100569018745e-7
v -6.024355057933462 -10.723235729765138 5.959868435982256
v -8.64665389245738 -17.9804409283065 1.0435647881742112
v -7.483484903684939 -10.690693181994357 6.4144155285477495
v -8.64665389245738 -12.004365255221057 4.629219229342133
v -7.483484903684939 -21.381385803222656 -9.346100569018745e-7
v -7.483484903684939 -10.690693181994357 6.4144155285477495
v -8.64665389245738 -17.9804409283065 1.0435647881742112
v -14.966969807369878 -10.690692901611328 -4.6730502845093724e-7
v -7.483484903684939 -21.381385803222656 -9.346100569018745e-7
v -8.64665389245738 -17.9804409283065 1.0435647881742112
v -14.966969807369878 -10.690692901611328 -4.6730502845093724e-7
v -8.64665389245738 -17.9804409283065 1.0435647881742112
v -12.82992162927485 -12.004365098487135 1.0435650493967823
v -12.82992162927485 -12.004365098487135 1.0435650493967823
v -7.483484903684939 -10.690693181994357 6.4144155285477495
v -14.966969807369878 -10.690692901611328 -4.6730502845093724e-7
v -7.483484903684939 -10.690693181994357 6.4144155285477495
v -12.82992162927485 -12.004365098487135 1.0435650493967823
v -8.64665389245738 -12.004365255221057 4.629219229342133
v -8.636027058689479 -17.208658918744174 0.9743383470004038
v -8.64665389245738 -12.004365255221057 4.629219229342133
v -8.636048723997874 -12.087496292516219 4.047046900528178
v -8.64665389245738 -17.9804409283065 1.0435647881742112
v -8.64665389245738 -12.004365255221057 4.629219229342133
v -8.636027058689479 -17.208658918744174 0.9743383470004038
v -8.636027058689479 -17.208658918744174 0.9743383470004038
v -12.82992162927485 -12.004365098487135 1.0435650493967823
v -8.64665389245738 -17.9804409283065 1.0435647881742112
v -12.82992162927485 -12.004365098487135 1.0435650493967823
v -8.636027058689479 -17.208658918744174 0.9743383470004038
v -12.220851186506934 -12.087496158203873 0.9743385708535377
v -12.220851186506934 -12.087496158203873 0.9743385708535377
v -8.64665389245738 -12.004365255221057 4.629219229342133
v -12.82992162927485 -12.004365098487135 1.0435650493967823
v -8.64665389245738 -12.004365255221057 4.629219229342133
v -12.220851186506934 -12.087496158203873 0.9743385708535377
v -8.636048723997874 -12.087496292516219 4.047046900528178
v -13.87393205908802 -8.866582618099846 -6.414416383423426
v -13.87393205908802 -10.346131379798953 -6.414416448096556
v -14.966969807369878 -8.866582618099846 -6.414416383423426
v -14.966969807369878 -8.866582618099846 -6.414416383423426
v -13.87393205908802 -10.346131379798953 -6.414416448096556
v -14.966969807369878 -10.6906926212283 -6.4144164631578064
v -13.87393205908802 -10.346131379798953 -6.414416448096556
v -6.914376759467132 -20.28834777455777 -6.4144168826846375
v -14.966969807369878 -10.6906926212283 -6.4144164631578064
v -7.483484903684939 -21.38138552283963 -6.414416930462835
v -14.966969807369878 -10.6906926212283 -6.4144164631578064
v -6.914376759467132 -20.28834777455777 -6.4144168826846375
v -6.286127421049741 -21.38138552283963 -6.414416930462835
v -6.914376759467132 -20.28834777455777 -6.4144168826846375
v -6.286127421049741 -20.28834777455777 -6.4144168826846375
v -6.914376759467132 -20.28834777455777 -6.4144168826846375
v -6.286127421049741 -21.38138552283963 -6.414416930462835
v -7.483484903684939 -21.38138552283963 -6.414416930462835
v -13.612160333186694 -10.26362098077127 -6.040348964671007
v -13.87393205908802 -8.866582618099846 -6.414416383423426
v -13.612160333186694 -8.866582634450856 -6.040348903604521
v -13.87393205908802 -8.866582618099846 -6.414416383423426
v -13.612160333186694 -10.26362098077127 -6.040348964671007
v -13.87393205908802 -10.346131379798953 -6.414416448096556
v -13.612160333186694 -10.26362098077127 -6.040348964671007
v -6.778091774221366 -20.02657479057755 -6.0403493914232715
v -13.87393205908802 -10.346131379798953 -6.414416448096556
v -6.914376759467132 -20.28834777455777 -6.4144168826846375
v -13.87393205908802 -10.346131379798953 -6.414416448096556
v -6.778091774221366 -20.02657479057755 -6.0403493914232715
v -6.286127421049741 -20.28834777455777 -6.4144168826846375
v -6.778091774221366 -20.02657479057755 -6.0403493914232715
v -6.286127421049741 -20.02657479057755 -6.0403493914232715
v -6.778091774221366 -20.02657479057755 -6.0403493914232715
v -6.286127421049741 -20.28834777455777 -6.4144168826846375
v -6.914376759467132 -20.28834777455777 -6.4144168826846375
v -14.627112486722126 -5.6838350269023845 -0.15630758289843213
v -7.35370014817272 -5.683835298782717 6.0635894085591495
v -14.627112486722126 -1.7745609580847463 -0.1563074120186354
v -7.35370014817272 -1.7745612299650788 6.063589579438946
v -14.627112486722126 -1.7745609580847463 -0.1563074120186354
v -7.35370014817272 -5.683835298782717 6.0635894085591495
v -13.612160333186694 -1.7750867218286768 -6.04034859362539
v -7.483484903684939 -1.7750867218286768 -6.04034859362539
v -13.612160333186694 -5.686571607925066 -6.040348764601824
v -7.483484903684939 -1.7750867218286768 -6.04034859362539
v -7.483484903684939 -5.686571607925066 -6.040348764601824
v -13.612160333186694 -5.686571607925066 -6.040348764601824
v -14.966969807369878 -5.68657165525372 -4.957595347050735
v -14.966969807369878 -1.7750867691573318 -4.9575951760743004
v -14.966969807369878 -1.775086705477668 -6.414416073444294
v -14.966969807369878 -1.775086705477668 -6.414416073444294
v -14.966969807369878 -5.686571591574057 -6.414416244420729
v -14.966969807369878 -5.68657165525372 -4.957595347050735
v -14.627112486722126 -1.7745609580847463 -0.1563074120186354
v -14.594762357998206 -1.774560759655293 -4.695844159635947
v -14.627112486722126 -5.6838350269023845 -0.15630758289843213
v -14.594762357998206 -1.774560759655293 -4.695844159635947
v -14.594762357998206 -5.68383482847293 -4.695844330515744
v -14.627112486722126 -5.6838350269023845 -0.15630758289843213
v -6.547835425455787 -5.683835298015407 6.046035411039323
v -6.547835425455787 -1.7745612291977693 6.04603558191912
v -7.35370014817272 -1.7745612299650788 6.063589579438946
v -7.35370014817272 -1.7745612299650788 6.063589579438946
v -7.35370014817272 -5.683835298782717 6.0635894085591495
v -6.547835425455787 -5.683835298015407 6.046035411039323
v -7.483484903684939 -5.686571607925066 -6.040348764601824
v -7.483484903684939 -1.7750867218286768 -6.04034859362539
v -6.286127421049741 -1.7750867218286768 -6.04034859362539
v -6.286127421049741 -1.7750867218286768 -6.04034859362539
v -6.286127421049741 -5.686571607925066 -6.040348764601824
v -7.483484903684939 -5.686571607925066 -6.040348764601824
v -14.594762357998206 -5.68383482847293 -4.695844330515744
v -14.594762357998206 -1.774560759655293 -4.695844159635947
v -14.966969807369878 -1.7750867691573318 -4.9575951760743004
v -14.966969807369878 -1.7750867691573318 -4.9575951760743004
v -14.966969807369878 -5.68657165525372 -4.957595347050735
v -14.594762357998206 -5.68383482847293 -4.695844330515744
v -6.547835425455787 -1.7745612291977693 6.04603558191912
v -6.547835425455787 -5.683835298015407 6.046035411039323
v -6.286127421049741 -1.7750872662437243 6.414415918261262
v -6.286127421049741 -1.7750872662437243 6.414415918261262
v -6.547835425455787 -5.683835298015407 6.046035411039323
v -6.286127421049741 -5.686572152340113 6.414415747284827
v -14.966969807369878 -5.686571591574057 -6.414416244420729
v -14.966969807369878 -1.775086705477668 -6.414416073444294
v -13.87393205908802 -1.775086705477668 -6.414416073444294
v -13.87393205908802 -1.775086705477668 -6.414416073444294
v -13.87393205908802 -5.686571591574057 -6.414416244420729
v -14.966969807369878 -5.686571591574057 -6.414416244420729
v -13.87393205908802 -5.686571591574057 -6.414416244420729
v -13.87393205908802 -1.775086705477668 -6.414416073444294
v -13.612160333186694 -1.7750867218286768 -6.04034859362539
v -13.612160333186694 -1.7750867218286768 -6.04034859362539
v -13.612160333186694 -5.686571607925066 -6.040348764601824
v -13.87393205908802 -5.686571591574057 -6.414416244420729
v -5.489756563914625 -21.055876006396073 -0.18430419421826222
v -1.8026111671395597 -10.723235729765138 5.959868435982256
v -5.489756563914625 -10.723235729765138 5.959868435982256
v -1.8026111671395597 -10.723235729765138 5.959868435982256
v -5.489756563914625 -21.055876006396073 -0.18430419421826222
v -1.8026111671395597 -21.055876006396073 -0.18430419421826222
v -5.489756563914625 -21.055876006396073 -0.18430419421826222
v -5.489756563914625 -21.0099912348689 -4.695845000443318
v -1.8026111671395597 -21.055876006396073 -0.18430419421826222
v -1.8026111671395597 -21.055876006396073 -0.18430419421826222
v -5.489756563914625 -21.0099912348689 -4.695845000443318
v -1.8026111671395597 -21.0099912348689 -4.695845000443318
v -1.8037508260826485 -10.690692637579309 -6.040348983338902
v -5.4928139212581755 -20.02657479057755 -6.0403493914232715
v -5.4928139212581755 -10.690692637579309 -6.040348983338902
v -5.4928139212581755 -20.02657479057755 -6.0403493914232715
v -1.8037508260826485 -10.690692637579309 -6.040348983338902
v -1.8037508260826485 -20.02657479057755 -6.0403493914232715
v -1.8037508260826485 -21.381385586519293 -4.957596033092841
v -5.4928139212581755 -21.381385586519293 -4.957596033092841
v -5.4928139212581755 -21.38138552283963 -6.414416930462835
v -1.8037508260826485 -21.381385586519293 -4.957596033092841
v -5.4928139212581755 -21.38138552283963 -6.414416930462835
v -1.8037508260826485 -21.38138552283963 -6.414416930462835
v -1.8037508260826485 -8.866583178865904 6.41441560828213
v -5.4928139212581755 -8.866583178865904 6.41441560828213
v -5.4928139212581755 -10.690693181994357 6.4144155285477495
v -1.8037508260826485 -8.866583178865904 6.41441560828213
v -5.4928139212581755 -10.690693181994357 6.4144155285477495
v -1.8037508260826485 -10.690693181994357 6.4144155285477495
v -1.8037508260826485 -8.866582634450856 -6.040348903604521
v -5.4928139212581755 -10.690692637579309 -6.040348983338902
v -5.4928139212581755 -8.866582634450856 -6.040348903604521
v -5.4928139212581755 -10.690692637579309 -6.040348983338902
v -1.8037508260826485 -8.866582634450856 -6.040348903604521
v -1.8037508260826485 -10.690692637579309 -6.040348983338902
v -1.8037508260826485 -10.690693181994357 6.4144155285477495
v -5.4928139212581755 -10.690693181994357 6.4144155285477495
v -5.489756563914625 -10.723235729765138 5.959868435982256
v -1.8037508260826485 -10.690693181994357 6.4144155285477495
v -5.489756563914625 -10.723235729765138 5.959868435982256
v -1.8026111671395597 -10.723235729765138 5.959868435982256
v -5.489756563914625 -21.0099912348689 -4.695845000443318
v -1.8037508260826485 -21.381385586519293 -4.957596033092841
v -1.8026111671395597 -21.0099912348689 -4.695845000443318
v -1.8037508260826485 -21.381385586519293 -4.957596033092841
v -5.489756563914625 -21.0099912348689 -4.695845000443318
v -5.4928139212581755 -21.381385586519293 -4.957596033092841
v -5.4928139212581755 -20.28834777455777 -6.4144168826846375
v -1.8037508260826485 -20.28834777455777 -6.4144168826846375
v -1.8037508260826485 -21.38138552283963 -6.414416930462835
v -5.4928139212581755 -20.28834777455777 -6.4144168826846375
v -1.8037508260826485 -21.38138552283963 -6.414416930462835
v -5.4928139212581755 -21.38138552283963 -6.414416930462835
v -1.8037508260826485 -20.28834777455777 -6.4144168826846375
v -5.4928139212581755 -20.28834777455777 -6.4144168826846375
v -5.4928139212581755 -20.02657479057755 -6.0403493914232715
v -1.8037508260826485 -20.28834777455777 -6.4144168826846375
v -5.4928139212581755 -20.02657479057755 -6.0403493914232715
v -1.8037508260826485 -20.02657479057755 -6.0403493914232715
v -5.4928139212581755 -5.686572152340113 6.414415747284827
v -5.4928139212581755 -8.866583178865904 6.41441560828213
v -1.8037508260826485 -5.686572152340113 6.414415747284827
v -1.8037508260826485 -5.686572152340113 6.414415747284827
v -5.4928139212581755 -8.866583178865904 6.41441560828213
v -1.8037508260826485 -8.866583178865904 6.41441560828213
v -5.4928139212581755 -1.7750867218286768 -6.04034859362539
v -1.8037508260826485 -1.7750867218286768 -6.04034859362539
v -1.8037508260826485 -5.686571607925066 -6.040348764601824
v -5.4928139212581755 -1.7750867218286768 -6.04034859362539
v -1.8037508260826485 -5.686571607925066 -6.040348764601824
v -5.4928139212581755 -5.686571607925066 -6.040348764601824
v -6.024355057933462 -10.723235729765138 5.959868435982256
v -6.024355057933462 -21.055876006396073 -0.18430419421826222
v -5.489756563914625 -10.723235729765138 5.959868435982256
v -5.489756563914625 -10.723235729765138 5.959868435982256
v -6.024355057933462 -21.055876006396073 -0.18430419421826222
v -5.489756563914625 -21.055876006396073 -0.18430419421826222
v -6.024355057933462 -21.055876006396073 -0.18430419421826222
v -6.024355057933462 -21.0099912348689 -4.695845000443318
v -5.489756563914625 -21.055876006396073 -0.18430419421826222
v -5.489756563914625 -21.055876006396073 -0.18430419421826222
v -6.024355057933462 -21.0099912348689 -4.695845000443318
v -5.489756563914625 -21.0099912348689 -4.695845000443318
v -5.4928139212581755 -10.690692637579309 -6.040348983338902
v -5.4928139212581755 -20.02657479057755 -6.0403493914232715
v -6.286127421049741 -10.690692637579309 -6.040348983338902
v -6.286127421049741 -10.690692637579309 -6.040348983338902
v -5.4928139212581755 -20.02657479057755 -6.0403493914232715
v -6.286127421049741 -20.02657479057755 -6.0403493914232715
v -6.286127421049741 -21.381385586519293 -4.957596033092841
v -6.286127421049741 -21.38138552283963 -6.414416930462835
v -5.4928139212581755 -21.381385586519293 -4.957596033092841
v -5.4928139212581755 -21.381385586519293 -4.957596033092841
v -6.286127421049741 -21.38138552283963 -6.414416930462835
v -5.4928139212581755 -21.38138552283963 -6.414416930462835
v -6.286127421049741 -8.866583178865904 6.41441560828213
v -5.4928139212581755 -10.690693181994357 6.4144155285477495
v -5.4928139212581755 -8.866583178865904 6.41441560828213
v -5.4928139212581755 -10.690693181994357 6.4144155285477495
v -6.286127421049741 -8.866583178865904 6.41441560828213
v -6.286127421049741 -10.690693181994357 6.4144155285477495
v -5.4928139212581755 -8.866582634450856 -6.040348903604521
v -5.4928139212581755 -10.690692637579309 -6.040348983338902
v -6.286127421049741 -8.866582634450856 -6.040348903604521
v -6.286127421049741 -8.866582634450856 -6.040348903604521
v -5.4928139212581755 -10.690692637579309 -6.040348983338902
v -6.286127421049741 -10.690692637579309 -6.040348983338902
v -6.286127421049741 -10.690693181994357 6.4144155285477495
v -6.024355057933462 -10.723235729765138 5.959868435982256
v -5.4928139212581755 -10.690693181994357 6.4144155285477495
v -5.4928139212581755 -10.690693181994357 6.4144155285477495
v -6.024355057933462 -10.723235729765138 5.959868435982256
v -5.489756563914625 -10.723235729765138 5.959868435982256
v -6.024355057933462 -21.0099912348689 -4.695845000443318
v -5.4928139212581755 -21.381385586519293 -4.957596033092841
v -5.489756563914625 -21.0099912348689 -4.695845000443318
v -5.4928139212581755 -21.381385586519293 -4.957596033092841
v -6.024355057933462 -21.0099912348689 -4.695845000443318
v -6.286127421049741 -21.381385586519293 -4.957596033092841
v -6.286127421049741 -20.28834777455777 -6.4144168826846375
v -5.4928139212581755 -20.28834777455777 -6.4144168826846375
v -5.4928139212581755 -21.38138552283963 -6.414416930462835
v -6.286127421049741 -20.28834777455777 -6.4144168826846375
v -5.4928139212581755 -21.38138552283963 -6.414416930462835
v -6.286127421049741 -21.38138552283963 -6.414416930462835
v -5.4928139212581755 -20.28834777455777 -6.4144168826846375
v -6.286127421049741 -20.28834777455777 -6.4144168826846375
v -6.286127421049741 -20.02657479057755 -6.0403493914232715
v -5.4928139212581755 -20.28834777455777 -6.4144168826846375
v -6.286127421049741 -20.02657479057755 -6.0403493914232715
v -5.4928139212581755 -20.02657479057755 -6.0403493914232715
v -6.286127421049741 -8.866583178865904 6.41441560828213
v -5.4928139212581755 -5.686572152340113 6.414415747284827
v -6.286127421049741 -5.686572152340113 6.414415747284827
v -5.4928139212581755 -5.686572152340113 6.414415747284827
v -6.286127421049741 -8.866583178865904 6.41441560828213
v -5.4928139212581755 -8.866583178865904 6.41441560828213
v -5.4928139212581755 -1.7750867218286768 -6.04034859362539
v -5.4928139212581755 -5.686571607925066 -6.040348764601824
v -6.286127421049741 -1.7750867218286768 -6.04034859362539
v -6.286127421049741 -1.7750867218286768 -6.04034859362539
v -5.4928139212581755 -5.686571607925066 -6.040348764601824
v -6.286127421049741 -5.686571607925066 -6.040348764601824
v -14.627112486722126 -8.604831556627628 -0.1563077105792456
v -7.35370014817272 -8.60483182850796 6.063589280878336
v -14.627112486722126 -5.6838350269023845 -0.15630758289843213
v -7.35370014817272 -5.683835298782717 6.0635894085591495
v -14.627112486722126 -5.6838350269023845 -0.15630758289843213
v -7.35370014817272 -8.60483182850796 6.063589280878336
v -1.4348685236384426 -1.4062047931580206 6.155038225061982
v 1.4348685236384426 -5.3176791652076885 6.155038054086007
v 1.4348685236384426 -1.4062047931580206 6.155038225061982
v 1.4348685236384426 -5.3176791652076885 6.155038054086007
v -1.4348685236384426 -1.4062047931580206 6.155038225061982
v -1.4348685236384426 -5.3176791652076885 6.155038054086007
v -7.483484903684939 -8.866582634450856 -6.040348903604521
v -13.612160333186694 -8.866582634450856 -6.040348903604521
v -7.483484903684939 -5.686571607925066 -6.040348764601824
v -13.612160333186694 -5.686571607925066 -6.040348764601824
v -7.483484903684939 -5.686571607925066 -6.040348764601824
v -13.612160333186694 -8.866582634450856 -6.040348903604521
v -14.966969807369878 -8.86658268177951 -4.957595486053432
v -14.966969807369878 -5.68657165525372 -4.957595347050735
v -14.966969807369878 -5.686571591574057 -6.414416244420729
v -14.966969807369878 -5.686571591574057 -6.414416244420729
v -14.966969807369878 -8.866582618099846 -6.414416383423426
v -14.966969807369878 -8.86658268177951 -4.957595486053432
v -14.627112486722126 -5.6838350269023845 -0.15630758289843213
v -14.594762357998206 -8.604831358198174 -4.695844458196557
v -14.627112486722126 -8.604831556627628 -0.1563077105792456
v -14.594762357998206 -8.604831358198174 -4.695844458196557
v -14.627112486722126 -5.6838350269023845 -0.15630758289843213
v -14.594762357998206 -5.68383482847293 -4.695844330515744
v -6.547835425455787 -8.60483182774065 6.04603528335851
v -6.547835425455787 -5.683835298015407 6.046035411039323
v -7.35370014817272 -5.683835298782717 6.0635894085591495
v -7.35370014817272 -5.683835298782717 6.0635894085591495
v -7.35370014817272 -8.60483182850796 6.063589280878336
v -6.547835425455787 -8.60483182774065 6.04603528335851
v -7.483484903684939 -8.866582634450856 -6.040348903604521
v -7.483484903684939 -5.686571607925066 -6.040348764601824
v -6.286127421049741 -5.686571607925066 -6.040348764601824
v -6.286127421049741 -5.686571607925066 -6.040348764601824
v -6.286127421049741 -8.866582634450856 -6.040348903604521
v -7.483484903684939 -8.866582634450856 -6.040348903604521
v -14.594762357998206 -8.604831358198174 -4.695844458196557
v -14.594762357998206 -5.68383482847293 -4.695844330515744
v -14.966969807369878 -5.68657165525372 -4.957595347050735
v -14.966969807369878 -5.68657165525372 -4.957595347050735
v -14.966969807369878 -8.86658268177951 -4.957595486053432
v -14.594762357998206 -8.604831358198174 -4.695844458196557
v -6.547835425455787 -5.683835298015407 6.046035411039323
v -6.547835425455787 -8.60483182774065 6.04603528335851
v -6.286127421049741 -5.686572152340113 6.414415747284827
v -6.286127421049741 -8.866583178865904 6.41441560828213
v -6.286127421049741 -5.686572152340113 6.414415747284827
v -6.547835425455787 -8.60483182774065 6.04603528335851
v -14.966969807369878 -8.866582618099846 -6.414416383423426
v -14.966969807369878 -5.686571591574057 -6.414416244420729
v -13.87393205908802 -5.686571591574057 -6.414416244420729
v -13.87393205908802 -5.686571591574057 -6.414416244420729
v -13.87393205908802 -8.866582618099846 -6.414416383423426
v -14.966969807369878 -8.866582618099846 -6.414416383423426
v -13.87393205908802 -8.866582618099846 -6.414416383423426
v -13.87393205908802 -5.686571591574057 -6.414416244420729
v -13.612160333186694 -5.686571607925066 -6.040348764601824
v -13.612160333186694 -5.686571607925066 -6.040348764601824
v -13.612160333186694 -8.866582634450856 -6.040348903604521
v -13.87393205908802 -8.866582618099846 -6.414416383423426
v -5.4928139212581755 -1.7750872662437243 6.414415918261262
v -1.8037508260826485 -5.686572152340113 6.414415747284827
v -1.8037508260826485 -1.7750872662437243 6.414415918261262
v -1.8037508260826485 -5.686572152340113 6.414415747284827
v -5.4928139212581755 -1.7750872662437243 6.414415918261262
v -5.4928139212581755 -5.686572152340113 6.414415747284827
v -5.4928139212581755 -5.686571607925066 -6.040348764601824
v -1.8037508260826485 -5.686571607925066 -6.040348764601824
v -5.4928139212581755 -8.866582634450856 -6.040348903604521
v -1.8037508260826485 -5.686571607925066 -6.040348764601824
v -1.8037508260826485 -8.866582634450856 -6.040348903604521
v -5.4928139212581755 -8.866582634450856 -6.040348903604521
v -6.286127421049741 -1.7750872662437243 6.414415918261262
v -5.4928139212581755 -5.686572152340113 6.414415747284827
v -5.4928139212581755 -1.7750872662437243 6.414415918261262
v -5.4928139212581755 -5.686572152340113 6.414415747284827
v -6.286127421049741 -1.7750872662437243 6.414415918261262
v -6.286127421049741 -5.686572152340113 6.414415747284827
v -6.286127421049741 -8.866582634450856 -6.040348903604521
v -6.286127421049741 -5.686571607925066 -6.040348764601824
v -5.4928139212581755 -5.686571607925066 -6.040348764601824
v -5.4928139212581755 -5.686571607925066 -6.040348764601824
v -5.4928139212581755 -8.866582634450856 -6.040348903604521
v -6.286127421049741 -8.866582634450856 -6.040348903604521
v -1.4348685236384426 1.4062042550674836 6.155038347996286
v -1.4348685236384426 -1.4062047931580206 6.155038225061982
v 1.4348685236384426 1.4062042550674836 6.155038347996286
v 1.4348685236384426 1.4062042550674836 6.155038347996286
v -1.4348685236384426 -1.4062047931580206 6.155038225061982
v 1.4348685236384426 -1.4062047931580206 6.155038225061982
v 1.8037508260826485 -10.690692637579309 -6.040348983338902
v 1.8037508260826485 -20.02657479057755 -6.0403493914232715
v -1.8037508260826485 -10.690692637579309 -6.040348983338902
v -1.8037508260826485 -10.690692637579309 -6.040348983338902
v 1.8037508260826485 -20.02657479057755 -6.0403493914232715
v -1.8037508260826485 -20.02657479057755 -6.0403493914232715
v 1.8026111671395597 -21.0099912348689 -4.695845000443318
v -1.8026111671395597 -21.0099912348689 -4.695845000443318
v -1.8037508260826485 -21.381385586519293 -4.957596033092841
v 1.8026111671395597 -21.0099912348689 -4.695845000443318
v -1.8037508260826485 -21.381385586519293 -4.957596033092841
v 1.8037508260826485 -21.381385586519293 -4.957596033092841
v -1.8037508260826485 -5.686572152340113 6.414415747284827
v -1.8037508260826485 -8.866583178865904 6.41441560828213
v 1.8037508260826485 -5.686572152340113 6.414415747284827
v 1.8037508260826485 -5.686572152340113 6.414415747284827
v -1.8037508260826485 -8.866583178865904 6.41441560828213
v 1.8037508260826485 -8.866583178865904 6.41441560828213
v -1.4348685236384426 -1.406204245004553 -6.3852513661450745
v 1.4348685236384426 -1.406204245004553 -6.3852513661450745
v -1.4348685236384426 -5.317678617054221 -6.385251537121049
v 1.4348685236384426 -1.406204245004553 -6.3852513661450745
v 1.4348685236384426 -5.317678617054221 -6.385251537121049
v -1.4348685236384426 -5.317678617054221 -6.385251537121049
v 1.8026111671395597 -21.055876006396073 -0.18430419421826222
v 1.8026111671395597 -10.723235729765138 5.959868435982256
v -1.8026111671395597 -10.723235729765138 5.959868435982256
v -1.8026111671395597 -10.723235729765138 5.959868435982256
v -1.8026111671395597 -21.055876006396073 -0.18430419421826222
v 1.8026111671395597 -21.055876006396073 -0.18430419421826222
v 7.483484903684939 -21.38138552283963 -6.414416930462835
v 14.966969807369878 -10.6906926212283 -6.4144164631578064
v 14.966969807369878 -10.690692684907964 -4.957595565787813
v 14.966969807369878 -10.690692684907964 -4.957595565787813
v 7.483484903684939 -21.381385586519293 -4.957596033092841
v 7.483484903684939 -21.38138552283963 -6.414416930462835
v 8.636027058689479 -17.208658918744174 0.9743383470004038
v 12.220851186506934 -12.087496158203873 0.9743385708535377
v 8.636048723997874 -12.087496292516219 4.047046900528178
v 13.612160333186694 -10.26362098077127 -6.040348964671007
v 6.778091774221366 -20.02657479057755 -6.0403493914232715
v 7.483484903684939 -10.690692637579309 -6.040348983338902
v 14.627112486722126 1.7745609717495676 -0.15630725688158864
v 14.627112486722126 -1.7745609580847463 -0.1563074120186354
v 14.594762357998206 1.774561170179021 -4.695844004498901
v 14.594762357998206 1.774561170179021 -4.695844004498901
v 14.627112486722126 -1.7745609580847463 -0.1563074120186354
v 14.594762357998206 -1.774560759655293 -4.695844159635947
v 7.483484903684939 -21.381385586519293 -4.957596033092841
v 14.966969807369878 -10.690692684907964 -4.957595565787813
v 14.966969807369878 -10.690692901611328 -4.6730502845093724e-7
v 14.966969807369878 -10.690692901611328 -4.6730502845093724e-7
v 7.483484903684939 -21.381385803222656 -9.346100569018745e-7
v 7.483484903684939 -21.381385586519293 -4.957596033092841
v 14.966969807369878 -8.866582898482875 -3.875706478308464e-7
v 7.483484903684939 -8.866583178865904 6.41441560828213
v 7.483484903684939 -10.690693181994357 6.4144155285477495
v 14.966969807369878 -8.866582898482875 -3.875706478308464e-7
v 7.483484903684939 -10.690693181994357 6.4144155285477495
v 14.966969807369878 -10.690692901611328 -4.6730502845093724e-7
v 1.8037508260826485 -8.866582634450856 -6.040348903604521
v -1.8037508260826485 -10.690692637579309 -6.040348983338902
v -1.8037508260826485 -8.866582634450856 -6.040348903604521
v -1.8037508260826485 -10.690692637579309 -6.040348983338902
v 1.8037508260826485 -8.866582634450856 -6.040348903604521
v 1.8037508260826485 -10.690692637579309 -6.040348983338902
v 7.483484903684939 -8.866582634450856 -6.040348903604521
v 13.612160333186694 -8.866582634450856 -6.040348903604521
v 13.612160333186694 -10.26362098077127 -6.040348964671007
v 7.483484903684939 -8.866582634450856 -6.040348903604521
v 13.612160333186694 -10.26362098077127 -6.040348964671007
v 7.483484903684939 -10.690692637579309 -6.040348983338902
v 14.966969807369878 -8.866582618099846 -6.414416383423426
v 14.966969807369878 -8.86658268177951 -4.957595486053432
v 14.966969807369878 -10.690692684907964 -4.957595565787813
v 14.966969807369878 -8.866582618099846 -6.414416383423426
v 14.966969807369878 -10.690692684907964 -4.957595565787813
v 14.966969807369878 -10.6906926212283 -6.4144164631578064
v 14.966969807369878 -8.86658268177951 -4.957595486053432
v 14.966969807369878 -8.866582898482875 -3.875706478308464e-7
v 14.966969807369878 -10.690692901611328 -4.6730502845093724e-7
v 14.966969807369878 -8.86658268177951 -4.957595486053432
v 14.966969807369878 -10.690692901611328 -4.6730502845093724e-7
v 14.966969807369878 -10.690692684907964 -4.957595565787813
v 6.286127421049741 -10.690693181994357 6.4144155285477495
v 7.483484903684939 -21.381385803222656 -9.346100569018745e-7
v 7.483484903684939 -10.690693181994357 6.4144155285477495
v 7.483484903684939 -21.381385803222656 -9.346100569018745e-7
v 6.286127421049741 -10.690693181994357 6.4144155285477495
v 6.286127421049741 -21.381385803222656 -9.346100569018745e-7
v 6.286127421049741 -21.381385803222656 -9.346100569018745e-7
v 7.483484903684939 -21.381385586519293 -4.957596033092841
v 7.483484903684939 -21.381385803222656 -9.346100569018745e-7
v 7.483484903684939 -21.381385586519293 -4.957596033092841
v 6.286127421049741 -21.381385803222656 -9.346100569018745e-7
v 6.286127421049741 -21.381385586519293 -4.957596033092841
v 6.286127421049741 -10.690692637579309 -6.040348983338902
v 6.778091774221366 -20.02657479057755 -6.0403493914232715
v 6.286127421049741 -20.02657479057755 -6.0403493914232715
v 6.778091774221366 -20.02657479057755 -6.0403493914232715
v 6.286127421049741 -10.690692637579309 -6.040348983338902
v 7.483484903684939 -10.690692637579309 -6.040348983338902
v 6.286127421049741 -21.381385586519293 -4.957596033092841
v 7.483484903684939 -21.38138552283963 -6.414416930462835
v 7.483484903684939 -21.381385586519293 -4.957596033092841
v 7.483484903684939 -21.38138552283963 -6.414416930462835
v 6.286127421049741 -21.381385586519293 -4.957596033092841
v 6.286127421049741 -21.38138552283963 -6.414416930462835
v 6.286127421049741 -8.866583178865904 6.41441560828213
v 7.483484903684939 -10.690693181994357 6.4144155285477495
v 7.483484903684939 -8.866583178865904 6.41441560828213
v 7.483484903684939 -10.690693181994357 6.4144155285477495
v 6.286127421049741 -8.866583178865904 6.41441560828213
v 6.286127421049741 -10.690693181994357 6.4144155285477495
v 6.286127421049741 -8.866582634450856 -6.040348903604521
v 7.483484903684939 -8.866582634450856 -6.040348903604521
v 6.286127421049741 -10.690692637579309 -6.040348983338902
v 7.483484903684939 -8.866582634450856 -6.040348903604521
v 7.483484903684939 -10.690692637579309 -6.040348983338902
v 6.286127421049741 -10.690692637579309 -6.040348983338902
v 14.594762357998206 -1.774560759655293 -4.695844159635947
v 14.966969807369878 1.7750872025640605 -4.957595020891268
v 14.594762357998206 1.774561170179021 -4.695844004498901
v 14.966969807369878 1.7750872025640605 -4.957595020891268
v 14.594762357998206 -1.774560759655293 -4.695844159635947
v 14.966969807369878 -1.7750867691573318 -4.9575951760743004
v 7.483484903684939 -8.866583178865904 6.41441560828213
v 6.547835425455787 -8.60483182774065 6.04603528335851
v 6.286127421049741 -8.866583178865904 6.41441560828213
v 6.547835425455787 -8.60483182774065 6.04603528335851
v 7.483484903684939 -8.866583178865904 6.41441560828213
v 7.35370014817272 -8.60483182850796 6.063589280878336
v 14.627112486722126 -8.604831556627628 -0.1563077105792456
v 7.35370014817272 -8.60483182850796 6.063589280878336
v 7.483484903684939 -8.866583178865904 6.41441560828213
v 7.483484903684939 -8.866583178865904 6.41441560828213
v 14.966969807369878 -8.866582898482875 -3.875706478308464e-7
v 14.627112486722126 -8.604831556627628 -0.1563077105792456
v 14.594762357998206 -8.604831358198174 -4.695844458196557
v 14.966969807369878 -8.866582898482875 -3.875706478308464e-7
v 14.966969807369878 -8.86658268177951 -4.957595486053432
v 14.966969807369878 -8.866582898482875 -3.875706478308464e-7
v 14.594762357998206 -8.604831358198174 -4.695844458196557
v 14.627112486722126 -8.604831556627628 -0.1563077105792456
v -1.8026111671395597 -10.723235729765138 5.959868435982256
v 1.8026111671395597 -10.723235729765138 5.959868435982256
v -1.8037508260826485 -10.690693181994357 6.4144155285477495
v 1.8037508260826485 -10.690693181994357 6.4144155285477495
v -1.8037508260826485 -10.690693181994357 6.4144155285477495
v 1.8026111671395597 -10.723235729765138 5.959868435982256
v 6.286127421049741 -21.381385803222656 -9.346100569018745e-7
v 6.024355057933462 -21.0099912348689 -4.695845000443318
v 6.286127421049741 -21.381385586519293 -4.957596033092841
v 6.024355057933462 -21.0099912348689 -4.695845000443318
v 6.286127421049741 -21.381385803222656 -9.346100569018745e-7
v 6.024355057933462 -21.055876006396073 -0.18430419421826222
v 6.286127421049741 -21.381385803222656 -9.346100569018745e-7
v 6.286127421049741 -10.690693181994357 6.4144155285477495
v 6.024355057933462 -10.723235729765138 5.959868435982256
v 6.286127421049741 -21.381385803222656 -9.346100569018745e-7
v 6.024355057933462 -10.723235729765138 5.959868435982256
v 6.024355057933462 -21.055876006396073 -0.18430419421826222
v 7.483484903684939 -10.690693181994357 6.4144155285477495
v 7.483484903684939 -21.381385803222656 -9.346100569018745e-7
v 8.64665389245738 -17.9804409283065 1.0435647881742112
v 7.483484903684939 -10.690693181994357 6.4144155285477495
v 8.64665389245738 -17.9804409283065 1.0435647881742112
v 8.64665389245738 -12.004365255221057 4.629219229342133
v 7.483484903684939 -21.381385803222656 -9.346100569018745e-7
v 14.966969807369878 -10.690692901611328 -4.6730502845093724e-7
v 8.64665389245738 -17.9804409283065 1.0435647881742112
v 8.64665389245738 -17.9804409283065 1.0435647881742112
v 14.966969807369878 -10.690692901611328 -4.6730502845093724e-7
v 12.82992162927485 -12.004365098487135 1.0435650493967823
v 7.483484903684939 -10.690693181994357 6.4144155285477495
v 12.82992162927485 -12.004365098487135 1.0435650493967823
v 14.966969807369878 -10.690692901611328 -4.6730502845093724e-7
v 12.82992162927485 -12.004365098487135 1.0435650493967823
v 7.483484903684939 -10.690693181994357 6.4144155285477495
v 8.64665389245738 -12.004365255221057 4.629219229342133
v 8.636027058689479 -17.208658918744174 0.9743383470004038
v 8.64665389245738 -12.004365255221057 4.629219229342133
v 8.64665389245738 -17.9804409283065 1.0435647881742112
v 8.64665389245738 -12.004365255221057 4.629219229342133
v 8.636027058689479 -17.208658918744174 0.9743383470004038
v 8.636048723997874 -12.087496292516219 4.047046900528178
v 8.636027058689479 -17.208658918744174 0.9743383470004038
v 12.82992162927485 -12.004365098487135 1.0435650493967823
v 12.220851186506934 -12.087496158203873 0.9743385708535377
v 12.82992162927485 -12.004365098487135 1.0435650493967823
v 8.636027058689479 -17.208658918744174 0.9743383470004038
v 8.64665389245738 -17.9804409283065 1.0435647881742112
v 8.64665389245738 -12.004365255221057 4.629219229342133
v 12.220851186506934 -12.087496158203873 0.9743385708535377
v 12.82992162927485 -12.004365098487135 1.0435650493967823
v 12.220851186506934 -12.087496158203873 0.9743385708535377
v 8.64665389245738 -12.004365255221057 4.629219229342133
v 8.636048723997874 -12.087496292516219 4.047046900528178
v 13.87393205908802 -8.866582618099846 -6.414416383423426
v 14.966969807369878 -8.866582618099846 -6.414416383423426
v 13.87393205908802 -10.346131379798953 -6.414416448096556
v 14.966969807369878 -8.866582618099846 -6.414416383423426
v 14.966969807369878 -10.6906926212283 -6.4144164631578064
v 13.87393205908802 -10.346131379798953 -6.414416448096556
v 6.914376759467132 -20.28834777455777 -6.4144168826846375
v 14.966969807369878 -10.6906926212283 -6.4144164631578064
v 7.483484903684939 -21.38138552283963 -6.414416930462835
v 14.966969807369878 -10.6906926212283 -6.4144164631578064
v 6.914376759467132 -20.28834777455777 -6.4144168826846375
v 13.87393205908802 -10.346131379798953 -6.414416448096556
v 6.914376759467132 -20.28834777455777 -6.4144168826846375
v 6.286127421049741 -21.38138552283963 -6.414416930462835
v 6.286127421049741 -20.28834777455777 -6.4144168826846375
v 6.286127421049741 -21.38138552283963 -6.414416930462835
v 6.914376759467132 -20.28834777455777 -6.4144168826846375
v 7.483484903684939 -21.38138552283963 -6.414416930462835
v 1.8037508260826485 -20.28834777455777 -6.4144168826846375
v -1.8037508260826485 -21.38138552283963 -6.414416930462835
v -1.8037508260826485 -20.28834777455777 -6.4144168826846375
v -1.8037508260826485 -21.38138552283963 -6.414416930462835
v 1.8037508260826485 -20.28834777455777 -6.4144168826846375
v 1.8037508260826485 -21.38138552283963 -6.414416930462835
v 13.612160333186694 -10.26362098077127 -6.040348964671007
v 13.612160333186694 -8.866582634450856 -6.040348903604521
v 13.87393205908802 -8.866582618099846 -6.414416383423426
v 13.87393205908802 -8.866582618099846 -6.414416383423426
v 13.87393205908802 -10.346131379798953 -6.414416448096556
v 13.612160333186694 -10.26362098077127 -6.040348964671007
v 6.778091774221366 -20.02657479057755 -6.0403493914232715
v 13.612160333186694 -10.26362098077127 -6.040348964671007
v 13.87393205908802 -10.346131379798953 -6.414416448096556
v 13.87393205908802 -10.346131379798953 -6.414416448096556
v 6.914376759467132 -20.28834777455777 -6.4144168826846375
v 6.778091774221366 -20.02657479057755 -6.0403493914232715
v 6.286127421049741 -20.28834777455777 -6.4144168826846375
v 6.778091774221366 -20.02657479057755 -6.0403493914232715
v 6.914376759467132 -20.28834777455777 -6.4144168826846375
v 6.778091774221366 -20.02657479057755 -6.0403493914232715
v 6.286127421049741 -20.28834777455777 -6.4144168826846375
v 6.286127421049741 -20.02657479057755 -6.0403493914232715
v -1.8037508260826485 -20.02657479057755 -6.0403493914232715
v 1.8037508260826485 -20.02657479057755 -6.0403493914232715
v -1.8037508260826485 -20.28834777455777 -6.4144168826846375
v 1.8037508260826485 -20.28834777455777 -6.4144168826846375
v -1.8037508260826485 -20.28834777455777 -6.4144168826846375
v 1.8037508260826485 -20.02657479057755 -6.0403493914232715
v 14.627112486722126 -1.7745609580847463 -0.1563074120186354
v 7.35370014817272 -1.7745612299650788 6.063589579438946
v 7.35370014817272 -5.683835298782717 6.0635894085591495
v 14.627112486722126 -1.7745609580847463 -0.1563074120186354
v 7.35370014817272 -5.683835298782717 6.0635894085591495
v 14.627112486722126 -5.6838350269023845 -0.15630758289843213
v 1.8037508260826485 -5.686571607925066 -6.040348764601824
v -1.8037508260826485 -8.866582634450856 -6.040348903604521
v -1.8037508260826485 -5.686571607925066 -6.040348764601824
v -1.8037508260826485 -8.866582634450856 -6.040348903604521
v 1.8037508260826485 -5.686571607925066 -6.040348764601824
v 1.8037508260826485 -8.866582634450856 -6.040348903604521
v 7.483484903684939 -1.7750867218286768 -6.04034859362539
v 13.612160333186694 -1.7750867218286768 -6.04034859362539
v 13.612160333186694 -5.686571607925066 -6.040348764601824
v 7.483484903684939 -1.7750867218286768 -6.04034859362539
v 13.612160333186694 -5.686571607925066 -6.040348764601824
v 7.483484903684939 -5.686571607925066 -6.040348764601824
v 14.966969807369878 -1.7750867691573318 -4.9575951760743004
v 14.966969807369878 -5.68657165525372 -4.957595347050735
v 14.966969807369878 -1.775086705477668 -6.414416073444294
v 14.966969807369878 -1.775086705477668 -6.414416073444294
v 14.966969807369878 -5.68657165525372 -4.957595347050735
v 14.966969807369878 -5.686571591574057 -6.414416244420729
v 14.594762357998206 -1.774560759655293 -4.695844159635947
v 14.627112486722126 -1.7745609580847463 -0.1563074120186354
v 14.627112486722126 -5.6838350269023845 -0.15630758289843213
v 14.594762357998206 -1.774560759655293 -4.695844159635947
v 14.627112486722126 -5.6838350269023845 -0.15630758289843213
v 14.594762357998206 -5.68383482847293 -4.695844330515744
v 6.547835425455787 -1.7745612291977693 6.04603558191912
v 6.547835425455787 -5.683835298015407 6.046035411039323
v 7.35370014817272 -1.7745612299650788 6.063589579438946
v 7.35370014817272 -1.7745612299650788 6.063589579438946
v 6.547835425455787 -5.683835298015407 6.046035411039323
v 7.35370014817272 -5.683835298782717 6.0635894085591495
v 7.483484903684939 -1.7750867218286768 -6.04034859362539
v 7.483484903684939 -5.686571607925066 -6.040348764601824
v 6.286127421049741 -1.7750867218286768 -6.04034859362539
v 6.286127421049741 -1.7750867218286768 -6.04034859362539
v 7.483484903684939 -5.686571607925066 -6.040348764601824
v 6.286127421049741 -5.686571607925066 -6.040348764601824
v 14.594762357998206 -1.774560759655293 -4.695844159635947
v 14.594762357998206 -5.68383482847293 -4.695844330515744
v 14.966969807369878 -1.7750867691573318 -4.9575951760743004
v 14.966969807369878 -1.7750867691573318 -4.9575951760743004
v 14.594762357998206 -5.68383482847293 -4.695844330515744
v 14.966969807369878 -5.68657165525372 -4.957595347050735
v 6.547835425455787 -5.683835298015407 6.046035411039323
v 6.547835425455787 -1.7745612291977693 6.04603558191912
v 6.286127421049741 -1.7750872662437243 6.414415918261262
v 6.286127421049741 -1.7750872662437243 6.414415918261262
v 6.286127421049741 -5.686572152340113 6.414415747284827
v 6.547835425455787 -5.683835298015407 6.046035411039323
v 14.966969807369878 -1.775086705477668 -6.414416073444294
v 14.966969807369878 -5.686571591574057 -6.414416244420729
v 13.87393205908802 -1.775086705477668 -6.414416073444294
v 13.87393205908802 -1.775086705477668 -6.414416073444294
v 14.966969807369878 -5.686571591574057 -6.414416244420729
v 13.87393205908802 -5.686571591574057 -6.414416244420729
v 13.87393205908802 -1.775086705477668 -6.414416073444294
v 13.87393205908802 -5.686571591574057 -6.414416244420729
v 13.612160333186694 -1.7750867218286768 -6.04034859362539
v 13.612160333186694 -1.7750867218286768 -6.04034859362539
v 13.87393205908802 -5.686571591574057 -6.414416244420729
v 13.612160333186694 -5.686571607925066 -6.040348764601824
v 1.8026111671395597 -10.723235729765138 5.959868435982256
v 5.489756563914625 -21.055876006396073 -0.18430419421826222
v 5.489756563914625 -10.723235729765138 5.959868435982256
v 5.489756563914625 -21.055876006396073 -0.18430419421826222
v 1.8026111671395597 -10.723235729765138 5.959868435982256
v 1.8026111671395597 -21.055876006396073 -0.18430419421826222
v 1.8026111671395597 -21.055876006396073 -0.18430419421826222
v 5.489756563914625 -21.0099912348689 -4.695845000443318
v 5.489756563914625 -21.055876006396073 -0.18430419421826222
v 5.489756563914625 -21.0099912348689 -4.695845000443318
v 1.8026111671395597 -21.055876006396073 -0.18430419421826222
v 1.8026111671395597 -21.0099912348689 -4.695845000443318
v 1.8037508260826485 -10.690692637579309 -6.040348983338902
v 5.4928139212581755 -20.02657479057755 -6.0403493914232715
v 1.8037508260826485 -20.02657479057755 -6.0403493914232715
v 5.4928139212581755 -20.02657479057755 -6.0403493914232715
v 1.8037508260826485 -10.690692637579309 -6.040348983338902
v 5.4928139212581755 -10.690692637579309 -6.040348983338902
v 1.8037508260826485 -21.381385586519293 -4.957596033092841
v 5.4928139212581755 -21.38138552283963 -6.414416930462835
v 5.4928139212581755 -21.381385586519293 -4.957596033092841
v 5.4928139212581755 -21.38138552283963 -6.414416930462835
v 1.8037508260826485 -21.381385586519293 -4.957596033092841
v 1.8037508260826485 -21.38138552283963 -6.414416930462835
v 1.8037508260826485 -8.866583178865904 6.41441560828213
v 5.4928139212581755 -10.690693181994357 6.4144155285477495
v 5.4928139212581755 -8.866583178865904 6.41441560828213
v 5.4928139212581755 -10.690693181994357 6.4144155285477495
v 1.8037508260826485 -8.866583178865904 6.41441560828213
v 1.8037508260826485 -10.690693181994357 6.4144155285477495
v 5.4928139212581755 -10.690692637579309 -6.040348983338902
v 1.8037508260826485 -8.866582634450856 -6.040348903604521
v 5.4928139212581755 -8.866582634450856 -6.040348903604521
v 1.8037508260826485 -8.866582634450856 -6.040348903604521
v 5.4928139212581755 -10.690692637579309 -6.040348983338902
v 1.8037508260826485 -10.690692637579309 -6.040348983338902
v 1.8037508260826485 -10.690693181994357 6.4144155285477495
v 5.489756563914625 -10.723235729765138 5.959868435982256
v 5.4928139212581755 -10.690693181994357 6.4144155285477495
v 5.489756563914625 -10.723235729765138 5.959868435982256
v 1.8037508260826485 -10.690693181994357 6.4144155285477495
v 1.8026111671395597 -10.723235729765138 5.959868435982256
v 5.489756563914625 -21.0099912348689 -4.695845000443318
v 1.8026111671395597 -21.0099912348689 -4.695845000443318
v 1.8037508260826485 -21.381385586519293 -4.957596033092841
v 5.489756563914625 -21.0099912348689 -4.695845000443318
v 1.8037508260826485 -21.381385586519293 -4.957596033092841
v 5.4928139212581755 -21.381385586519293 -4.957596033092841
v 5.4928139212581755 -21.38138552283963 -6.414416930462835
v 1.8037508260826485 -21.38138552283963 -6.414416930462835
v 5.4928139212581755 -20.28834777455777 -6.4144168826846375
v 1.8037508260826485 -20.28834777455777 -6.4144168826846375
v 5.4928139212581755 -20.28834777455777 -6.4144168826846375
v 1.8037508260826485 -21.38138552283963 -6.414416930462835
v 1.8037508260826485 -20.28834777455777 -6.4144168826846375
v 5.4928139212581755 -20.02657479057755 -6.0403493914232715
v 5.4928139212581755 -20.28834777455777 -6.4144168826846375
v 5.4928139212581755 -20.02657479057755 -6.0403493914232715
v 1.8037508260826485 -20.28834777455777 -6.4144168826846375
v 1.8037508260826485 -20.02657479057755 -6.0403493914232715
v 1.8037508260826485 -5.686572152340113 6.414415747284827
v 5.4928139212581755 -8.866583178865904 6.41441560828213
v 5.4928139212581755 -5.686572152340113 6.414415747284827
v 5.4928139212581755 -8.866583178865904 6.41441560828213
v 1.8037508260826485 -5.686572152340113 6.414415747284827
v 1.8037508260826485 -8.866583178865904 6.41441560828213
v 1.8037508260826485 -1.7750867218286768 -6.04034859362539
v 5.4928139212581755 -1.7750867218286768 -6.04034859362539
v 1.8037508260826485 -5.686571607925066 -6.040348764601824
v 5.4928139212581755 -1.7750867218286768 -6.04034859362539
v 5.4928139212581755 -5.686571607925066 -6.040348764601824
v 1.8037508260826485 -5.686571607925066 -6.040348764601824
v 5.489756563914625 -10.723235729765138 5.959868435982256
v 6.024355057933462 -21.055876006396073 -0.18430419421826222
v 6.024355057933462 -10.723235729765138 5.959868435982256
v 6.024355057933462 -21.055876006396073 -0.18430419421826222
v 5.489756563914625 -10.723235729765138 5.959868435982256
v 5.489756563914625 -21.055876006396073 -0.18430419421826222
v 5.489756563914625 -21.055876006396073 -0.18430419421826222
v 6.024355057933462 -21.0099912348689 -4.695845000443318
v 6.024355057933462 -21.055876006396073 -0.18430419421826222
v 6.024355057933462 -21.0099912348689 -4.695845000443318
v 5.489756563914625 -21.055876006396073 -0.18430419421826222
v 5.489756563914625 -21.0099912348689 -4.695845000443318
v 5.4928139212581755 1.775086705477668 6.414416073444294
v 5.4928139212581755 -1.7750872662437243 6.414415918261262
v 6.286127421049741 1.775086705477668 6.414416073444294
v 6.286127421049741 1.775086705477668 6.414416073444294
v 5.4928139212581755 -1.7750872662437243 6.414415918261262
v 6.286127421049741 -1.7750872662437243 6.414415918261262
v 5.4928139212581755 -20.02657479057755 -6.0403493914232715
v 5.4928139212581755 -10.690692637579309 -6.040348983338902
v 6.286127421049741 -10.690692637579309 -6.040348983338902
v 6.286127421049741 -10.690692637579309 -6.040348983338902
v 6.286127421049741 -20.02657479057755 -6.0403493914232715
v 5.4928139212581755 -20.02657479057755 -6.0403493914232715
v 5.4928139212581755 -21.381385586519293 -4.957596033092841
v 6.286127421049741 -21.38138552283963 -6.414416930462835
v 6.286127421049741 -21.381385586519293 -4.957596033092841
v 6.286127421049741 -21.38138552283963 -6.414416930462835
v 5.4928139212581755 -21.381385586519293 -4.957596033092841
v 5.4928139212581755 -21.38138552283963 -6.414416930462835
v 6.286127421049741 -8.866583178865904 6.41441560828213
v 5.4928139212581755 -10.690693181994357 6.4144155285477495
v 6.286127421049741 -10.690693181994357 6.4144155285477495
v 5.4928139212581755 -10.690693181994357 6.4144155285477495
v 6.286127421049741 -8.866583178865904 6.41441560828213
v 5.4928139212581755 -8.866583178865904 6.41441560828213
v 5.4928139212581755 -10.690692637579309 -6.040348983338902
v 5.4928139212581755 -8.866582634450856 -6.040348903604521
v 6.286127421049741 -8.866582634450856 -6.040348903604521
v 6.286127421049741 -8.866582634450856 -6.040348903604521
v 6.286127421049741 -10.690692637579309 -6.040348983338902
v 5.4928139212581755 -10.690692637579309 -6.040348983338902
v 6.286127421049741 -10.690693181994357 6.4144155285477495
v 5.4928139212581755 -10.690693181994357 6.4144155285477495
v 6.024355057933462 -10.723235729765138 5.959868435982256
v 6.024355057933462 -10.723235729765138 5.959868435982256
v 5.4928139212581755 -10.690693181994357 6.4144155285477495
v 5.489756563914625 -10.723235729765138 5.959868435982256
v 6.024355057933462 -21.0099912348689 -4.695845000443318
v 5.489756563914625 -21.0099912348689 -4.695845000443318
v 5.4928139212581755 -21.381385586519293 -4.957596033092841
v 5.4928139212581755 -21.381385586519293 -4.957596033092841
v 6.286127421049741 -21.381385586519293 -4.957596033092841
v 6.024355057933462 -21.0099912348689 -4.695845000443318
v 5.4928139212581755 -20.28834777455777 -6.4144168826846375
v 6.286127421049741 -20.28834777455777 -6.4144168826846375
v 5.4928139212581755 -21.38138552283963 -6.414416930462835
v 6.286127421049741 -20.28834777455777 -6.4144168826846375
v 6.286127421049741 -21.38138552283963 -6.414416930462835
v 5.4928139212581755 -21.38138552283963 -6.414416930462835
v 5.4928139212581755 -20.28834777455777 -6.4144168826846375
v 6.286127421049741 -20.02657479057755 -6.0403493914232715
v 6.286127421049741 -20.28834777455777 -6.4144168826846375
v 6.286127421049741 -20.02657479057755 -6.0403493914232715
v 5.4928139212581755 -20.28834777455777 -6.4144168826846375
v 5.4928139212581755 -20.02657479057755 -6.0403493914232715
v 5.4928139212581755 -5.686572152340113 6.414415747284827
v 6.286127421049741 -8.866583178865904 6.41441560828213
v 6.286127421049741 -5.686572152340113 6.414415747284827
v 6.286127421049741 -8.866583178865904 6.41441560828213
v 5.4928139212581755 -5.686572152340113 6.414415747284827
v 5.4928139212581755 -8.866583178865904 6.41441560828213
v 5.4928139212581755 -5.686571607925066 -6.040348764601824
v 5.4928139212581755 -1.7750867218286768 -6.04034859362539
v 6.286127421049741 -1.7750867218286768 -6.04034859362539
v 6.286127421049741 -1.7750867218286768 -6.04034859362539
v 6.286127421049741 -5.686571607925066 -6.040348764601824
v 5.4928139212581755 -5.686571607925066 -6.040348764601824
v 14.627112486722126 -5.6838350269023845 -0.15630758289843213
v 7.35370014817272 -5.683835298782717 6.0635894085591495
v 7.35370014817272 -8.60483182850796 6.063589280878336
v 14.627112486722126 -5.6838350269023845 -0.15630758289843213
v 7.35370014817272 -8.60483182850796 6.063589280878336
v 14.627112486722126 -8.604831556627628 -0.1563077105792456
v 7.483484903684939 -5.686571607925066 -6.040348764601824
v 13.612160333186694 -5.686571607925066 -6.040348764601824
v 13.612160333186694 -8.866582634450856 -6.040348903604521
v 7.483484903684939 -5.686571607925066 -6.040348764601824
v 13.612160333186694 -8.866582634450856 -6.040348903604521
v 7.483484903684939 -8.866582634450856 -6.040348903604521
v 14.966969807369878 -5.68657165525372 -4.957595347050735
v 14.966969807369878 -8.86658268177951 -4.957595486053432
v 14.966969807369878 -5.686571591574057 -6.414416244420729
v 14.966969807369878 -5.686571591574057 -6.414416244420729
v 14.966969807369878 -8.86658268177951 -4.957595486053432
v 14.966969807369878 -8.866582618099846 -6.414416383423426
v 14.627112486722126 -5.6838350269023845 -0.15630758289843213
v 14.594762357998206 -8.604831358198174 -4.695844458196557
v 14.594762357998206 -5.68383482847293 -4.695844330515744
v 14.594762357998206 -8.604831358198174 -4.695844458196557
v 14.627112486722126 -5.6838350269023845 -0.15630758289843213
v 14.627112486722126 -8.604831556627628 -0.1563077105792456
v 6.547835425455787 -5.683835298015407 6.046035411039323
v 6.547835425455787 -8.60483182774065 6.04603528335851
v 7.35370014817272 -5.683835298782717 6.0635894085591495
v 7.35370014817272 -5.683835298782717 6.0635894085591495
v 6.547835425455787 -8.60483182774065 6.04603528335851
v 7.35370014817272 -8.60483182850796 6.063589280878336
v 7.483484903684939 -5.686571607925066 -6.040348764601824
v 7.483484903684939 -8.866582634450856 -6.040348903604521
v 6.286127421049741 -5.686571607925066 -6.040348764601824
v 6.286127421049741 -5.686571607925066 -6.040348764601824
v 7.483484903684939 -8.866582634450856 -6.040348903604521
v 6.286127421049741 -8.866582634450856 -6.040348903604521
v 14.594762357998206 -5.68383482847293 -4.695844330515744
v 14.594762357998206 -8.604831358198174 -4.695844458196557
v 14.966969807369878 -5.68657165525372 -4.957595347050735
v 14.966969807369878 -5.68657165525372 -4.957595347050735
v 14.594762357998206 -8.604831358198174 -4.695844458196557
v 14.966969807369878 -8.86658268177951 -4.957595486053432
v 6.547835425455787 -8.60483182774065 6.04603528335851
v 6.547835425455787 -5.683835298015407 6.046035411039323
v 6.286127421049741 -5.686572152340113 6.414415747284827
v 6.286127421049741 -5.686572152340113 6.414415747284827
v 6.286127421049741 -8.866583178865904 6.41441560828213
v 6.547835425455787 -8.60483182774065 6.04603528335851
v 14.966969807369878 -5.686571591574057 -6.414416244420729
v 14.966969807369878 -8.866582618099846 -6.414416383423426
v 13.87393205908802 -5.686571591574057 -6.414416244420729
v 13.87393205908802 -5.686571591574057 -6.414416244420729
v 14.966969807369878 -8.866582618099846 -6.414416383423426
v 13.87393205908802 -8.866582618099846 -6.414416383423426
v 13.87393205908802 -5.686571591574057 -6.414416244420729
v 13.87393205908802 -8.866582618099846 -6.414416383423426
v 13.612160333186694 -5.686571607925066 -6.040348764601824
v 13.612160333186694 -5.686571607925066 -6.040348764601824
v 13.87393205908802 -8.866582618099846 -6.414416383423426
v 13.612160333186694 -8.866582634450856 -6.040348903604521
v 1.8037508260826485 -5.686572152340113 6.414415747284827
v 5.4928139212581755 -1.7750872662437243 6.414415918261262
v 1.8037508260826485 -1.7750872662437243 6.414415918261262
v 5.4928139212581755 -1.7750872662437243 6.414415918261262
v 1.8037508260826485 -5.686572152340113 6.414415747284827
v 5.4928139212581755 -5.686572152340113 6.414415747284827
v 1.8037508260826485 -5.686571607925066 -6.040348764601824
v 5.4928139212581755 -5.686571607925066 -6.040348764601824
v 5.4928139212581755 -8.866582634450856 -6.040348903604521
v 1.8037508260826485 -5.686571607925066 -6.040348764601824
v 5.4928139212581755 -8.866582634450856 -6.040348903604521
v 1.8037508260826485 -8.866582634450856 -6.040348903604521
v 5.4928139212581755 -5.686572152340113 6.414415747284827
v 6.286127421049741 -1.7750872662437243 6.414415918261262
v 5.4928139212581755 -1.7750872662437243 6.414415918261262
v 6.286127421049741 -1.7750872662437243 6.414415918261262
v 5.4928139212581755 -5.686572152340113 6.414415747284827
v 6.286127421049741 -5.686572152340113 6.414415747284827
v 6.286127421049741 -5.686571607925066 -6.040348764601824
v 6.286127421049741 -8.866582634450856 -6.040348903604521
v 5.4928139212581755 -5.686571607925066 -6.040348764601824
v 5.4928139212581755 -5.686571607925066 -6.040348764601824
v 6.286127421049741 -8.866582634450856 -6.040348903604521
v 5.4928139212581755 -8.866582634450856 -6.040348903604521
v 1.8037508260826485 -21.381385586519293 -4.957596033092841
v -1.8037508260826485 -21.381385586519293 -4.957596033092841
v -1.8037508260826485 -21.38138552283963 -6.414416930462835
v 1.8037508260826485 -21.381385586519293 -4.957596033092841
v -1.8037508260826485 -21.38138552283963 -6.414416930462835
v 1.8037508260826485 -21.38138552283963 -6.414416930462835
v -1.8037508260826485 -10.690693181994357 6.4144155285477495
v 1.8037508260826485 -8.866583178865904 6.41441560828213
v -1.8037508260826485 -8.866583178865904 6.41441560828213
v 1.8037508260826485 -8.866583178865904 6.41441560828213
v -1.8037508260826485 -10.690693181994357 6.4144155285477495
v 1.8037508260826485 -10.690693181994357 6.4144155285477495
v -6.286127421049741 -1.7750867218286768 -6.04034859362539
v -6.286127421049741 1.7750872498927155 -6.040348438442357
v -5.4928139212581755 1.7750872498927155 -6.040348438442357
v -5.4928139212581755 1.7750872498927155 -6.040348438442357
v -5.4928139212581755 -1.7750867218286768 -6.04034859362539
v -6.286127421049741 -1.7750867218286768 -6.04034859362539
v 5.123942292164429 -1.406204245004553 -6.3852513661450745
v 1.4348685236384426 1.406204803220951 -6.38525124321077
v 5.123942292164429 1.406204803220951 -6.38525124321077
v 1.4348685236384426 1.406204803220951 -6.38525124321077
v 5.123942292164429 -1.406204245004553 -6.3852513661450745
v 1.4348685236384426 -1.406204245004553 -6.3852513661450745
v 5.4928139212581755 -1.7750867218286768 -6.04034859362539
v 5.4928139212581755 1.7750872498927155 -6.040348438442357
v 6.286127421049741 1.7750872498927155 -6.040348438442357
v 6.286127421049741 1.7750872498927155 -6.040348438442357
v 6.286127421049741 -1.7750867218286768 -6.04034859362539
v 5.4928139212581755 -1.7750867218286768 -6.04034859362539
v -1.8037508260826485 1.775086705477668 6.414416073444294
v -5.4928139212581755 1.775086705477668 6.414416073444294
v -5.123942292164429 1.4062042550674836 6.155038347996286
v -1.8037508260826485 1.775086705477668 6.414416073444294
v -5.123942292164429 1.4062042550674836 6.155038347996286
v -1.4348685236384426 1.4062042550674836 6.155038347996286
v -5.4928139212581755 1.775086705477668 6.414416073444294
v -5.4928139212581755 -1.7750872662437243 6.414415918261262
v -5.123942292164429 -1.4062047931580206 6.155038225061982
v -5.4928139212581755 1.775086705477668 6.414416073444294
v -5.123942292164429 -1.4062047931580206 6.155038225061982
v -5.123942292164429 1.4062042550674836 6.155038347996286
v -5.123942292164429 -1.4062047931580206 6.155038225061982
v -1.8037508260826485 -1.7750872662437243 6.414415918261262
v -1.4348685236384426 -1.4062047931580206 6.155038225061982
v -1.8037508260826485 -1.7750872662437243 6.414415918261262
v -5.123942292164429 -1.4062047931580206 6.155038225061982
v -5.4928139212581755 -1.7750872662437243 6.414415918261262
v -1.4348685236384426 -5.3176791652076885 6.155038054086007
v -1.4348685236384426 -1.4062047931580206 6.155038225061982
v -1.8037508260826485 -1.7750872662437243 6.414415918261262
v -1.8037508260826485 -1.7750872662437243 6.414415918261262
v -1.8037508260826485 -5.686572152340113 6.414415747284827
v -1.4348685236384426 -5.3176791652076885 6.155038054086007
v -1.8037508260826485 -5.686572152340113 6.414415747284827
v 1.8037508260826485 -5.686572152340113 6.414415747284827
v 1.4348685236384426 -5.3176791652076885 6.155038054086007
v -1.8037508260826485 -5.686572152340113 6.414415747284827
v 1.4348685236384426 -5.3176791652076885 6.155038054086007
v -1.4348685236384426 -5.3176791652076885 6.155038054086007
v 1.8037508260826485 -1.7750872662437243 6.414415918261262
v 1.4348685236384426 -5.3176791652076885 6.155038054086007
v 1.8037508260826485 -5.686572152340113 6.414415747284827
v 1.4348685236384426 -5.3176791652076885 6.155038054086007
v 1.8037508260826485 -1.7750872662437243 6.414415918261262
v 1.4348685236384426 -1.4062047931580206 6.155038225061982
v 5.123942292164429 -1.4062047931580206 6.155038225061982
v 1.4348685236384426 -1.4062047931580206 6.155038225061982
v 1.8037508260826485 -1.7750872662437243 6.414415918261262
v 1.8037508260826485 -1.7750872662437243 6.414415918261262
v 5.4928139212581755 -1.7750872662437243 6.414415918261262
v 5.123942292164429 -1.4062047931580206 6.155038225061982
v 5.4928139212581755 -1.7750872662437243 6.414415918261262
v 5.4928139212581755 1.775086705477668 6.414416073444294
v 5.123942292164429 1.4062042550674836 6.155038347996286
v 5.4928139212581755 -1.7750872662437243 6.414415918261262
v 5.123942292164429 1.4062042550674836 6.155038347996286
v 5.123942292164429 -1.4062047931580206 6.155038225061982
v 1.8037508260826485 1.775086705477668 6.414416073444294
v 5.123942292164429 1.4062042550674836 6.155038347996286
v 5.4928139212581755 1.775086705477668 6.414416073444294
v 5.123942292164429 1.4062042550674836 6.155038347996286
v 1.8037508260826485 1.775086705477668 6.414416073444294
v 1.4348685236384426 1.4062042550674836 6.155038347996286
v 1.4348685236384426 5.317678627117151 6.155038518972261
v 1.4348685236384426 1.4062042550674836 6.155038347996286
v 1.8037508260826485 1.775086705477668 6.414416073444294
v 1.8037508260826485 1.775086705477668 6.414416073444294
v 1.8037508260826485 5.686571591574057 6.414416244420729
v 1.4348685236384426 5.317678627117151 6.155038518972261
v 1.8037508260826485 5.686571591574057 6.414416244420729
v -1.8037508260826485 5.686571591574057 6.414416244420729
v -1.4348685236384426 5.317678627117151 6.155038518972261
v 1.8037508260826485 5.686571591574057 6.414416244420729
v -1.4348685236384426 5.317678627117151 6.155038518972261
v 1.4348685236384426 5.317678627117151 6.155038518972261
v -1.4348685236384426 5.317678627117151 6.155038518972261
v -1.8037508260826485 1.775086705477668 6.414416073444294
v -1.4348685236384426 1.4062042550674836 6.155038347996286
v -1.8037508260826485 1.775086705477668 6.414416073444294
v -1.4348685236384426 5.317678627117151 6.155038518972261
v -1.8037508260826485 5.686571591574057 6.414416244420729
v -1.4348685236384426 5.3176791752706185 -6.385251072234795
v -1.4348685236384426 1.406204803220951 -6.38525124321077
v -1.8037508260826485 1.7750872498927155 -6.040348438442357
v -1.8037508260826485 1.7750872498927155 -6.040348438442357
v -1.8037508260826485 5.686572135989104 -6.040348267465922
v -1.4348685236384426 5.3176791752706185 -6.385251072234795
v -1.8037508260826485 5.686572135989104 -6.040348267465922
v 1.8037508260826485 5.686572135989104 -6.040348267465922
v 1.4348685236384426 5.3176791752706185 -6.385251072234795
v -1.8037508260826485 5.686572135989104 -6.040348267465922
v 1.4348685236384426 5.3176791752706185 -6.385251072234795
v -1.4348685236384426 5.3176791752706185 -6.385251072234795
v 1.4348685236384426 5.3176791752706185 -6.385251072234795
v 1.8037508260826485 1.7750872498927155 -6.040348438442357
v 1.4348685236384426 1.406204803220951 -6.38525124321077
v 1.8037508260826485 1.7750872498927155 -6.040348438442357
v 1.4348685236384426 5.3176791752706185 -6.385251072234795
v 1.8037508260826485 5.686572135989104 -6.040348267465922
v 1.8037508260826485 1.7750872498927155 -6.040348438442357
v 5.4928139212581755 1.7750872498927155 -6.040348438442357
v 5.123942292164429 1.406204803220951 -6.38525124321077
v 1.8037508260826485 1.7750872498927155 -6.040348438442357
v 5.123942292164429 1.406204803220951 -6.38525124321077
v 1.4348685236384426 1.406204803220951 -6.38525124321077
v 5.4928139212581755 1.7750872498927155 -6.040348438442357
v 5.4928139212581755 -1.7750867218286768 -6.04034859362539
v 5.123942292164429 -1.406204245004553 -6.3852513661450745
v 5.4928139212581755 1.7750872498927155 -6.040348438442357
v 5.123942292164429 -1.406204245004553 -6.3852513661450745
v 5.123942292164429 1.406204803220951 -6.38525124321077
v 5.123942292164429 -1.406204245004553 -6.3852513661450745
v 1.8037508260826485 -1.7750867218286768 -6.04034859362539
v 1.4348685236384426 -1.406204245004553 -6.3852513661450745
v 1.8037508260826485 -1.7750867218286768 -6.04034859362539
v 5.123942292164429 -1.406204245004553 -6.3852513661450745
v 5.4928139212581755 -1.7750867218286768 -6.04034859362539
v 1.4348685236384426 -5.317678617054221 -6.385251537121049
v 1.4348685236384426 -1.406204245004553 -6.3852513661450745
v 1.8037508260826485 -1.7750867218286768 -6.04034859362539
v 1.8037508260826485 -1.7750867218286768 -6.04034859362539
v 1.8037508260826485 -5.686571607925066 -6.040348764601824
v 1.4348685236384426 -5.317678617054221 -6.385251537121049
v 1.8037508260826485 -5.686571607925066 -6.040348764601824
v -1.8037508260826485 -5.686571607925066 -6.040348764601824
v -1.4348685236384426 -5.317678617054221 -6.385251537121049
v 1.8037508260826485 -5.686571607925066 -6.040348764601824
v -1.4348685236384426 -5.317678617054221 -6.385251537121049
v 1.4348685236384426 -5.317678617054221 -6.385251537121049
v -1.8037508260826485 -1.7750867218286768 -6.04034859362539
v -1.4348685236384426 -5.317678617054221 -6.385251537121049
v -1.8037508260826485 -5.686571607925066 -6.040348764601824
v -1.4348685236384426 -5.317678617054221 -6.385251537121049
v -1.8037508260826485 -1.7750867218286768 -6.04034859362539
v -1.4348685236384426 -1.406204245004553 -6.3852513661450745
v -5.123942292164429 -1.406204245004553 -6.3852513661450745
v -1.4348685236384426 -1.406204245004553 -6.3852513661450745
v -1.8037508260826485 -1.7750867218286768 -6.04034859362539
v -1.8037508260826485 -1.7750867218286768 -6.04034859362539
v -5.4928139212581755 -1.7750867218286768 -6.04034859362539
v -5.123942292164429 -1.406204245004553 -6.3852513661450745
v -5.4928139212581755 -1.7750867218286768 -6.04034859362539
v -5.4928139212581755 1.7750872498927155 -6.040348438442357
v -5.123942292164429 1.406204803220951 -6.38525124321077
v -5.4928139212581755 -1.7750867218286768 -6.04034859362539
v -5.123942292164429 1.406204803220951 -6.38525124321077
v -5.123942292164429 -1.406204245004553 -6.3852513661450745
v -1.8037508260826485 1.7750872498927155 -6.040348438442357
v -5.123942292164429 1.406204803220951 -6.38525124321077
v -5.4928139212581755 1.7750872498927155 -6.040348438442357
v -5.123942292164429 1.406204803220951 -6.38525124321077
v -1.8037508260826485 1.7750872498927155 -6.040348438442357
v -1.4348685236384426 1.406204803220951 -6.38525124321077
vt 0.2987529933452606 0.9924119710922241
vt 0.2542780041694641 0.9924119710922241
vt 0.2542780041694641 0.9367560148239136
vt 0.2987529933452606 0.9924119710922241
vt 0.2542780041694641 0.9367560148239136
vt 0.2987529933452606 0.9367560148239136
vt 0.5818009972572327 0.3949129581451416
vt 0.6998599767684937 0.3949129581451416
vt 0.6998599767684937 0.4386950135231018
vt 0.5818009972572327 0.3949129581451416
vt 0.6998599767684937 0.4386950135231018
vt 0.5818009972572327 0.4386950135231018
vt 0.005000010132789612 0.6097540259361267
vt 0.08060330152511597 0.6097540259361267
vt 0.08060330152511597 0.6535490155220032
vt 0.005000010132789612 0.6097540259361267
vt 0.08060330152511597 0.6535490155220032
vt 0.005000010132789612 0.6535490155220032
vt 0.6572750210762024 0.039509475231170654
vt 0.7010689973831177 0.039509475231170654
vt 0.6572750210762024 0.057480812072753906
vt 0.6572750210762024 0.057480812072753906
vt 0.7010689973831177 0.039509475231170654
vt 0.7010689973831177 0.057480812072753906
vt 0.9022459983825684 0.5401700139045715
vt 0.9221019744873047 0.39446401596069336
vt 0.9221019744873047 0.5401700139045715
vt 0.9221019744873047 0.39446401596069336
vt 0.9022459983825684 0.5401700139045715
vt 0.9022459983825684 0.39446401596069336
vt 0.7395769953727722 0.921966016292572
vt 0.7731530070304871 0.9913870096206665
vt 0.714909017086029 0.9913870096206665
vt 0.005000010132789612 0.5050399899482727
vt 0.08930490165948868 0.38460397720336914
vt 0.08060330152511597 0.49977201223373413
vt 0.38460400700569153 0.46886301040649414
vt 0.4406050145626068 0.46886301040649414
vt 0.4406050145626068 0.5126460194587708
vt 0.38460400700569153 0.46886301040649414
vt 0.4406050145626068 0.5126460194587708
vt 0.38460400700569153 0.5126460194587708
vt 0.9221019744873047 0.5401700139045715
vt 0.9896699786186218 0.39446401596069336
vt 0.9896699786186218 0.5401700139045715
vt 0.9896699786186218 0.39446401596069336
vt 0.9221019744873047 0.5401700139045715
vt 0.9221019744873047 0.39446401596069336
vt 0.680400013923645 0.7987179756164551
vt 0.8019869923591614 0.8212199807167053
vt 0.680400013923645 0.8212199807167053
vt 0.8019869923591614 0.8212199807167053
vt 0.680400013923645 0.7987179756164551
vt 0.8019869923591614 0.7987179756164551
vt 0.005000010132789612 0.5050399899482727
vt 0.08060330152511597 0.49977201223373413
vt 0.08060330152511597 0.5222740173339844
vt 0.005000010132789612 0.5050399899482727
vt 0.08060330152511597 0.5222740173339844
vt 0.005000010132789612 0.5222740173339844
vt 0.5697939991950989 0.039509475231170654
vt 0.5472919940948486 0.057480812072753906
vt 0.5472919940948486 0.039509475231170654
vt 0.5472919940948486 0.057480812072753906
vt 0.5697939991950989 0.039509475231170654
vt 0.5697939991950989 0.057480812072753906
vt 0.5697939991950989 0.057480812072753906
vt 0.5472919940948486 0.11863797903060913
vt 0.5472919940948486 0.057480812072753906
vt 0.5472919940948486 0.11863797903060913
vt 0.5697939991950989 0.057480812072753906
vt 0.5697939991950989 0.11863797903060913
vt 0.8129580020904541 0.7505800127983093
vt 0.6705399751663208 0.7505800127983093
vt 0.6705399751663208 0.7346289753913879
vt 0.6705399751663208 0.7346289753913879
vt 0.8129580020904541 0.7346289753913879
vt 0.8129580020904541 0.7505800127983093
vt 0.7891079783439636 0.3402160406112671
vt 0.7279509902000427 0.3402160406112671
vt 0.7279509902000427 0.3254449963569641
vt 0.7279509902000427 0.3254449963569641
vt 0.7891079783439636 0.3254449963569641
vt 0.7891079783439636 0.3402160406112671
vt 0.2554430067539215 0.13034403324127197
vt 0.29923000931739807 0.13034403324127197
vt 0.2554430067539215 0.14028596878051758
vt 0.2554430067539215 0.14028596878051758
vt 0.29923000931739807 0.13034403324127197
vt 0.29923000931739807 0.14028596878051758
vt 0.09537389874458313 0.49977201223373413
vt 0.08930490165948868 0.38460397720336914
vt 0.09537389874458313 0.38460397720336914
vt 0.08930490165948868 0.38460397720336914
vt 0.09537389874458313 0.49977201223373413
vt 0.08060330152511597 0.49977201223373413
vt 0.7099789977073669 0.3402160406112671
vt 0.7099789977073669 0.3254449963569641
vt 0.7279509902000427 0.3402160406112671
vt 0.7099789977073669 0.3254449963569641
vt 0.7279509902000427 0.3254449963569641
vt 0.7279509902000427 0.3402160406112671
vt 0.8110520243644714 0.2981100082397461
vt 0.8110520243644714 0.3128809928894043
vt 0.7885500192642212 0.2981100082397461
vt 0.8110520243644714 0.3128809928894043
vt 0.7885500192642212 0.3128809928894043
vt 0.7885500192642212 0.2981100082397461
vt 0.09537389874458313 0.49977201223373413
vt 0.08060330152511597 0.5222740173339844
vt 0.08060330152511597 0.49977201223373413
vt 0.08060330152511597 0.5222740173339844
vt 0.09537389874458313 0.49977201223373413
vt 0.09537389874458313 0.5222740173339844
vt 0.25222301483154297 0.10971099138259888
vt 0.29601800441741943 0.10971099138259888
vt 0.2522299885749817 0.11532402038574219
vt 0.2522299885749817 0.11532402038574219
vt 0.29601800441741943 0.10971099138259888
vt 0.2960110008716583 0.11532402038574219
vt 0.6423320174217224 0.07273811101913452
vt 0.6294980049133301 0.07779109477996826
vt 0.6259089708328247 0.07273811101913452
vt 0.6294980049133301 0.07779109477996826
vt 0.6423320174217224 0.07273811101913452
vt 0.6405519843101501 0.07755029201507568
vt 0.9019740223884583 0.08880871534347534
vt 0.9099100232124329 0.22269898653030396
vt 0.8973159790039062 0.09105050563812256
vt 0.9099100232124329 0.22269898653030396
vt 0.9019740223884583 0.08880871534347534
vt 0.9147890210151672 0.22440803050994873
vt 0.7322850227355957 0.09459137916564941
vt 0.6698930263519287 0.094146728515625
vt 0.6677449941635132 0.08947581052780151
vt 0.6677449941635132 0.08947581052780151
vt 0.7358829975128174 0.08947581052780151
vt 0.7322850227355957 0.09459137916564941
vt 0.1366180032491684 0.9407320022583008
vt 0.07182200253009796 0.9458569884300232
vt 0.06821019947528839 0.9407320022583008
vt 0.07182200253009796 0.9458569884300232
vt 0.1366180032491684 0.9407320022583008
vt 0.13407500088214874 0.9452239871025085
vt 0.7537469863891602 0.5369489789009094
vt 0.5818009972572327 0.5398409962654114
vt 0.5853250026702881 0.5346360206604004
vt 0.7537469863891602 0.5369489789009094
vt 0.5853250026702881 0.5346360206604004
vt 0.7511299848556519 0.5325019955635071
vt 0.6442300081253052 0.7987179756164551
vt 0.5927339792251587 0.943638026714325
vt 0.5902169942855835 0.8975359797477722
vt 0.6442300081253052 0.7987179756164551
vt 0.5902169942855835 0.8975359797477722
vt 0.6190029978752136 0.8165259957313538
vt 0.5226420164108276 0.7987179756164551
vt 0.5902169942855835 0.8975359797477722
vt 0.5927339792251587 0.943638026714325
vt 0.5902169942855835 0.8975359797477722
vt 0.5226420164108276 0.7987179756164551
vt 0.55103600025177 0.8165259957313538
vt 0.6442300081253052 0.7987179756164551
vt 0.55103600025177 0.8165259957313538
vt 0.5226420164108276 0.7987179756164551
vt 0.55103600025177 0.8165259957313538
vt 0.6442300081253052 0.7987179756164551
vt 0.6190029978752136 0.8165259957313538
vt 0.09297029674053192 0.0191115140914917
vt 0.009929940104484558 0.041418373584747314
vt 0.01593009941279888 0.03397560119628906
vt 0.09297029674053192 0.0191115140914917
vt 0.01593009941279888 0.03397560119628906
vt 0.08709090203046799 0.014859795570373535
vt 0.878184974193573 0.22541499137878418
vt 0.8711529970169067 0.14278197288513184
vt 0.8766180276870728 0.1349160075187683
vt 0.8711529970169067 0.14278197288513184
vt 0.878184974193573 0.22541499137878418
vt 0.8724960088729858 0.220333993434906
vt 0.06807950139045715 0.9568089842796326
vt 0.1313679963350296 0.9505599737167358
vt 0.1366180032491684 0.956089973449707
vt 0.1313679963350296 0.9505599737167358
vt 0.06807950139045715 0.9568089842796326
vt 0.07263380289077759 0.9511759877204895
vt 0.14113099873065948 0.3607810139656067
vt 0.15938200056552887 0.3742649555206299
vt 0.13687999546527863 0.3742649555206299
vt 0.15938200056552887 0.3742649555206299
vt 0.14113099873065948 0.3607810139656067
vt 0.15938200056552887 0.3607810139656067
vt 0.018483800813555717 0.2749279737472534
vt 0.14113099873065948 0.3607810139656067
vt 0.13687999546527863 0.3742649555206299
vt 0.13687999546527863 0.3742649555206299
vt 0.004999999888241291 0.2819490432739258
vt 0.018483800813555717 0.2749279737472534
vt 0.004999999888241291 0.2671779990196228
vt 0.018483800813555717 0.2749279737472534
vt 0.004999999888241291 0.2819490432739258
vt 0.018483800813555717 0.2749279737472534
vt 0.004999999888241291 0.2671779990196228
vt 0.018483800813555717 0.2671779990196228
vt 0.8183130025863647 0.015027999877929688
vt 0.7992730140686035 0.009929955005645752
vt 0.8194370269775391 0.009929955005645752
vt 0.7992730140686035 0.009929955005645752
vt 0.8183130025863647 0.015027999877929688
vt 0.7992730140686035 0.015027999877929688
vt 0.6015210151672363 0.9351509809494019
vt 0.6618829965591431 0.799871027469635
vt 0.6061220169067383 0.9388089776039124
vt 0.6618829965591431 0.799871027469635
vt 0.6015210151672363 0.9351509809494019
vt 0.6562770009040833 0.7987179756164551
vt 0.578728973865509 0.1284160017967224
vt 0.5854330062866211 0.12331801652908325
vt 0.5854330062866211 0.1284160017967224
vt 0.5854330062866211 0.12331801652908325
vt 0.578728973865509 0.1284160017967224
vt 0.5768709778785706 0.12331801652908325
vt 0.5818009972572327 0.34668898582458496
vt 0.6998599767684937 0.34668898582458496
vt 0.6998599767684937 0.3949129581451416
vt 0.5818009972572327 0.34668898582458496
vt 0.6998599767684937 0.3949129581451416
vt 0.5818009972572327 0.3949129581451416
vt 0.08060330152511597 0.6097540259361267
vt 0.005000010132789612 0.561502993106842
vt 0.08060330152511597 0.561502993106842
vt 0.005000010132789612 0.561502993106842
vt 0.08060330152511597 0.6097540259361267
vt 0.005000010132789612 0.6097540259361267
vt 0.6090229749679565 0.039509475231170654
vt 0.6572750210762024 0.039509475231170654
vt 0.6090229749679565 0.057480812072753906
vt 0.6090229749679565 0.057480812072753906
vt 0.6572750210762024 0.039509475231170654
vt 0.6572750210762024 0.057480812072753906
vt 0.4406050145626068 0.42063796520233154
vt 0.4406050145626068 0.46886301040649414
vt 0.38460400700569153 0.42063796520233154
vt 0.38460400700569153 0.42063796520233154
vt 0.4406050145626068 0.46886301040649414
vt 0.38460400700569153 0.46886301040649414
vt 0.20721299946308136 0.13034403324127197
vt 0.2554430067539215 0.13034403324127197
vt 0.20721299946308136 0.14028596878051758
vt 0.20721299946308136 0.14028596878051758
vt 0.2554430067539215 0.13034403324127197
vt 0.2554430067539215 0.14028596878051758
vt 0.09537389874458313 0.6097540259361267
vt 0.08060330152511597 0.561502993106842
vt 0.09537389874458313 0.561502993106842
vt 0.08060330152511597 0.561502993106842
vt 0.09537389874458313 0.6097540259361267
vt 0.08060330152511597 0.6097540259361267
vt 0.2039709985256195 0.10971099138259888
vt 0.25222301483154297 0.10971099138259888
vt 0.20400500297546387 0.11532402038574219
vt 0.20400500297546387 0.11532402038574219
vt 0.25222301483154297 0.10971099138259888
vt 0.2522299885749817 0.11532402038574219
vt 0.3600580096244812 0.4280890226364136
vt 0.3550249934196472 0.4814940094947815
vt 0.3550249934196472 0.42805200815200806
vt 0.3550249934196472 0.4814940094947815
vt 0.3600580096244812 0.4280890226364136
vt 0.3600580096244812 0.4815009832382202
vt 0.24686299264431 0.3607810139656067
vt 0.19861100614070892 0.3742649555206299
vt 0.19861100614070892 0.3607810139656067
vt 0.19861100614070892 0.3742649555206299
vt 0.24686299264431 0.3607810139656067
vt 0.24686299264431 0.3742649555206299
vt 0.7559340000152588 0.015027880668640137
vt 0.7026259899139404 0.015027880668640137
vt 0.7559340000152588 0.009929955005645752
vt 0.7559340000152588 0.009929955005645752
vt 0.7026259899139404 0.015027880668640137
vt 0.7026259899139404 0.009929955005645752
vt 0.6404079794883728 0.6231859922409058
vt 0.502921998500824 0.6231859922409058
vt 0.502921998500824 0.5741249918937683
vt 0.502921998500824 0.5741249918937683
vt 0.6404079794883728 0.5741249918937683
vt 0.6404079794883728 0.6231859922409058
vt 0.2542780041694641 0.9924119710922241
vt 0.20879200100898743 0.9924119710922241
vt 0.2542780041694641 0.9367560148239136
vt 0.20879200100898743 0.9924119710922241
vt 0.20879200100898743 0.9367560148239136
vt 0.2542780041694641 0.9367560148239136
vt 0.90618497133255 0.7696449756622314
vt 0.873449981212616 0.7380329966545105
vt 0.9302859902381897 0.7446889877319336
vt 0.873449981212616 0.7380329966545105
vt 0.8975499868392944 0.7130759954452515
vt 0.9302859902381897 0.7446889877319336
vt 0.10515999794006348 0.38460397720336914
vt 0.15066799521446228 0.49977201223373413
vt 0.10515999794006348 0.49977201223373413
vt 0.15066799521446228 0.49977201223373413
vt 0.10515999794006348 0.38460397720336914
vt 0.15066799521446228 0.38460397720336914
vt 0.7279509902000427 0.3500019907951355
vt 0.7279509902000427 0.3955099582672119
vt 0.7099789977073669 0.3500019907951355
vt 0.7099789977073669 0.3955099582672119
vt 0.7099789977073669 0.3500019907951355
vt 0.7279509902000427 0.3955099582672119
vt 0.7885500192642212 0.2883239984512329
vt 0.7885500192642212 0.2428150177001953
vt 0.8110520243644714 0.2883239984512329
vt 0.8110520243644714 0.2428150177001953
vt 0.8110520243644714 0.2883239984512329
vt 0.7885500192642212 0.2428150177001953
vt 0.10515999794006348 0.49977201223373413
vt 0.15066799521446228 0.5222740173339844
vt 0.10515999794006348 0.5222740173339844
vt 0.15066799521446228 0.5222740173339844
vt 0.10515999794006348 0.49977201223373413
vt 0.15066799521446228 0.49977201223373413
vt 0.5127210021018982 0.73955899477005
vt 0.5582879781723022 0.73955899477005
vt 0.5127589702606201 0.7451729774475098
vt 0.5583019852638245 0.7451729774475098
vt 0.5127589702606201 0.7451729774475098
vt 0.5582879781723022 0.73955899477005
vt 0.6027200222015381 0.7592790126800537
vt 0.6482290029525757 0.7592790126800537
vt 0.648190975189209 0.7648839950561523
vt 0.6027200222015381 0.7592790126800537
vt 0.648190975189209 0.7648839950561523
vt 0.6027060151100159 0.7648839950561523
vt 0.004999999888241291 0.2118840217590332
vt 0.018483800813555717 0.2573919892311096
vt 0.004999999888241291 0.2573919892311096
vt 0.018483800813555717 0.2573919892311096
vt 0.004999999888241291 0.2118840217590332
vt 0.018483800813555717 0.2118840217590332
vt 0.5962449908256531 0.12331801652908325
vt 0.6465209722518921 0.12331801652908325
vt 0.5962449908256531 0.1284160017967224
vt 0.6465209722518921 0.1284160017967224
vt 0.5962449908256531 0.1284160017967224
vt 0.6465209722518921 0.12331801652908325
vt 0.7885500192642212 0.2428150177001953
vt 0.7885500192642212 0.2883239984512329
vt 0.7493219971656799 0.2428150177001953
vt 0.7885500192642212 0.2883239984512329
vt 0.7493219971656799 0.2883239984512329
vt 0.7493219971656799 0.2428150177001953
vt 0.15066799521446228 0.561502993106842
vt 0.10515999794006348 0.6097540259361267
vt 0.10515999794006348 0.561502993106842
vt 0.10515999794006348 0.6097540259361267
vt 0.15066799521446228 0.561502993106842
vt 0.15066799521446228 0.6097540259361267
vt 0.6404079794883728 0.5741249918937683
vt 0.502921998500824 0.5741249918937683
vt 0.502921998500824 0.5670109987258911
vt 0.502921998500824 0.5670109987258911
vt 0.6404079794883728 0.5670109987258911
vt 0.6404079794883728 0.5741249918937683
vt 0.20879200100898743 0.9367560148239136
vt 0.20879200100898743 0.9924119710922241
vt 0.20219700038433075 0.9924119710922241
vt 0.20219700038433075 0.9924119710922241
vt 0.20219700038433075 0.9367560148239136
vt 0.20879200100898743 0.9367560148239136
vt 0.6572750210762024 0.2883239984512329
vt 0.7010689973831177 0.2883239984512329
vt 0.7010689973831177 0.2981100082397461
vt 0.7010689973831177 0.2981100082397461
vt 0.6572750210762024 0.2981100082397461
vt 0.6572750210762024 0.2883239984512329
vt 0.10515999794006348 0.38460397720336914
vt 0.09537389874458313 0.49977201223373413
vt 0.09537389874458313 0.38460397720336914
vt 0.09537389874458313 0.49977201223373413
vt 0.10515999794006348 0.38460397720336914
vt 0.10515999794006348 0.49977201223373413
vt 0.7279509902000427 0.3500019907951355
vt 0.7099789977073669 0.3500019907951355
vt 0.7099789977073669 0.3402160406112671
vt 0.7099789977073669 0.3402160406112671
vt 0.7279509902000427 0.3402160406112671
vt 0.7279509902000427 0.3500019907951355
vt 0.8110520243644714 0.2883239984512329
vt 0.7885500192642212 0.2981100082397461
vt 0.7885500192642212 0.2883239984512329
vt 0.7885500192642212 0.2981100082397461
vt 0.8110520243644714 0.2883239984512329
vt 0.8110520243644714 0.2981100082397461
vt 0.10515999794006348 0.49977201223373413
vt 0.09537389874458313 0.5222740173339844
vt 0.09537389874458313 0.49977201223373413
vt 0.09537389874458313 0.5222740173339844
vt 0.10515999794006348 0.49977201223373413
vt 0.10515999794006348 0.5222740173339844
vt 0.5127589702606201 0.7451729774475098
vt 0.5061560273170471 0.7451729774475098
vt 0.5127210021018982 0.73955899477005
vt 0.5061560273170471 0.7451729774475098
vt 0.502921998500824 0.73955899477005
vt 0.5127210021018982 0.73955899477005
vt 0.6580150127410889 0.7592790126800537
vt 0.6547859907150269 0.7648839950561523
vt 0.6482290029525757 0.7592790126800537
vt 0.6482290029525757 0.7592790126800537
vt 0.6547859907150269 0.7648839950561523
vt 0.648190975189209 0.7648839950561523
vt 0.004999999888241291 0.2573919892311096
vt 0.018483800813555717 0.2671779990196228
vt 0.004999999888241291 0.2671779990196228
vt 0.018483800813555717 0.2671779990196228
vt 0.004999999888241291 0.2573919892311096
vt 0.018483800813555717 0.2573919892311096
vt 0.5854330062866211 0.12331801652908325
vt 0.5962449908256531 0.12331801652908325
vt 0.5854330062866211 0.1284160017967224
vt 0.5962449908256531 0.1284160017967224
vt 0.5854330062866211 0.1284160017967224
vt 0.5962449908256531 0.12331801652908325
vt 0.7493219971656799 0.2883239984512329
vt 0.7885500192642212 0.2883239984512329
vt 0.7885500192642212 0.2981100082397461
vt 0.7885500192642212 0.2981100082397461
vt 0.7493219971656799 0.2981100082397461
vt 0.7493219971656799 0.2883239984512329
vt 0.10515999794006348 0.561502993106842
vt 0.09537389874458313 0.6097540259361267
vt 0.09537389874458313 0.561502993106842
vt 0.09537389874458313 0.6097540259361267
vt 0.10515999794006348 0.561502993106842
vt 0.10515999794006348 0.6097540259361267
vt 0.5818009972572327 0.31065499782562256
vt 0.6998599767684937 0.31065499782562256
vt 0.6998599767684937 0.34668898582458496
vt 0.5818009972572327 0.31065499782562256
vt 0.6998599767684937 0.34668898582458496
vt 0.5818009972572327 0.34668898582458496
vt 0.8981320261955261 0.8289470076560974
vt 0.8726670145988464 0.8043550252914429
vt 0.9316509962081909 0.7942370176315308
vt 0.8726670145988464 0.8043550252914429
vt 0.90618497133255 0.7696449756622314
vt 0.9316509962081909 0.7942370176315308
vt 0.005000010132789612 0.5222740173339844
vt 0.08060330152511597 0.5222740173339844
vt 0.08060330152511597 0.561502993106842
vt 0.005000010132789612 0.5222740173339844
vt 0.08060330152511597 0.561502993106842
vt 0.005000010132789612 0.561502993106842
vt 0.5697939991950989 0.039509475231170654
vt 0.6090229749679565 0.039509475231170654
vt 0.5697939991950989 0.057480812072753906
vt 0.5697939991950989 0.057480812072753906
vt 0.6090229749679565 0.039509475231170654
vt 0.6090229749679565 0.057480812072753906
vt 0.4406050145626068 0.38460397720336914
vt 0.38460400700569153 0.42063796520233154
vt 0.38460400700569153 0.38460397720336914
vt 0.38460400700569153 0.42063796520233154
vt 0.4406050145626068 0.38460397720336914
vt 0.4406050145626068 0.42063796520233154
vt 0.1711750030517578 0.13034403324127197
vt 0.20721299946308136 0.13034403324127197
vt 0.1711750030517578 0.14028596878051758
vt 0.1711750030517578 0.14028596878051758
vt 0.20721299946308136 0.13034403324127197
vt 0.20721299946308136 0.14028596878051758
vt 0.09537389874458313 0.5222740173339844
vt 0.09537389874458313 0.561502993106842
vt 0.08060330152511597 0.5222740173339844
vt 0.08060330152511597 0.5222740173339844
vt 0.09537389874458313 0.561502993106842
vt 0.08060330152511597 0.561502993106842
vt 0.16474199295043945 0.10971099138259888
vt 0.2039709985256195 0.10971099138259888
vt 0.16797100007534027 0.11532402038574219
vt 0.16797100007534027 0.11532402038574219
vt 0.2039709985256195 0.10971099138259888
vt 0.20400500297546387 0.11532402038574219
vt 0.3600580096244812 0.3881809711456299
vt 0.3550249934196472 0.42805200815200806
vt 0.3550249934196472 0.38460397720336914
vt 0.3550249934196472 0.42805200815200806
vt 0.3600580096244812 0.3881809711456299
vt 0.3600580096244812 0.4280890226364136
vt 0.19861100614070892 0.3607810139656067
vt 0.15938200056552887 0.3742649555206299
vt 0.15938200056552887 0.3607810139656067
vt 0.15938200056552887 0.3742649555206299
vt 0.19861100614070892 0.3607810139656067
vt 0.19861100614070892 0.3742649555206299
vt 0.7992730140686035 0.015027999877929688
vt 0.7559340000152588 0.015027880668640137
vt 0.7992730140686035 0.009929955005645752
vt 0.7992730140686035 0.009929955005645752
vt 0.7559340000152588 0.015027880668640137
vt 0.7559340000152588 0.009929955005645752
vt 0.7493219971656799 0.2428150177001953
vt 0.7493219971656799 0.2883239984512329
vt 0.7010689973831177 0.2883239984512329
vt 0.7493219971656799 0.2428150177001953
vt 0.7010689973831177 0.2883239984512329
vt 0.7010689973831177 0.2428150177001953
vt 0.15066799521446228 0.5222740173339844
vt 0.15066799521446228 0.561502993106842
vt 0.10515999794006348 0.5222740173339844
vt 0.10515999794006348 0.5222740173339844
vt 0.15066799521446228 0.561502993106842
vt 0.10515999794006348 0.561502993106842
vt 0.7493219971656799 0.2981100082397461
vt 0.7010689973831177 0.2981100082397461
vt 0.7493219971656799 0.2883239984512329
vt 0.7493219971656799 0.2883239984512329
vt 0.7010689973831177 0.2981100082397461
vt 0.7010689973831177 0.2883239984512329
vt 0.10515999794006348 0.5222740173339844
vt 0.10515999794006348 0.561502993106842
vt 0.09537389874458313 0.5222740173339844
vt 0.09537389874458313 0.5222740173339844
vt 0.10515999794006348 0.561502993106842
vt 0.09537389874458313 0.561502993106842
vt 0.19517099857330322 0.38460397720336914
vt 0.15066799521446228 0.49977201223373413
vt 0.15066799521446228 0.38460397720336914
vt 0.15066799521446228 0.49977201223373413
vt 0.19517099857330322 0.38460397720336914
vt 0.19517099857330322 0.49977201223373413
vt 0.6027060151100159 0.7648839950561523
vt 0.5582320094108582 0.7648839950561523
vt 0.6027200222015381 0.7592790126800537
vt 0.5582180023193359 0.7592790126800537
vt 0.6027200222015381 0.7592790126800537
vt 0.5582320094108582 0.7648839950561523
vt 0.7885500192642212 0.19831299781799316
vt 0.7885500192642212 0.2428150177001953
vt 0.7493219971656799 0.19831299781799316
vt 0.7885500192642212 0.2428150177001953
vt 0.7493219971656799 0.2428150177001953
vt 0.7493219971656799 0.19831299781799316
vt 0.8726670145988464 0.9325330257415771
vt 0.9316509962081909 0.922415018081665
vt 0.8981320261955261 0.9571250081062317
vt 0.9316509962081909 0.922415018081665
vt 0.8726670145988464 0.9325330257415771
vt 0.90618497133255 0.8978239893913269
vt 0.502921998500824 0.6231859922409058
vt 0.6404079794883728 0.6231859922409058
vt 0.502921998500824 0.6711570024490356
vt 0.502921998500824 0.6711570024490356
vt 0.6404079794883728 0.6231859922409058
vt 0.6404079794883728 0.6711570024490356
vt 0.4536229968070984 0.4294229745864868
vt 0.5716819763183594 0.4294229745864868
vt 0.4536229968070984 0.47320497035980225
vt 0.5716819763183594 0.47320497035980225
vt 0.4536229968070984 0.47320497035980225
vt 0.5716819763183594 0.4294229745864868
vt 0.9316509962081909 0.922415018081665
vt 0.90618497133255 0.8978239893913269
vt 0.9302859902381897 0.8728669881820679
vt 0.9316509962081909 0.922415018081665
vt 0.9302859902381897 0.8728669881820679
vt 0.9557510018348694 0.897458016872406
vt 0.2652359902858734 0.6097540259361267
vt 0.3408389985561371 0.6097540259361267
vt 0.2652359902858734 0.6535490155220032
vt 0.3408389985561371 0.6097540259361267
vt 0.3408389985561371 0.6535490155220032
vt 0.2652359902858734 0.6535490155220032
vt 0.8233680129051208 0.19328701496124268
vt 0.8233680129051208 0.1494920253753662
vt 0.8413389921188354 0.1494920253753662
vt 0.8413389921188354 0.1494920253753662
vt 0.8413389921188354 0.19328701496124268
vt 0.8233680129051208 0.19328701496124268
vt 0.9698140025138855 0.6979269981384277
vt 0.9698140025138855 0.5522220134735107
vt 0.9896699786186218 0.6979269981384277
vt 0.9896699786186218 0.6979269981384277
vt 0.9698140025138855 0.5522220134735107
vt 0.9896699786186218 0.5522220134735107
vt 0.7103819847106934 0.9308930039405823
vt 0.6409599781036377 0.9555609822273254
vt 0.6409599781036377 0.8973159790039062
vt 0.3408389985561371 0.5050399899482727
vt 0.2652359902858734 0.49977201223373413
vt 0.25653401017189026 0.38460397720336914
vt 0.9022459983825684 0.6979269981384277
vt 0.9022459983825684 0.5522220134735107
vt 0.9698140025138855 0.6979269981384277
vt 0.9698140025138855 0.6979269981384277
vt 0.9022459983825684 0.5522220134735107
vt 0.9698140025138855 0.5522220134735107
vt 0.7724080085754395 0.8677369952201843
vt 0.6508200168609619 0.8902390003204346
vt 0.6508200168609619 0.8677369952201843
vt 0.6508200168609619 0.8902390003204346
vt 0.7724080085754395 0.8677369952201843
vt 0.7724080085754395 0.8902390003204346
vt 0.15066799521446228 0.49977201223373413
vt 0.19517099857330322 0.49977201223373413
vt 0.19517099857330322 0.5222740173339844
vt 0.15066799521446228 0.49977201223373413
vt 0.19517099857330322 0.5222740173339844
vt 0.15066799521446228 0.5222740173339844
vt 0.3408389985561371 0.5050399899482727
vt 0.2652359902858734 0.5222740173339844
vt 0.2652359902858734 0.49977201223373413
vt 0.2652359902858734 0.5222740173339844
vt 0.3408389985561371 0.5050399899482727
vt 0.3408389985561371 0.5222740173339844
vt 0.8413389921188354 0.039509475231170654
vt 0.8233680129051208 0.06201159954071045
vt 0.8233680129051208 0.039509475231170654
vt 0.8233680129051208 0.06201159954071045
vt 0.8413389921188354 0.039509475231170654
vt 0.8413389921188354 0.06201159954071045
vt 0.9024959802627563 0.039509475231170654
vt 0.8413389921188354 0.06201159954071045
vt 0.8413389921188354 0.039509475231170654
vt 0.8413389921188354 0.06201159954071045
vt 0.9024959802627563 0.039509475231170654
vt 0.9024959802627563 0.06201159954071045
vt 0.8541079759597778 0.5177119970321655
vt 0.8541079759597778 0.6601300239562988
vt 0.8381569981575012 0.5177119970321655
vt 0.8381569981575012 0.5177119970321655
vt 0.8541079759597778 0.6601300239562988
vt 0.8381569981575012 0.6601300239562988
vt 0.7279509902000427 0.49530696868896484
vt 0.7891079783439636 0.49530696868896484
vt 0.7279509902000427 0.5100780129432678
vt 0.7279509902000427 0.5100780129432678
vt 0.7891079783439636 0.49530696868896484
vt 0.7891079783439636 0.5100780129432678
vt 0.29923099279403687 0.15493100881576538
vt 0.2554439902305603 0.15493100881576538
vt 0.2554439902305603 0.144989013671875
vt 0.2554439902305603 0.144989013671875
vt 0.29923099279403687 0.144989013671875
vt 0.29923099279403687 0.15493100881576538
vt 0.25653401017189026 0.38460397720336914
vt 0.2504650056362152 0.49977201223373413
vt 0.2504650056362152 0.38460397720336914
vt 0.2504650056362152 0.49977201223373413
vt 0.25653401017189026 0.38460397720336914
vt 0.2652359902858734 0.49977201223373413
vt 0.7099789977073669 0.5100780129432678
vt 0.7099789977073669 0.49530696868896484
vt 0.7279509902000427 0.49530696868896484
vt 0.7099789977073669 0.5100780129432678
vt 0.7279509902000427 0.49530696868896484
vt 0.7279509902000427 0.5100780129432678
vt 0.8110520243644714 0.12824797630310059
vt 0.8110520243644714 0.14301902055740356
vt 0.7885500192642212 0.14301902055740356
vt 0.8110520243644714 0.12824797630310059
vt 0.7885500192642212 0.14301902055740356
vt 0.7885500192642212 0.12824797630310059
vt 0.2652359902858734 0.49977201223373413
vt 0.2652359902858734 0.5222740173339844
vt 0.2504650056362152 0.49977201223373413
vt 0.2504650056362152 0.49977201223373413
vt 0.2652359902858734 0.5222740173339844
vt 0.2504650056362152 0.5222740173339844
vt 0.8496630191802979 0.131151020526886
vt 0.8547160029411316 0.11831599473953247
vt 0.8547160029411316 0.13473999500274658
vt 0.8547160029411316 0.11831599473953247
vt 0.8496630191802979 0.131151020526886
vt 0.8499040007591248 0.12009698152542114
vt 0.14119599759578705 0.897059977054596
vt 0.005000010132789612 0.8984889984130859
vt 0.1389870047569275 0.8923860192298889
vt 0.1389870047569275 0.8923860192298889
vt 0.005000010132789612 0.8984889984130859
vt 0.006742460187524557 0.8936229944229126
vt 0.33575600385665894 0.38460397720336914
vt 0.2712160050868988 0.38971996307373047
vt 0.27336400747299194 0.3850489854812622
vt 0.339354008436203 0.38971996307373047
vt 0.2712160050868988 0.38971996307373047
vt 0.33575600385665894 0.38460397720336914
vt 0.602832019329071 0.7451729774475098
vt 0.5583019852638245 0.7451729774475098
vt 0.5582879781723022 0.73955899477005
vt 0.602832019329071 0.7451729774475098
vt 0.5582879781723022 0.73955899477005
vt 0.6028469800949097 0.73955899477005
vt 0.7451410293579102 0.38396400213241577
vt 0.740015983581543 0.44875895977020264
vt 0.740015983581543 0.3803520202636719
vt 0.740015983581543 0.44875895977020264
vt 0.7451410293579102 0.38396400213241577
vt 0.7445070147514343 0.44621598720550537
vt 0.9154999852180481 0.3205150365829468
vt 0.7542409896850586 0.3691619634628296
vt 0.7494189739227295 0.3651289939880371
vt 0.7542409896850586 0.3691619634628296
vt 0.9154999852180481 0.3205150365829468
vt 0.9142090082168579 0.32551097869873047
vt 0.34130799770355225 0.7740679979324341
vt 0.39280399680137634 0.9189890027046204
vt 0.33879101276397705 0.8201709985733032
vt 0.33879101276397705 0.8201709985733032
vt 0.39280399680137634 0.9189890027046204
vt 0.3675769865512848 0.9011809825897217
vt 0.33879101276397705 0.8201709985733032
vt 0.2712160050868988 0.9189890027046204
vt 0.34130799770355225 0.7740679979324341
vt 0.2712160050868988 0.9189890027046204
vt 0.33879101276397705 0.8201709985733032
vt 0.2996099889278412 0.9011809825897217
vt 0.39280399680137634 0.9189890027046204
vt 0.2996099889278412 0.9011809825897217
vt 0.3675769865512848 0.9011809825897217
vt 0.2996099889278412 0.9011809825897217
vt 0.39280399680137634 0.9189890027046204
vt 0.2712160050868988 0.9189890027046204
vt 0.0831528976559639 0.3451650142669678
vt 0.005000010132789612 0.3521119952201843
vt 0.009479619562625885 0.34640395641326904
vt 0.09097210317850113 0.35066497325897217
vt 0.005000010132789612 0.3521119952201843
vt 0.0831528976559639 0.3451650142669678
vt 0.09384729713201523 0.009507596492767334
vt 0.011557499878108501 0.019810616970062256
vt 0.08769450336694717 0.004999995231628418
vt 0.011557499878108501 0.019810616970062256
vt 0.09384729713201523 0.009507596492767334
vt 0.005000010132789612 0.026790618896484375
vt 0.010526400059461594 0.4481990337371826
vt 0.010126099921762943 0.38460397720336914
vt 0.016574900597333908 0.4528430104255676
vt 0.010126099921762943 0.38460397720336914
vt 0.010526400059461594 0.4481990337371826
vt 0.005000010132789612 0.38972198963165283
vt 0.14113099873065948 0.01848381757736206
vt 0.13687999546527863 0.004999995231628418
vt 0.15938200056552887 0.004999995231628418
vt 0.14113099873065948 0.01848381757736206
vt 0.15938200056552887 0.004999995231628418
vt 0.15938200056552887 0.01848381757736206
vt 0.018483800813555717 0.10433697700500488
vt 0.13687999546527863 0.004999995231628418
vt 0.14113099873065948 0.01848381757736206
vt 0.13687999546527863 0.004999995231628418
vt 0.018483800813555717 0.10433697700500488
vt 0.004999999888241291 0.0973162055015564
vt 0.018483800813555717 0.10433697700500488
vt 0.004999999888241291 0.11208701133728027
vt 0.004999999888241291 0.0973162055015564
vt 0.004999999888241291 0.11208701133728027
vt 0.018483800813555717 0.10433697700500488
vt 0.018483800813555717 0.11208701133728027
vt 0.004999999888241291 0.2118840217590332
vt 0.004999999888241291 0.16738098859786987
vt 0.018483800813555717 0.16738098859786987
vt 0.004999999888241291 0.2118840217590332
vt 0.018483800813555717 0.16738098859786987
vt 0.018483800813555717 0.2118840217590332
vt 0.5472919940948486 0.024719715118408203
vt 0.5674560070037842 0.024719715118408203
vt 0.548416018486023 0.029817819595336914
vt 0.548416018486023 0.029817819595336914
vt 0.5674560070037842 0.024719715118408203
vt 0.5674560070037842 0.029817819595336914
vt 0.7208849787712097 0.5670109987258911
vt 0.7205389738082886 0.7167209982872009
vt 0.7152490019798279 0.5686799883842468
vt 0.7152490019798279 0.5686799883842468
vt 0.7205389738082886 0.7167209982872009
vt 0.714909017086029 0.715690016746521
vt 0.7567740082740784 0.12331801652908325
vt 0.7634779810905457 0.1284160017967224
vt 0.7567740082740784 0.1284160017967224
vt 0.7634779810905457 0.1284160017967224
vt 0.7567740082740784 0.12331801652908325
vt 0.7653359770774841 0.12331801652908325
vt 0.6956859827041626 0.1284160017967224
vt 0.6465209722518921 0.1284160017967224
vt 0.6465209722518921 0.12331801652908325
vt 0.6956859827041626 0.1284160017967224
vt 0.6465209722518921 0.12331801652908325
vt 0.6956859827041626 0.12331801652908325
vt 0.4536229968070984 0.5214300155639648
vt 0.5716819763183594 0.47320497035980225
vt 0.5716819763183594 0.5214300155639648
vt 0.5716819763183594 0.47320497035980225
vt 0.4536229968070984 0.5214300155639648
vt 0.4536229968070984 0.47320497035980225
vt 0.15066799521446228 0.5222740173339844
vt 0.19517099857330322 0.5222740173339844
vt 0.19517099857330322 0.561502993106842
vt 0.15066799521446228 0.5222740173339844
vt 0.19517099857330322 0.561502993106842
vt 0.15066799521446228 0.561502993106842
vt 0.3408389985561371 0.561502993106842
vt 0.2652359902858734 0.6097540259361267
vt 0.2652359902858734 0.561502993106842
vt 0.2652359902858734 0.6097540259361267
vt 0.3408389985561371 0.561502993106842
vt 0.3408389985561371 0.6097540259361267
vt 0.8413389921188354 0.10123997926712036
vt 0.8233680129051208 0.1494920253753662
vt 0.8233680129051208 0.10123997926712036
vt 0.8233680129051208 0.1494920253753662
vt 0.8413389921188354 0.10123997926712036
vt 0.8413389921188354 0.1494920253753662
vt 0.9318259954452515 0.18619698286056519
vt 0.9878259897232056 0.13797199726104736
vt 0.9878259897232056 0.18619698286056519
vt 0.9878259897232056 0.13797199726104736
vt 0.9318259954452515 0.18619698286056519
vt 0.9318259954452515 0.13797199726104736
vt 0.20721299946308136 0.144989013671875
vt 0.2554439902305603 0.15493100881576538
vt 0.20721299946308136 0.15493100881576538
vt 0.2554439902305603 0.15493100881576538
vt 0.20721299946308136 0.144989013671875
vt 0.2554439902305603 0.144989013671875
vt 0.2652359902858734 0.561502993106842
vt 0.2504650056362152 0.6097540259361267
vt 0.2504650056362152 0.561502993106842
vt 0.2504650056362152 0.6097540259361267
vt 0.2652359902858734 0.561502993106842
vt 0.2652359902858734 0.6097540259361267
vt 0.20400500297546387 0.12002700567245483
vt 0.25222301483154297 0.12564098834991455
vt 0.2039709985256195 0.12564098834991455
vt 0.25222301483154297 0.12564098834991455
vt 0.20400500297546387 0.12002700567245483
vt 0.2522299885749817 0.12002700567245483
vt 0.36981400847435 0.5834400057792664
vt 0.36981400847435 0.5299980044364929
vt 0.3748469948768616 0.5834029912948608
vt 0.3748469948768616 0.5834029912948608
vt 0.36981400847435 0.5299980044364929
vt 0.3748469948768616 0.5299909710884094
vt 0.19861100614070892 0.004999995231628418
vt 0.24686299264431 0.01848381757736206
vt 0.19861100614070892 0.01848381757736206
vt 0.24686299264431 0.01848381757736206
vt 0.19861100614070892 0.004999995231628418
vt 0.24686299264431 0.004999995231628418
vt 0.6107940077781677 0.024719715118408203
vt 0.6641020178794861 0.029817819595336914
vt 0.6107940077781677 0.029817819595336914
vt 0.6641020178794861 0.029817819595336914
vt 0.6107940077781677 0.024719715118408203
vt 0.6641020178794861 0.024719715118408203
vt 0.502921998500824 0.6711570024490356
vt 0.6404079794883728 0.6711570024490356
vt 0.502921998500824 0.7202180027961731
vt 0.502921998500824 0.7202180027961731
vt 0.6404079794883728 0.6711570024490356
vt 0.6404079794883728 0.7202180027961731
vt 0.3442389965057373 0.9924119710922241
vt 0.2987529933452606 0.9924119710922241
vt 0.2987529933452606 0.9367560148239136
vt 0.3442389965057373 0.9924119710922241
vt 0.2987529933452606 0.9367560148239136
vt 0.3442389965057373 0.9367560148239136
vt 0.9643869996070862 0.8258500099182129
vt 0.9316509962081909 0.7942370176315308
vt 0.9884870052337646 0.8008930087089539
vt 0.9316509962081909 0.7942370176315308
vt 0.9557510018348694 0.7692800164222717
vt 0.9884870052337646 0.8008930087089539
vt 0.24067899584770203 0.38460397720336914
vt 0.19517099857330322 0.49977201223373413
vt 0.19517099857330322 0.38460397720336914
vt 0.19517099857330322 0.49977201223373413
vt 0.24067899584770203 0.38460397720336914
vt 0.24067899584770203 0.49977201223373413
vt 0.7099789977073669 0.48552095890045166
vt 0.7099789977073669 0.44001197814941406
vt 0.7279509902000427 0.44001197814941406
vt 0.7099789977073669 0.48552095890045166
vt 0.7279509902000427 0.44001197814941406
vt 0.7279509902000427 0.48552095890045166
vt 0.8110520243644714 0.15280497074127197
vt 0.8110520243644714 0.19831299781799316
vt 0.7885500192642212 0.19831299781799316
vt 0.8110520243644714 0.15280497074127197
vt 0.7885500192642212 0.19831299781799316
vt 0.7885500192642212 0.15280497074127197
vt 0.24067899584770203 0.49977201223373413
vt 0.19517099857330322 0.5222740173339844
vt 0.19517099857330322 0.49977201223373413
vt 0.19517099857330322 0.5222740173339844
vt 0.24067899584770203 0.49977201223373413
vt 0.24067899584770203 0.5222740173339844
vt 0.6483749747276306 0.7451729774475098
vt 0.602832019329071 0.7451729774475098
vt 0.6028469800949097 0.73955899477005
vt 0.6483749747276306 0.7451729774475098
vt 0.6028469800949097 0.73955899477005
vt 0.6484130024909973 0.73955899477005
vt 0.5582320094108582 0.7648839950561523
vt 0.5127469897270203 0.7648839950561523
vt 0.5582180023193359 0.7592790126800537
vt 0.5127090215682983 0.7592790126800537
vt 0.5582180023193359 0.7592790126800537
vt 0.5127469897270203 0.7648839950561523
vt 0.018483800813555717 0.12187302112579346
vt 0.004999999888241291 0.16738098859786987
vt 0.004999999888241291 0.12187302112579346
vt 0.004999999888241291 0.16738098859786987
vt 0.018483800813555717 0.12187302112579346
vt 0.018483800813555717 0.16738098859786987
vt 0.7459620237350464 0.1284160017967224
vt 0.6956859827041626 0.1284160017967224
vt 0.6956859827041626 0.12331801652908325
vt 0.7459620237350464 0.1284160017967224
vt 0.6956859827041626 0.12331801652908325
vt 0.7459620237350464 0.12331801652908325
vt 0.7885500192642212 0.15280497074127197
vt 0.7885500192642212 0.19831299781799316
vt 0.7493219971656799 0.19831299781799316
vt 0.7885500192642212 0.15280497074127197
vt 0.7493219971656799 0.19831299781799316
vt 0.7493219971656799 0.15280497074127197
vt 0.24067899584770203 0.6097540259361267
vt 0.19517099857330322 0.561502993106842
vt 0.24067899584770203 0.561502993106842
vt 0.19517099857330322 0.561502993106842
vt 0.24067899584770203 0.6097540259361267
vt 0.19517099857330322 0.6097540259361267
vt 0.502921998500824 0.7202180027961731
vt 0.6404079794883728 0.7202180027961731
vt 0.502921998500824 0.7273309826850891
vt 0.502921998500824 0.7273309826850891
vt 0.6404079794883728 0.7202180027961731
vt 0.6404079794883728 0.7273309826850891
vt 0.3442389965057373 0.9924119710922241
vt 0.3442389965057373 0.9367560148239136
vt 0.3508340120315552 0.9924119710922241
vt 0.3508340120315552 0.9924119710922241
vt 0.3442389965057373 0.9367560148239136
vt 0.3508340120315552 0.9367560148239136
vt 0.2504650056362152 0.49977201223373413
vt 0.24067899584770203 0.38460397720336914
vt 0.2504650056362152 0.38460397720336914
vt 0.24067899584770203 0.38460397720336914
vt 0.2504650056362152 0.49977201223373413
vt 0.24067899584770203 0.49977201223373413
vt 0.7099789977073669 0.48552095890045166
vt 0.7279509902000427 0.48552095890045166
vt 0.7099789977073669 0.49530696868896484
vt 0.7099789977073669 0.49530696868896484
vt 0.7279509902000427 0.48552095890045166
vt 0.7279509902000427 0.49530696868896484
vt 0.8110520243644714 0.15280497074127197
vt 0.7885500192642212 0.14301902055740356
vt 0.8110520243644714 0.14301902055740356
vt 0.7885500192642212 0.14301902055740356
vt 0.8110520243644714 0.15280497074127197
vt 0.7885500192642212 0.15280497074127197
vt 0.2504650056362152 0.49977201223373413
vt 0.2504650056362152 0.5222740173339844
vt 0.24067899584770203 0.49977201223373413
vt 0.24067899584770203 0.49977201223373413
vt 0.2504650056362152 0.5222740173339844
vt 0.24067899584770203 0.5222740173339844
vt 0.6549789905548096 0.7451729774475098
vt 0.6483749747276306 0.7451729774475098
vt 0.6484130024909973 0.73955899477005
vt 0.6484130024909973 0.73955899477005
vt 0.6582120060920715 0.73955899477005
vt 0.6549789905548096 0.7451729774475098
vt 0.502921998500824 0.7592790126800537
vt 0.5127090215682983 0.7592790126800537
vt 0.5061519742012024 0.7648839950561523
vt 0.5127090215682983 0.7592790126800537
vt 0.5127469897270203 0.7648839950561523
vt 0.5061519742012024 0.7648839950561523
vt 0.004999999888241291 0.11208701133728027
vt 0.018483800813555717 0.11208701133728027
vt 0.004999999888241291 0.12187302112579346
vt 0.004999999888241291 0.12187302112579346
vt 0.018483800813555717 0.11208701133728027
vt 0.018483800813555717 0.12187302112579346
vt 0.7567740082740784 0.1284160017967224
vt 0.7459620237350464 0.1284160017967224
vt 0.7459620237350464 0.12331801652908325
vt 0.7567740082740784 0.1284160017967224
vt 0.7459620237350464 0.12331801652908325
vt 0.7567740082740784 0.12331801652908325
vt 0.7885500192642212 0.15280497074127197
vt 0.7493219971656799 0.15280497074127197
vt 0.7885500192642212 0.14301902055740356
vt 0.7885500192642212 0.14301902055740356
vt 0.7493219971656799 0.15280497074127197
vt 0.7493219971656799 0.14301902055740356
vt 0.2504650056362152 0.561502993106842
vt 0.2504650056362152 0.6097540259361267
vt 0.24067899584770203 0.561502993106842
vt 0.24067899584770203 0.561502993106842
vt 0.2504650056362152 0.6097540259361267
vt 0.24067899584770203 0.6097540259361267
vt 0.4536229968070984 0.5574629902839661
vt 0.5716819763183594 0.5214300155639648
vt 0.5716819763183594 0.5574629902839661
vt 0.5716819763183594 0.5214300155639648
vt 0.4536229968070984 0.5574629902839661
vt 0.4536229968070984 0.5214300155639648
vt 0.3408389985561371 0.5222740173339844
vt 0.2652359902858734 0.561502993106842
vt 0.2652359902858734 0.5222740173339844
vt 0.2652359902858734 0.561502993106842
vt 0.3408389985561371 0.5222740173339844
vt 0.3408389985561371 0.561502993106842
vt 0.8413389921188354 0.06201159954071045
vt 0.8233680129051208 0.10123997926712036
vt 0.8233680129051208 0.06201159954071045
vt 0.8233680129051208 0.10123997926712036
vt 0.8413389921188354 0.06201159954071045
vt 0.8413389921188354 0.10123997926712036
vt 0.9878259897232056 0.22223103046417236
vt 0.9318259954452515 0.18619698286056519
vt 0.9878259897232056 0.18619698286056519
vt 0.9318259954452515 0.18619698286056519
vt 0.9878259897232056 0.22223103046417236
vt 0.9318259954452515 0.22223103046417236
vt 0.1711760014295578 0.144989013671875
vt 0.20721299946308136 0.15493100881576538
vt 0.1711760014295578 0.15493100881576538
vt 0.20721299946308136 0.15493100881576538
vt 0.1711760014295578 0.144989013671875
vt 0.20721299946308136 0.144989013671875
vt 0.2652359902858734 0.5222740173339844
vt 0.2504650056362152 0.561502993106842
vt 0.2504650056362152 0.5222740173339844
vt 0.2504650056362152 0.561502993106842
vt 0.2652359902858734 0.5222740173339844
vt 0.2652359902858734 0.561502993106842
vt 0.16797100007534027 0.12002700567245483
vt 0.2039709985256195 0.12564098834991455
vt 0.16474199295043945 0.12564098834991455
vt 0.2039709985256195 0.12564098834991455
vt 0.16797100007534027 0.12002700567245483
vt 0.20400500297546387 0.12002700567245483
vt 0.36981400847435 0.6268879771232605
vt 0.36981400847435 0.5834400057792664
vt 0.3748469948768616 0.6233109831809998
vt 0.3748469948768616 0.6233109831809998
vt 0.36981400847435 0.5834400057792664
vt 0.3748469948768616 0.5834029912948608
vt 0.15938200056552887 0.004999995231628418
vt 0.19861100614070892 0.01848381757736206
vt 0.15938200056552887 0.01848381757736206
vt 0.19861100614070892 0.01848381757736206
vt 0.15938200056552887 0.004999995231628418
vt 0.19861100614070892 0.004999995231628418
vt 0.5674560070037842 0.024719715118408203
vt 0.6107940077781677 0.029817819595336914
vt 0.5674560070037842 0.029817819595336914
vt 0.6107940077781677 0.029817819595336914
vt 0.5674560070037842 0.024719715118408203
vt 0.6107940077781677 0.024719715118408203
vt 0.7493219971656799 0.15280497074127197
vt 0.7493219971656799 0.19831299781799316
vt 0.7010689973831177 0.15280497074127197
vt 0.7493219971656799 0.19831299781799316
vt 0.7010689973831177 0.19831299781799316
vt 0.7010689973831177 0.15280497074127197
vt 0.24067899584770203 0.5222740173339844
vt 0.19517099857330322 0.561502993106842
vt 0.19517099857330322 0.5222740173339844
vt 0.19517099857330322 0.561502993106842
vt 0.24067899584770203 0.5222740173339844
vt 0.24067899584770203 0.561502993106842
vt 0.7010689973831177 0.14301902055740356
vt 0.7493219971656799 0.14301902055740356
vt 0.7493219971656799 0.15280497074127197
vt 0.7493219971656799 0.15280497074127197
vt 0.7010689973831177 0.15280497074127197
vt 0.7010689973831177 0.14301902055740356
vt 0.2504650056362152 0.5222740173339844
vt 0.24067899584770203 0.561502993106842
vt 0.24067899584770203 0.5222740173339844
vt 0.24067899584770203 0.561502993106842
vt 0.2504650056362152 0.5222740173339844
vt 0.2504650056362152 0.561502993106842
vt 0.7279509902000427 0.3955099582672119
vt 0.7279509902000427 0.44001197814941406
vt 0.7099789977073669 0.3955099582672119
vt 0.7099789977073669 0.44001197814941406
vt 0.7099789977073669 0.3955099582672119
vt 0.7279509902000427 0.44001197814941406
vt 0.7885500192642212 0.2428150177001953
vt 0.7885500192642212 0.19831299781799316
vt 0.8110520243644714 0.2428150177001953
vt 0.8110520243644714 0.19831299781799316
vt 0.8110520243644714 0.2428150177001953
vt 0.7885500192642212 0.19831299781799316
vt 0.09537389874458313 0.6097540259361267
vt 0.09537389874458313 0.6535490155220032
vt 0.08060330152511597 0.6097540259361267
vt 0.08060330152511597 0.6097540259361267
vt 0.09537389874458313 0.6535490155220032
vt 0.08060330152511597 0.6535490155220032
vt 0.3600580096244812 0.5299909710884094
vt 0.3550249934196472 0.4814940094947815
vt 0.3600580096244812 0.4815009832382202
vt 0.3550249934196472 0.4814940094947815
vt 0.3600580096244812 0.5299909710884094
vt 0.3550249934196472 0.5299980044364929
vt 0.24686299264431 0.3607810139656067
vt 0.29065799713134766 0.3607810139656067
vt 0.24686299264431 0.3742649555206299
vt 0.24686299264431 0.3742649555206299
vt 0.29065799713134766 0.3607810139656067
vt 0.29065799713134766 0.3742649555206299
vt 0.7026259899139404 0.015027880668640137
vt 0.654242992401123 0.015027880668640137
vt 0.7026259899139404 0.009929955005645752
vt 0.7026259899139404 0.009929955005645752
vt 0.654242992401123 0.015027880668640137
vt 0.654242992401123 0.009929955005645752
vt 0.9557510018348694 0.897458016872406
vt 0.9643869996070862 0.9540280103683472
vt 0.9316509962081909 0.922415018081665
vt 0.9643869996070862 0.9540280103683472
vt 0.9557510018348694 0.897458016872406
vt 0.9884870052337646 0.9290710091590881
vt 0.2652359902858734 0.6097540259361267
vt 0.2652359902858734 0.6535490155220032
vt 0.2504650056362152 0.6097540259361267
vt 0.2504650056362152 0.6097540259361267
vt 0.2652359902858734 0.6535490155220032
vt 0.2504650056362152 0.6535490155220032
vt 0.3748469948768616 0.4815009832382202
vt 0.3748469948768616 0.5299909710884094
vt 0.36981400847435 0.5299980044364929
vt 0.36981400847435 0.5299980044364929
vt 0.36981400847435 0.4814929962158203
vt 0.3748469948768616 0.4815009832382202
vt 0.24686299264431 0.004999995231628418
vt 0.29065799713134766 0.004999995231628418
vt 0.24686299264431 0.01848381757736206
vt 0.24686299264431 0.01848381757736206
vt 0.29065799713134766 0.004999995231628418
vt 0.29065799713134766 0.01848381757736206
vt 0.7124850153923035 0.024719715118408203
vt 0.6641020178794861 0.029817819595336914
vt 0.6641020178794861 0.024719715118408203
vt 0.6641020178794861 0.029817819595336914
vt 0.7124850153923035 0.024719715118408203
vt 0.7124850153923035 0.029817819595336914
vt 0.9318259954452515 0.3283330202102661
vt 0.9318259954452515 0.28385698795318604
vt 0.9874820113182068 0.3283330202102661
vt 0.9318259954452515 0.28385698795318604
vt 0.9874820113182068 0.28385698795318604
vt 0.9874820113182068 0.3283330202102661
vt 0.822052001953125 0.5670109987258911
vt 0.822052001953125 0.7127169966697693
vt 0.8021969795227051 0.5670109987258911
vt 0.8021969795227051 0.5670109987258911
vt 0.822052001953125 0.7127169966697693
vt 0.8021969795227051 0.7127169966697693
vt 0.4585529863834381 0.03459799289703369
vt 0.527974009513855 0.009929895401000977
vt 0.527974009513855 0.06817412376403809
vt 0.005000010132789612 0.7582640051841736
vt 0.08060330152511597 0.7635319828987122
vt 0.08930490165948868 0.8787000179290771
vt 0.8021969795227051 0.5670109987258911
vt 0.8021969795227051 0.7127169966697693
vt 0.7346289753913879 0.5670109987258911
vt 0.7346289753913879 0.5670109987258911
vt 0.8021969795227051 0.7127169966697693
vt 0.7346289753913879 0.7127169966697693
vt 0.787198007106781 0.8557299971580505
vt 0.6656100153923035 0.8557299971580505
vt 0.787198007106781 0.8332269787788391
vt 0.6656100153923035 0.8332269787788391
vt 0.787198007106781 0.8332269787788391
vt 0.6656100153923035 0.8557299971580505
vt 0.08060330152511597 0.7635319828987122
vt 0.005000010132789612 0.7582640051841736
vt 0.08060330152511597 0.7410299777984619
vt 0.005000010132789612 0.7410299777984619
vt 0.08060330152511597 0.7410299777984619
vt 0.005000010132789612 0.7582640051841736
vt 0.7885500192642212 0.057480812072753906
vt 0.7885500192642212 0.039509475231170654
vt 0.8110520243644714 0.057480812072753906
vt 0.7885500192642212 0.039509475231170654
vt 0.8110520243644714 0.039509475231170654
vt 0.8110520243644714 0.057480812072753906
vt 0.8110520243644714 0.057480812072753906
vt 0.8110520243644714 0.11863797903060913
vt 0.7885500192642212 0.057480812072753906
vt 0.7885500192642212 0.11863797903060913
vt 0.7885500192642212 0.057480812072753906
vt 0.8110520243644714 0.11863797903060913
vt 0.8677369952201843 0.6601300239562988
vt 0.8677369952201843 0.5177119970321655
vt 0.8836879730224609 0.6601300239562988
vt 0.8836879730224609 0.6601300239562988
vt 0.8677369952201843 0.5177119970321655
vt 0.8836879730224609 0.5177119970321655
vt 0.18963199853897095 0.9121059775352478
vt 0.18963199853897095 0.9732630252838135
vt 0.17486199736595154 0.9121059775352478
vt 0.17486199736595154 0.9121059775352478
vt 0.18963199853897095 0.9732630252838135
vt 0.17486199736595154 0.9732630252838135
vt 0.09537389874458313 0.7635319828987122
vt 0.08930490165948868 0.8787000179290771
vt 0.08060330152511597 0.7635319828987122
vt 0.08930490165948868 0.8787000179290771
vt 0.09537389874458313 0.7635319828987122
vt 0.09537389874458313 0.8787000179290771
vt 0.18963199853897095 0.9912340044975281
vt 0.17486199736595154 0.9732630252838135
vt 0.18963199853897095 0.9732630252838135
vt 0.17486199736595154 0.9732630252838135
vt 0.18963199853897095 0.9912340044975281
vt 0.17486199736595154 0.9912340044975281
vt 0.5697939991950989 0.3128809928894043
vt 0.5472919940948486 0.3128809928894043
vt 0.5697939991950989 0.2981100082397461
vt 0.5697939991950989 0.2981100082397461
vt 0.5472919940948486 0.3128809928894043
vt 0.5472919940948486 0.2981100082397461
vt 0.08060330152511597 0.7410299777984619
vt 0.09537389874458313 0.7410299777984619
vt 0.09537389874458313 0.7635319828987122
vt 0.08060330152511597 0.7410299777984619
vt 0.09537389874458313 0.7635319828987122
vt 0.08060330152511597 0.7635319828987122
vt 0.6630420088768005 0.09452879428863525
vt 0.6502079963684082 0.08947581052780151
vt 0.6612619757652283 0.08971661329269409
vt 0.6502079963684082 0.08947581052780151
vt 0.6630420088768005 0.09452879428863525
vt 0.6466180086135864 0.09452879428863525
vt 0.15870599448680878 0.9071760177612305
vt 0.02471970021724701 0.9132789969444275
vt 0.026462100446224213 0.908411979675293
vt 0.16091600060462952 0.9118499755859375
vt 0.02471970021724701 0.9132789969444275
vt 0.15870599448680878 0.9071760177612305
vt 0.3256309926509857 0.39939403533935547
vt 0.3256309926509857 0.4675309658050537
vt 0.3205150067806244 0.40299201011657715
vt 0.3205150067806244 0.40299201011657715
vt 0.3256309926509857 0.4675309658050537
vt 0.32095998525619507 0.46538299322128296
vt 0.7647960186004639 0.3803520202636719
vt 0.7596719861030579 0.4451479911804199
vt 0.7603049874305725 0.3828960061073303
vt 0.7596719861030579 0.4451479911804199
vt 0.7647960186004639 0.3803520202636719
vt 0.7647960186004639 0.4487600326538086
vt 0.9008179903030396 0.31558501720428467
vt 0.73955899477005 0.36423200368881226
vt 0.7408490180969238 0.3592360019683838
vt 0.9056400060653687 0.31961798667907715
vt 0.73955899477005 0.36423200368881226
vt 0.9008179903030396 0.31558501720428467
vt 0.44847699999809265 0.9123259782791138
vt 0.39446398615837097 0.8135079741477966
vt 0.41969001293182373 0.8313159942626953
vt 0.44595998525619507 0.9584280252456665
vt 0.39446398615837097 0.8135079741477966
vt 0.44847699999809265 0.9123259782791138
vt 0.5160520076751709 0.8135079741477966
vt 0.44595998525619507 0.9584280252456665
vt 0.44847699999809265 0.9123259782791138
vt 0.5160520076751709 0.8135079741477966
vt 0.44847699999809265 0.9123259782791138
vt 0.48765799403190613 0.8313149809837341
vt 0.48765799403190613 0.8313149809837341
vt 0.39446398615837097 0.8135079741477966
vt 0.5160520076751709 0.8135079741477966
vt 0.39446398615837097 0.8135079741477966
vt 0.48765799403190613 0.8313149809837341
vt 0.41969001293182373 0.8313159942626953
vt 0.8547160029411316 0.21759599447250366
vt 0.847769021987915 0.13944298028945923
vt 0.8534770011901855 0.14392298460006714
vt 0.8492159843444824 0.22541499137878418
vt 0.847769021987915 0.13944298028945923
vt 0.8547160029411316 0.21759599447250366
vt 0.6535930037498474 0.07779282331466675
vt 0.7358829975128174 0.06748980283737183
vt 0.6470350027084351 0.08477282524108887
vt 0.7358829975128174 0.06748980283737183
vt 0.6535930037498474 0.07779282331466675
vt 0.7297300100326538 0.06298220157623291
vt 0.06859470158815384 0.37093299627304077
vt 0.005000010132789612 0.3713330030441284
vt 0.07323849946260452 0.36488497257232666
vt 0.005000010132789612 0.3713330030441284
vt 0.06859470158815384 0.37093299627304077
vt 0.010118099860846996 0.3764599561691284
vt 0.3781389892101288 0.3607810139656067
vt 0.39639100432395935 0.3607810139656067
vt 0.3781389892101288 0.3742649555206299
vt 0.3781389892101288 0.3742649555206299
vt 0.39639100432395935 0.3607810139656067
vt 0.40064099431037903 0.3742649555206299
vt 0.39639100432395935 0.3607810139656067
vt 0.5190380215644836 0.2749279737472534
vt 0.40064099431037903 0.3742649555206299
vt 0.5325210094451904 0.2819490432739258
vt 0.40064099431037903 0.3742649555206299
vt 0.5190380215644836 0.2749279737472534
vt 0.5325210094451904 0.2671779990196228
vt 0.5190380215644836 0.2749279737472534
vt 0.5190380215644836 0.2671779990196228
vt 0.5190380215644836 0.2749279737472534
vt 0.5325210094451904 0.2671779990196228
vt 0.5325210094451904 0.2819490432739258
vt 0.5385569930076599 0.015027880668640137
vt 0.5575960278511047 0.009929955005645752
vt 0.5575960278511047 0.015027880668640137
vt 0.5575960278511047 0.009929955005645752
vt 0.5385569930076599 0.015027880668640137
vt 0.5374320149421692 0.009929955005645752
vt 0.6951900124549866 0.7156909704208374
vt 0.6955299973487854 0.5686799883842468
vt 0.7008190155029297 0.7167220115661621
vt 0.7011659741401672 0.5670109987258911
vt 0.7008190155029297 0.7167220115661621
vt 0.6955299973487854 0.5686799883842468
vt 0.5854330062866211 0.11362600326538086
vt 0.578728973865509 0.1085280179977417
vt 0.5854330062866211 0.1085280179977417
vt 0.578728973865509 0.1085280179977417
vt 0.5854330062866211 0.11362600326538086
vt 0.5768709778785706 0.11362600326538086
vt 0.6998599767684937 0.48691999912261963
vt 0.5818009972572327 0.48691999912261963
vt 0.6998599767684937 0.4386950135231018
vt 0.5818009972572327 0.4386950135231018
vt 0.6998599767684937 0.4386950135231018
vt 0.5818009972572327 0.48691999912261963
vt 0.005000010132789612 0.6535490155220032
vt 0.08060330152511597 0.6535490155220032
vt 0.005000010132789612 0.7018010020256042
vt 0.08060330152511597 0.6535490155220032
vt 0.08060330152511597 0.7018010020256042
vt 0.005000010132789612 0.7018010020256042
vt 0.7493219971656799 0.057480812072753906
vt 0.7010689973831177 0.057480812072753906
vt 0.7010689973831177 0.039509475231170654
vt 0.7010689973831177 0.039509475231170654
vt 0.7493219971656799 0.039509475231170654
vt 0.7493219971656799 0.057480812072753906
vt 0.38460400700569153 0.5126460194587708
vt 0.4406050145626068 0.5126460194587708
vt 0.38460400700569153 0.5608710050582886
vt 0.4406050145626068 0.5126460194587708
vt 0.4406050145626068 0.5608710050582886
vt 0.38460400700569153 0.5608710050582886
vt 0.3474609851837158 0.14028596878051758
vt 0.29923000931739807 0.14028596878051758
vt 0.29923000931739807 0.13034403324127197
vt 0.29923000931739807 0.13034403324127197
vt 0.3474609851837158 0.13034403324127197
vt 0.3474609851837158 0.14028596878051758
vt 0.08060330152511597 0.7018010020256042
vt 0.08060330152511597 0.6535490155220032
vt 0.09537389874458313 0.6535490155220032
vt 0.09537389874458313 0.6535490155220032
vt 0.09537389874458313 0.7018010020256042
vt 0.08060330152511597 0.7018010020256042
vt 0.34423598647117615 0.11532402038574219
vt 0.2960110008716583 0.11532402038574219
vt 0.29601800441741943 0.10971099138259888
vt 0.29601800441741943 0.10971099138259888
vt 0.3442699909210205 0.10971099138259888
vt 0.34423598647117615 0.11532402038574219
vt 0.3600580096244812 0.5299909710884094
vt 0.3600580096244812 0.5834029912948608
vt 0.3550249934196472 0.5299980044364929
vt 0.3550249934196472 0.5299980044364929
vt 0.3600580096244812 0.5834029912948608
vt 0.3550249934196472 0.5834400057792664
vt 0.3389100134372711 0.3742649555206299
vt 0.29065799713134766 0.3742649555206299
vt 0.29065799713134766 0.3607810139656067
vt 0.29065799713134766 0.3607810139656067
vt 0.3389100134372711 0.3607810139656067
vt 0.3389100134372711 0.3742649555206299
vt 0.6009349822998047 0.009929955005645752
vt 0.654242992401123 0.009929955005645752
vt 0.654242992401123 0.015027880668640137
vt 0.654242992401123 0.015027880668640137
vt 0.6009349822998047 0.015027880668640137
vt 0.6009349822998047 0.009929955005645752
vt 0.3550249934196472 0.7941669821739197
vt 0.49250999093055725 0.7451059818267822
vt 0.49250999093055725 0.7941669821739197
vt 0.49250999093055725 0.7451059818267822
vt 0.3550249934196472 0.7941669821739197
vt 0.3550249934196472 0.7451059818267822
vt 0.9318259954452515 0.23837196826934814
vt 0.9874820113182068 0.23837196826934814
vt 0.9318259954452515 0.28385698795318604
vt 0.9318259954452515 0.28385698795318604
vt 0.9874820113182068 0.23837196826934814
vt 0.9874820113182068 0.28385698795318604
vt 0.15066799521446228 0.7635319828987122
vt 0.10515999794006348 0.8787000179290771
vt 0.10515999794006348 0.7635319828987122
vt 0.10515999794006348 0.8787000179290771
vt 0.15066799521446228 0.7635319828987122
vt 0.15066799521446228 0.8787000179290771
vt 0.11956699937582016 0.9732630252838135
vt 0.16507500410079956 0.9732630252838135
vt 0.16507500410079956 0.9912340044975281
vt 0.11956699937582016 0.9732630252838135
vt 0.16507500410079956 0.9912340044975281
vt 0.11956699937582016 0.9912340044975281
vt 0.5697939991950989 0.2428150177001953
vt 0.5697939991950989 0.2883239984512329
vt 0.5472919940948486 0.2883239984512329
vt 0.5697939991950989 0.2428150177001953
vt 0.5472919940948486 0.2883239984512329
vt 0.5472919940948486 0.2428150177001953
vt 0.15066799521446228 0.7410299777984619
vt 0.10515999794006348 0.7635319828987122
vt 0.10515999794006348 0.7410299777984619
vt 0.10515999794006348 0.7635319828987122
vt 0.15066799521446228 0.7410299777984619
vt 0.15066799521446228 0.7635319828987122
vt 0.6508200168609619 0.6223769783973694
vt 0.6508200168609619 0.5768100023269653
vt 0.6564350128173828 0.5768479704856873
vt 0.6508200168609619 0.6223769783973694
vt 0.6564350128173828 0.5768479704856873
vt 0.6564350128173828 0.6223909854888916
vt 0.5127459764480591 0.7846029996871948
vt 0.5582169890403748 0.7789980173110962
vt 0.558230996131897 0.7846029996871948
vt 0.5582169890403748 0.7789980173110962
vt 0.5127459764480591 0.7846029996871948
vt 0.5127090215682983 0.7789980173110962
vt 0.5190380215644836 0.2573919892311096
vt 0.5190380215644836 0.2118840217590332
vt 0.5325210094451904 0.2118840217590332
vt 0.5190380215644836 0.2573919892311096
vt 0.5325210094451904 0.2118840217590332
vt 0.5325210094451904 0.2573919892311096
vt 0.6465219855308533 0.11362600326538086
vt 0.5962449908256531 0.11362600326538086
vt 0.5962449908256531 0.1085280179977417
vt 0.6465219855308533 0.11362600326538086
vt 0.5962449908256531 0.1085280179977417
vt 0.6465219855308533 0.1085280179977417
vt 0.6090229749679565 0.2883239984512329
vt 0.5697939991950989 0.2883239984512329
vt 0.6090229749679565 0.2428150177001953
vt 0.6090229749679565 0.2428150177001953
vt 0.5697939991950989 0.2883239984512329
vt 0.5697939991950989 0.2428150177001953
vt 0.10515999794006348 0.6535490155220032
vt 0.15066799521446228 0.6535490155220032
vt 0.15066799521446228 0.7018010020256042
vt 0.10515999794006348 0.6535490155220032
vt 0.15066799521446228 0.7018010020256042
vt 0.10515999794006348 0.7018010020256042
vt 0.49250999093055725 0.8012800216674805
vt 0.3550249934196472 0.8012800216674805
vt 0.49250999093055725 0.7941669821739197
vt 0.49250999093055725 0.7941669821739197
vt 0.3550249934196472 0.8012800216674805
vt 0.3550249934196472 0.7941669821739197
vt 0.9318259954452515 0.23177701234817505
vt 0.9874820113182068 0.23177701234817505
vt 0.9318259954452515 0.23837196826934814
vt 0.9318259954452515 0.23837196826934814
vt 0.9874820113182068 0.23177701234817505
vt 0.9874820113182068 0.23837196826934814
vt 0.10515999794006348 0.7635319828987122
vt 0.10515999794006348 0.8787000179290771
vt 0.09537389874458313 0.7635319828987122
vt 0.09537389874458313 0.7635319828987122
vt 0.10515999794006348 0.8787000179290771
vt 0.09537389874458313 0.8787000179290771
vt 0.17486199736595154 0.9732630252838135
vt 0.17486199736595154 0.9912340044975281
vt 0.16507500410079956 0.9732630252838135
vt 0.16507500410079956 0.9732630252838135
vt 0.17486199736595154 0.9912340044975281
vt 0.16507500410079956 0.9912340044975281
vt 0.5697939991950989 0.2981100082397461
vt 0.5472919940948486 0.2883239984512329
vt 0.5697939991950989 0.2883239984512329
vt 0.5472919940948486 0.2883239984512329
vt 0.5697939991950989 0.2981100082397461
vt 0.5472919940948486 0.2981100082397461
vt 0.10515999794006348 0.7410299777984619
vt 0.10515999794006348 0.7635319828987122
vt 0.09537389874458313 0.7410299777984619
vt 0.09537389874458313 0.7410299777984619
vt 0.10515999794006348 0.7635319828987122
vt 0.09537389874458313 0.7635319828987122
vt 0.6508200168609619 0.5670109987258911
vt 0.6564350128173828 0.5702450275421143
vt 0.6508200168609619 0.5768100023269653
vt 0.6508200168609619 0.5768100023269653
vt 0.6564350128173828 0.5702450275421143
vt 0.6564350128173828 0.5768479704856873
vt 0.5061519742012024 0.7846029996871948
vt 0.5127090215682983 0.7789980173110962
vt 0.5127459764480591 0.7846029996871948
vt 0.5127090215682983 0.7789980173110962
vt 0.5061519742012024 0.7846029996871948
vt 0.502921998500824 0.7789980173110962
vt 0.5190380215644836 0.2671779990196228
vt 0.5190380215644836 0.2573919892311096
vt 0.5325210094451904 0.2573919892311096
vt 0.5190380215644836 0.2671779990196228
vt 0.5325210094451904 0.2573919892311096
vt 0.5325210094451904 0.2671779990196228
vt 0.5962449908256531 0.11362600326538086
vt 0.5854330062866211 0.11362600326538086
vt 0.5854330062866211 0.1085280179977417
vt 0.5962449908256531 0.11362600326538086
vt 0.5854330062866211 0.1085280179977417
vt 0.5962449908256531 0.1085280179977417
vt 0.5697939991950989 0.2981100082397461
vt 0.6090229749679565 0.2883239984512329
vt 0.6090229749679565 0.2981100082397461
vt 0.6090229749679565 0.2883239984512329
vt 0.5697939991950989 0.2981100082397461
vt 0.5697939991950989 0.2883239984512329
vt 0.10515999794006348 0.6535490155220032
vt 0.10515999794006348 0.7018010020256042
vt 0.09537389874458313 0.6535490155220032
vt 0.09537389874458313 0.6535490155220032
vt 0.10515999794006348 0.7018010020256042
vt 0.09537389874458313 0.7018010020256042
vt 0.6998599767684937 0.522953987121582
vt 0.5818009972572327 0.522953987121582
vt 0.6998599767684937 0.48691999912261963
vt 0.5818009972572327 0.48691999912261963
vt 0.6998599767684937 0.48691999912261963
vt 0.5818009972572327 0.522953987121582
vt 0.9302859902381897 0.7446889877319336
vt 0.9892699718475342 0.7345709800720215
vt 0.9557510018348694 0.7692800164222717
vt 0.9892699718475342 0.7345709800720215
vt 0.9302859902381897 0.7446889877319336
vt 0.9638040065765381 0.7099789977073669
vt 0.08060330152511597 0.7410299777984619
vt 0.005000010132789612 0.7410299777984619
vt 0.08060330152511597 0.7018010020256042
vt 0.005000010132789612 0.7018010020256042
vt 0.08060330152511597 0.7018010020256042
vt 0.005000010132789612 0.7410299777984619
vt 0.7885500192642212 0.057480812072753906
vt 0.7493219971656799 0.057480812072753906
vt 0.7493219971656799 0.039509475231170654
vt 0.7493219971656799 0.039509475231170654
vt 0.7885500192642212 0.039509475231170654
vt 0.7885500192642212 0.057480812072753906
vt 0.38460400700569153 0.5608710050582886
vt 0.4406050145626068 0.596904993057251
vt 0.38460400700569153 0.596904993057251
vt 0.4406050145626068 0.596904993057251
vt 0.38460400700569153 0.5608710050582886
vt 0.4406050145626068 0.5608710050582886
vt 0.38349899649620056 0.14028596878051758
vt 0.3474609851837158 0.14028596878051758
vt 0.3474609851837158 0.13034403324127197
vt 0.3474609851837158 0.13034403324127197
vt 0.38349899649620056 0.13034403324127197
vt 0.38349899649620056 0.14028596878051758
vt 0.08060330152511597 0.7410299777984619
vt 0.08060330152511597 0.7018010020256042
vt 0.09537389874458313 0.7018010020256042
vt 0.09537389874458313 0.7018010020256042
vt 0.09537389874458313 0.7410299777984619
vt 0.08060330152511597 0.7410299777984619
vt 0.38027000427246094 0.11532402038574219
vt 0.34423598647117615 0.11532402038574219
vt 0.3442699909210205 0.10971099138259888
vt 0.3442699909210205 0.10971099138259888
vt 0.38349899649620056 0.10971099138259888
vt 0.38027000427246094 0.11532402038574219
vt 0.3600580096244812 0.5834029912948608
vt 0.3600580096244812 0.6233109831809998
vt 0.3550249934196472 0.5834400057792664
vt 0.3550249934196472 0.6268879771232605
vt 0.3550249934196472 0.5834400057792664
vt 0.3600580096244812 0.6233109831809998
vt 0.3781389892101288 0.3742649555206299
vt 0.3389100134372711 0.3742649555206299
vt 0.3389100134372711 0.3607810139656067
vt 0.3389100134372711 0.3607810139656067
vt 0.3781389892101288 0.3607810139656067
vt 0.3781389892101288 0.3742649555206299
vt 0.5575960278511047 0.009929955005645752
vt 0.6009349822998047 0.009929955005645752
vt 0.6009349822998047 0.015027880668640137
vt 0.6009349822998047 0.015027880668640137
vt 0.5575960278511047 0.015027880668640137
vt 0.5575960278511047 0.009929955005645752
vt 0.6572750210762024 0.2883239984512329
vt 0.6090229749679565 0.2428150177001953
vt 0.6572750210762024 0.2428150177001953
vt 0.6090229749679565 0.2428150177001953
vt 0.6572750210762024 0.2883239984512329
vt 0.6090229749679565 0.2883239984512329
vt 0.10515999794006348 0.7018010020256042
vt 0.15066799521446228 0.7018010020256042
vt 0.10515999794006348 0.7410299777984619
vt 0.15066799521446228 0.7018010020256042
vt 0.15066799521446228 0.7410299777984619
vt 0.10515999794006348 0.7410299777984619
vt 0.6572750210762024 0.2981100082397461
vt 0.6090229749679565 0.2883239984512329
vt 0.6572750210762024 0.2883239984512329
vt 0.6090229749679565 0.2883239984512329
vt 0.6572750210762024 0.2981100082397461
vt 0.6090229749679565 0.2981100082397461
vt 0.09537389874458313 0.7410299777984619
vt 0.09537389874458313 0.7018010020256042
vt 0.10515999794006348 0.7018010020256042
vt 0.10515999794006348 0.7018010020256042
vt 0.10515999794006348 0.7410299777984619
vt 0.09537389874458313 0.7410299777984619
vt 0.90618497133255 0.7696449756622314
vt 0.9302859902381897 0.7446889877319336
vt 0.9316509962081909 0.7942370176315308
vt 0.9316509962081909 0.7942370176315308
vt 0.9302859902381897 0.7446889877319336
vt 0.9557510018348694 0.7692800164222717
vt 0.19517000019550323 0.7635319828987122
vt 0.19517000019550323 0.8787000179290771
vt 0.15066799521446228 0.7635319828987122
vt 0.15066799521446228 0.7635319828987122
vt 0.19517000019550323 0.8787000179290771
vt 0.15066799521446228 0.8787000179290771
vt 0.6027050018310547 0.7846029996871948
vt 0.558230996131897 0.7846029996871948
vt 0.5582169890403748 0.7789980173110962
vt 0.6027050018310547 0.7846029996871948
vt 0.5582169890403748 0.7789980173110962
vt 0.6027190089225769 0.7789980173110962
vt 0.6090229749679565 0.2428150177001953
vt 0.5697939991950989 0.2428150177001953
vt 0.6090229749679565 0.19831299781799316
vt 0.6090229749679565 0.19831299781799316
vt 0.5697939991950989 0.2428150177001953
vt 0.5697939991950989 0.19831299781799316
vt 0.9557510018348694 0.897458016872406
vt 0.9302859902381897 0.8728669881820679
vt 0.9892699718475342 0.8627489805221558
vt 0.9302859902381897 0.8728669881820679
vt 0.9638040065765381 0.8381569981575012
vt 0.9892699718475342 0.8627489805221558
vt 0.3550249934196472 0.6971349716186523
vt 0.49250999093055725 0.6971349716186523
vt 0.49250999093055725 0.7451059818267822
vt 0.49250999093055725 0.7451059818267822
vt 0.3550249934196472 0.7451059818267822
vt 0.3550249934196472 0.6971349716186523
vt 0.8861410021781921 0.3599550127983093
vt 0.8861410021781921 0.5056599974632263
vt 0.8662859797477722 0.5056599974632263
vt 0.8662859797477722 0.5056599974632263
vt 0.8662859797477722 0.3599550127983093
vt 0.8861410021781921 0.3599550127983093
vt 0.6360300183296204 0.9703320264816284
vt 0.705452024936676 0.9367560148239136
vt 0.705452024936676 0.9950000047683716
vt 0.3408389985561371 0.7582640051841736
vt 0.25653401017189026 0.8787000179290771
vt 0.2652359902858734 0.7635319828987122
vt 0.9318259954452515 0.13797199726104736
vt 0.9318259954452515 0.09418916702270508
vt 0.9878259897232056 0.13797199726104736
vt 0.9878259897232056 0.13797199726104736
vt 0.9318259954452515 0.09418916702270508
vt 0.9878259897232056 0.09418916702270508
vt 0.8662859797477722 0.3599550127983093
vt 0.8662859797477722 0.5056599974632263
vt 0.7987179756164551 0.5056599974632263
vt 0.7987179756164551 0.5056599974632263
vt 0.7987179756164551 0.3599550127983093
vt 0.8662859797477722 0.3599550127983093
vt 0.7921280264854431 0.7867109775543213
vt 0.6705399751663208 0.7867109775543213
vt 0.6705399751663208 0.7642080187797546
vt 0.7921280264854431 0.7867109775543213
vt 0.6705399751663208 0.7642080187797546
vt 0.7921280264854431 0.7642080187797546
vt 0.19517000019550323 0.7410299777984619
vt 0.15066799521446228 0.7635319828987122
vt 0.15066799521446228 0.7410299777984619
vt 0.15066799521446228 0.7635319828987122
vt 0.19517000019550323 0.7410299777984619
vt 0.19517000019550323 0.7635319828987122
vt 0.2652359902858734 0.7410299777984619
vt 0.3408389985561371 0.7410299777984619
vt 0.3408389985561371 0.7582640051841736
vt 0.2652359902858734 0.7410299777984619
vt 0.3408389985561371 0.7582640051841736
vt 0.2652359902858734 0.7635319828987122
vt 0.8233680129051208 0.2807680368423462
vt 0.8413389921188354 0.2807680368423462
vt 0.8413389921188354 0.30326998233795166
vt 0.8233680129051208 0.2807680368423462
vt 0.8413389921188354 0.30326998233795166
vt 0.8233680129051208 0.30326998233795166
vt 0.8413389921188354 0.2807680368423462
vt 0.9024959802627563 0.2807680368423462
vt 0.9024959802627563 0.30326998233795166
vt 0.8413389921188354 0.2807680368423462
vt 0.9024959802627563 0.30326998233795166
vt 0.8413389921188354 0.30326998233795166
vt 0.6705399751663208 0.7208089828491211
vt 0.6853100061416626 0.5670109987258911
vt 0.6853100061416626 0.7208089828491211
vt 0.6853100061416626 0.5670109987258911
vt 0.6705399751663208 0.7208089828491211
vt 0.6705399751663208 0.5670109987258911
vt 0.019770599901676178 0.9121059775352478
vt 0.005000010132789612 0.9732630252838135
vt 0.005000010132789612 0.9121059775352478
vt 0.005000010132789612 0.9732630252838135
vt 0.019770599901676178 0.9121059775352478
vt 0.019770599901676178 0.9732630252838135
vt 0.2504650056362152 0.7635319828987122
vt 0.25653401017189026 0.8787000179290771
vt 0.2504650056362152 0.8787000179290771
vt 0.25653401017189026 0.8787000179290771
vt 0.2504650056362152 0.7635319828987122
vt 0.2652359902858734 0.7635319828987122
vt 0.019770599901676178 0.9732630252838135
vt 0.005000010132789612 0.9912340044975281
vt 0.005000010132789612 0.9732630252838135
vt 0.005000010132789612 0.9912340044975281
vt 0.019770599901676178 0.9732630252838135
vt 0.019770599901676178 0.9912340044975281
vt 0.5697939991950989 0.14301902055740356
vt 0.5472919940948486 0.12824797630310059
vt 0.5697939991950989 0.12824797630310059
vt 0.5472919940948486 0.12824797630310059
vt 0.5697939991950989 0.14301902055740356
vt 0.5472919940948486 0.14301902055740356
vt 0.2504650056362152 0.7410299777984619
vt 0.2652359902858734 0.7410299777984619
vt 0.2504650056362152 0.7635319828987122
vt 0.2652359902858734 0.7410299777984619
vt 0.2652359902858734 0.7635319828987122
vt 0.2504650056362152 0.7635319828987122
vt 0.2960110008716583 0.12002700567245483
vt 0.25222301483154297 0.12564098834991455
vt 0.2522299885749817 0.12002700567245483
vt 0.25222301483154297 0.12564098834991455
vt 0.2960110008716583 0.12002700567245483
vt 0.29601800441741943 0.12564098834991455
vt 0.6259089708328247 0.06803512573242188
vt 0.638742983341217 0.06298220157623291
vt 0.6423320174217224 0.06803512573242188
vt 0.638742983341217 0.06298220157623291
vt 0.6259089708328247 0.06803512573242188
vt 0.627689003944397 0.06322282552719116
vt 0.8951209783554077 0.22269999980926514
vt 0.8825269937515259 0.09105026721954346
vt 0.8871849775314331 0.08880871534347534
vt 0.8871849775314331 0.08880871534347534
vt 0.8999990224838257 0.22440803050994873
vt 0.8951209783554077 0.22269999980926514
vt 0.33530500531196594 0.46886301040649414
vt 0.34042099118232727 0.4043239951133728
vt 0.34042099118232727 0.4724609851837158
vt 0.34042099118232727 0.4043239951133728
vt 0.33530500531196594 0.46886301040649414
vt 0.335750013589859 0.40647196769714355
vt 0.6564350128173828 0.6223909854888916
vt 0.6564350128173828 0.6669219732284546
vt 0.6508200168609619 0.6223769783973694
vt 0.6508200168609619 0.6669359803199768
vt 0.6508200168609619 0.6223769783973694
vt 0.6564350128173828 0.6669219732284546
vt 0.7549690008163452 0.4487600326538086
vt 0.7498440146446228 0.38396400213241577
vt 0.7549690008163452 0.3803520202636719
vt 0.7498440146446228 0.38396400213241577
vt 0.7549690008163452 0.4487600326538086
vt 0.7504770159721375 0.44621700048446655
vt 0.7537450194358826 0.5517380237579346
vt 0.5818009972572327 0.5546309947967529
vt 0.5853250026702881 0.5494250059127808
vt 0.7537450194358826 0.5517380237579346
vt 0.5853250026702881 0.5494250059127808
vt 0.7511270046234131 0.5472919940948486
vt 0.4585529863834381 0.9929370284080505
vt 0.5100489854812622 0.8480169773101807
vt 0.5125659704208374 0.8941199779510498
vt 0.4585529863834381 0.9929370284080505
vt 0.5125659704208374 0.8941199779510498
vt 0.48377901315689087 0.975130021572113
vt 0.5100489854812622 0.8480169773101807
vt 0.580141007900238 0.9929370284080505
vt 0.5125659704208374 0.8941199779510498
vt 0.5125659704208374 0.8941199779510498
vt 0.580141007900238 0.9929370284080505
vt 0.5517470240592957 0.975130021572113
vt 0.4585529863834381 0.9929370284080505
vt 0.5517470240592957 0.975130021572113
vt 0.580141007900238 0.9929370284080505
vt 0.5517470240592957 0.975130021572113
vt 0.4585529863834381 0.9929370284080505
vt 0.48377901315689087 0.975130021572113
vt 0.024115700274705887 0.856037974357605
vt 0.009251669980585575 0.7789980173110962
vt 0.03155849874019623 0.8620380163192749
vt 0.009251669980585575 0.7789980173110962
vt 0.024115700274705887 0.856037974357605
vt 0.005000010132789612 0.7848780155181885
vt 0.8664500117301941 0.21754997968673706
vt 0.8594189882278442 0.1349170207977295
vt 0.865106999874115 0.13999801874160767
vt 0.8594189882278442 0.1349170207977295
vt 0.8664500117301941 0.21754997968673706
vt 0.8609859943389893 0.22541499137878418
vt 0.1366180032491684 0.96151202917099
vt 0.0733300969004631 0.9677619934082031
vt 0.0680793970823288 0.9622319936752319
vt 0.0733300969004631 0.9677619934082031
vt 0.1366180032491684 0.96151202917099
vt 0.13206399977207184 0.9671450257301331
vt 0.3781389892101288 0.01848381757736206
vt 0.3781389892101288 0.004999995231628418
vt 0.39639100432395935 0.01848381757736206
vt 0.3781389892101288 0.004999995231628418
vt 0.40064099431037903 0.004999995231628418
vt 0.39639100432395935 0.01848381757736206
vt 0.5190380215644836 0.10433697700500488
vt 0.40064099431037903 0.004999995231628418
vt 0.5325210094451904 0.09731632471084595
vt 0.40064099431037903 0.004999995231628418
vt 0.5190380215644836 0.10433697700500488
vt 0.39639100432395935 0.01848381757736206
vt 0.5190380215644836 0.10433697700500488
vt 0.5325210094451904 0.11208701133728027
vt 0.5190380215644836 0.11208701133728027
vt 0.5325210094451904 0.11208701133728027
vt 0.5190380215644836 0.10433697700500488
vt 0.5325210094451904 0.09731632471084595
vt 0.5190380215644836 0.16738098859786987
vt 0.5325210094451904 0.2118840217590332
vt 0.5190380215644836 0.2118840217590332
vt 0.5325210094451904 0.2118840217590332
vt 0.5190380215644836 0.16738098859786987
vt 0.5325210094451904 0.16738098859786987
vt 0.8281700015068054 0.029817819595336914
vt 0.8091310262680054 0.029817819595336914
vt 0.8091310262680054 0.024719715118408203
vt 0.8091310262680054 0.024719715118408203
vt 0.8292949795722961 0.024719715118408203
vt 0.8281700015068054 0.029817819595336914
vt 0.6064509749412537 0.9499409794807434
vt 0.6612070202827454 0.8135079741477966
vt 0.6668130159378052 0.8146610260009766
vt 0.6668130159378052 0.8146610260009766
vt 0.6110510230064392 0.9535989761352539
vt 0.6064509749412537 0.9499409794807434
vt 0.7567750215530396 0.11362600326538086
vt 0.763480007648468 0.1085280179977417
vt 0.7653369903564453 0.11362600326538086
vt 0.763480007648468 0.1085280179977417
vt 0.7567750215530396 0.11362600326538086
vt 0.7567750215530396 0.1085280179977417
vt 0.6465219855308533 0.1085280179977417
vt 0.6956869959831238 0.1085280179977417
vt 0.6465219855308533 0.11362600326538086
vt 0.6956869959831238 0.11362600326538086
vt 0.6465219855308533 0.11362600326538086
vt 0.6956869959831238 0.1085280179977417
vt 0.5716819763183594 0.4294229745864868
vt 0.4536229968070984 0.4294229745864868
vt 0.4536229968070984 0.381197988986969
vt 0.5716819763183594 0.4294229745864868
vt 0.4536229968070984 0.381197988986969
vt 0.5716819763183594 0.381197988986969
vt 0.19517000019550323 0.7018010020256042
vt 0.15066799521446228 0.7410299777984619
vt 0.15066799521446228 0.7018010020256042
vt 0.15066799521446228 0.7410299777984619
vt 0.19517000019550323 0.7018010020256042
vt 0.19517000019550323 0.7410299777984619
vt 0.2652359902858734 0.6535490155220032
vt 0.3408389985561371 0.6535490155220032
vt 0.3408389985561371 0.7018010020256042
vt 0.2652359902858734 0.6535490155220032
vt 0.3408389985561371 0.7018010020256042
vt 0.2652359902858734 0.7018010020256042
vt 0.8413389921188354 0.19328701496124268
vt 0.8413389921188354 0.24153900146484375
vt 0.8233680129051208 0.19328701496124268
vt 0.8233680129051208 0.19328701496124268
vt 0.8413389921188354 0.24153900146484375
vt 0.8233680129051208 0.24153900146484375
vt 0.9878259897232056 0.09418916702270508
vt 0.9318259954452515 0.09418916702270508
vt 0.9318259954452515 0.04596370458602905
vt 0.9878259897232056 0.09418916702270508
vt 0.9318259954452515 0.04596370458602905
vt 0.9878259897232056 0.04596370458602905
vt 0.29923099279403687 0.144989013671875
vt 0.3474609851837158 0.144989013671875
vt 0.29923099279403687 0.15493100881576538
vt 0.29923099279403687 0.15493100881576538
vt 0.3474609851837158 0.144989013671875
vt 0.3474609851837158 0.15493100881576538
vt 0.2652359902858734 0.6535490155220032
vt 0.2652359902858734 0.7018010020256042
vt 0.2504650056362152 0.6535490155220032
vt 0.2504650056362152 0.6535490155220032
vt 0.2652359902858734 0.7018010020256042
vt 0.2504650056362152 0.7018010020256042
vt 0.2960110008716583 0.12002700567245483
vt 0.34423598647117615 0.12002700567245483
vt 0.29601800441741943 0.12564098834991455
vt 0.29601800441741943 0.12564098834991455
vt 0.34423598647117615 0.12002700567245483
vt 0.3442699909210205 0.12564098834991455
vt 0.3748469948768616 0.4280890226364136
vt 0.3748469948768616 0.4815009832382202
vt 0.36981400847435 0.4814929962158203
vt 0.36981400847435 0.4814929962158203
vt 0.36981400847435 0.42805200815200806
vt 0.3748469948768616 0.4280890226364136
vt 0.29065799713134766 0.004999995231628418
vt 0.3389100134372711 0.004999995231628418
vt 0.29065799713134766 0.01848381757736206
vt 0.29065799713134766 0.01848381757736206
vt 0.3389100134372711 0.004999995231628418
vt 0.3389100134372711 0.01848381757736206
vt 0.7124850153923035 0.024719715118408203
vt 0.7657920122146606 0.024719715118408203
vt 0.7124850153923035 0.029817819595336914
vt 0.7124850153923035 0.029817819595336914
vt 0.7657920122146606 0.024719715118408203
vt 0.7657920122146606 0.029817819595336914
vt 0.49250999093055725 0.6971349716186523
vt 0.3550249934196472 0.6480739712715149
vt 0.49250999093055725 0.6480739712715149
vt 0.3550249934196472 0.6480739712715149
vt 0.49250999093055725 0.6971349716186523
vt 0.3550249934196472 0.6971349716186523
vt 0.9318259954452515 0.3283330202102661
vt 0.9874820113182068 0.373818039894104
vt 0.9318259954452515 0.373818039894104
vt 0.9874820113182068 0.373818039894104
vt 0.9318259954452515 0.3283330202102661
vt 0.9874820113182068 0.3283330202102661
vt 0.19517000019550323 0.7635319828987122
vt 0.24067899584770203 0.8787000179290771
vt 0.19517000019550323 0.8787000179290771
vt 0.24067899584770203 0.8787000179290771
vt 0.19517000019550323 0.7635319828987122
vt 0.24067899584770203 0.7635319828987122
vt 0.07506509870290756 0.9732630252838135
vt 0.02955690026283264 0.9912340044975281
vt 0.02955690026283264 0.9732630252838135
vt 0.02955690026283264 0.9912340044975281
vt 0.07506509870290756 0.9732630252838135
vt 0.07506509870290756 0.9912340044975281
vt 0.5697939991950989 0.19831299781799316
vt 0.5472919940948486 0.15280497074127197
vt 0.5697939991950989 0.15280497074127197
vt 0.5472919940948486 0.15280497074127197
vt 0.5697939991950989 0.19831299781799316
vt 0.5472919940948486 0.19831299781799316
vt 0.24067899584770203 0.7635319828987122
vt 0.19517000019550323 0.7410299777984619
vt 0.24067899584770203 0.7410299777984619
vt 0.19517000019550323 0.7410299777984619
vt 0.24067899584770203 0.7635319828987122
vt 0.19517000019550323 0.7635319828987122
vt 0.6508200168609619 0.6669359803199768
vt 0.6564350128173828 0.7124649882316589
vt 0.6508200168609619 0.7125030159950256
vt 0.6564350128173828 0.7124649882316589
vt 0.6508200168609619 0.6669359803199768
vt 0.6564350128173828 0.6669219732284546
vt 0.6481890082359314 0.7846029996871948
vt 0.6027050018310547 0.7846029996871948
vt 0.6027190089225769 0.7789980173110962
vt 0.6481890082359314 0.7846029996871948
vt 0.6027190089225769 0.7789980173110962
vt 0.6482269763946533 0.7789980173110962
vt 0.5325210094451904 0.12187302112579346
vt 0.5325210094451904 0.16738098859786987
vt 0.5190380215644836 0.12187302112579346
vt 0.5190380215644836 0.16738098859786987
vt 0.5190380215644836 0.12187302112579346
vt 0.5325210094451904 0.16738098859786987
vt 0.6956869959831238 0.11362600326538086
vt 0.7459629774093628 0.1085280179977417
vt 0.7459629774093628 0.11362600326538086
vt 0.7459629774093628 0.1085280179977417
vt 0.6956869959831238 0.11362600326538086
vt 0.6956869959831238 0.1085280179977417
vt 0.6090229749679565 0.19831299781799316
vt 0.5697939991950989 0.15280497074127197
vt 0.6090229749679565 0.15280497074127197
vt 0.5697939991950989 0.15280497074127197
vt 0.6090229749679565 0.19831299781799316
vt 0.5697939991950989 0.19831299781799316
vt 0.19517099857330322 0.6535490155220032
vt 0.24067899584770203 0.6535490155220032
vt 0.19517000019550323 0.7018010020256042
vt 0.24067899584770203 0.6535490155220032
vt 0.24067899584770203 0.7018010020256042
vt 0.19517000019550323 0.7018010020256042
vt 0.49250999093055725 0.6480739712715149
vt 0.3550249934196472 0.6409599781036377
vt 0.49250999093055725 0.6409599781036377
vt 0.3550249934196472 0.6409599781036377
vt 0.49250999093055725 0.6480739712715149
vt 0.3550249934196472 0.6480739712715149
vt 0.9318259954452515 0.373818039894104
vt 0.9874820113182068 0.3804129958152771
vt 0.9318259954452515 0.3804129958152771
vt 0.9874820113182068 0.3804129958152771
vt 0.9318259954452515 0.373818039894104
vt 0.9874820113182068 0.373818039894104
vt 0.7010689973831177 0.15280497074127197
vt 0.6572750210762024 0.15280497074127197
vt 0.7010689973831177 0.14301902055740356
vt 0.7010689973831177 0.14301902055740356
vt 0.6572750210762024 0.15280497074127197
vt 0.6572750210762024 0.14301902055740356
vt 0.24067899584770203 0.8787000179290771
vt 0.24067899584770203 0.7635319828987122
vt 0.2504650056362152 0.7635319828987122
vt 0.2504650056362152 0.7635319828987122
vt 0.2504650056362152 0.8787000179290771
vt 0.24067899584770203 0.8787000179290771
vt 0.02955690026283264 0.9732630252838135
vt 0.019770599901676178 0.9912340044975281
vt 0.019770599901676178 0.9732630252838135
vt 0.019770599901676178 0.9912340044975281
vt 0.02955690026283264 0.9732630252838135
vt 0.02955690026283264 0.9912340044975281
vt 0.5697939991950989 0.14301902055740356
vt 0.5472919940948486 0.15280497074127197
vt 0.5472919940948486 0.14301902055740356
vt 0.5472919940948486 0.15280497074127197
vt 0.5697939991950989 0.14301902055740356
vt 0.5697939991950989 0.15280497074127197
vt 0.24067899584770203 0.7635319828987122
vt 0.24067899584770203 0.7410299777984619
vt 0.2504650056362152 0.7410299777984619
vt 0.2504650056362152 0.7410299777984619
vt 0.2504650056362152 0.7635319828987122
vt 0.24067899584770203 0.7635319828987122
vt 0.6508200168609619 0.7223020195960999
vt 0.6508200168609619 0.7125030159950256
vt 0.6564350128173828 0.7190679907798767
vt 0.6564350128173828 0.7190679907798767
vt 0.6508200168609619 0.7125030159950256
vt 0.6564350128173828 0.7124649882316589
vt 0.6547840237617493 0.7846029996871948
vt 0.6481890082359314 0.7846029996871948
vt 0.6482269763946533 0.7789980173110962
vt 0.6482269763946533 0.7789980173110962
vt 0.6580129861831665 0.7789980173110962
vt 0.6547840237617493 0.7846029996871948
vt 0.5190380215644836 0.12187302112579346
vt 0.5190380215644836 0.11208701133728027
vt 0.5325210094451904 0.12187302112579346
vt 0.5190380215644836 0.11208701133728027
vt 0.5325210094451904 0.11208701133728027
vt 0.5325210094451904 0.12187302112579346
vt 0.7459629774093628 0.11362600326538086
vt 0.7567750215530396 0.1085280179977417
vt 0.7567750215530396 0.11362600326538086
vt 0.7567750215530396 0.1085280179977417
vt 0.7459629774093628 0.11362600326538086
vt 0.7459629774093628 0.1085280179977417
vt 0.6090229749679565 0.15280497074127197
vt 0.5697939991950989 0.14301902055740356
vt 0.6090229749679565 0.14301902055740356
vt 0.5697939991950989 0.14301902055740356
vt 0.6090229749679565 0.15280497074127197
vt 0.5697939991950989 0.15280497074127197
vt 0.24067899584770203 0.7018010020256042
vt 0.24067899584770203 0.6535490155220032
vt 0.2504650056362152 0.6535490155220032
vt 0.2504650056362152 0.6535490155220032
vt 0.2504650056362152 0.7018010020256042
vt 0.24067899584770203 0.7018010020256042
vt 0.5716819763183594 0.381197988986969
vt 0.4536229968070984 0.381197988986969
vt 0.4536229968070984 0.3451650142669678
vt 0.5716819763183594 0.381197988986969
vt 0.4536229968070984 0.3451650142669678
vt 0.5716819763183594 0.3451650142669678
vt 0.2652359902858734 0.7018010020256042
vt 0.3408389985561371 0.7018010020256042
vt 0.3408389985561371 0.7410299777984619
vt 0.2652359902858734 0.7018010020256042
vt 0.3408389985561371 0.7410299777984619
vt 0.2652359902858734 0.7410299777984619
vt 0.8413389921188354 0.24153900146484375
vt 0.8413389921188354 0.2807680368423462
vt 0.8233680129051208 0.24153900146484375
vt 0.8233680129051208 0.24153900146484375
vt 0.8413389921188354 0.2807680368423462
vt 0.8233680129051208 0.2807680368423462
vt 0.9318259954452515 0.04596370458602905
vt 0.9878259897232056 0.009929955005645752
vt 0.9878259897232056 0.04596370458602905
vt 0.9878259897232056 0.009929955005645752
vt 0.9318259954452515 0.04596370458602905
vt 0.9318259954452515 0.009929955005645752
vt 0.3474609851837158 0.144989013671875
vt 0.38349899649620056 0.144989013671875
vt 0.3474609851837158 0.15493100881576538
vt 0.3474609851837158 0.15493100881576538
vt 0.38349899649620056 0.144989013671875
vt 0.38349899649620056 0.15493100881576538
vt 0.2652359902858734 0.7018010020256042
vt 0.2652359902858734 0.7410299777984619
vt 0.2504650056362152 0.7018010020256042
vt 0.2504650056362152 0.7018010020256042
vt 0.2652359902858734 0.7410299777984619
vt 0.2504650056362152 0.7410299777984619
vt 0.34423598647117615 0.12002700567245483
vt 0.38027000427246094 0.12002700567245483
vt 0.3442699909210205 0.12564098834991455
vt 0.3442699909210205 0.12564098834991455
vt 0.38027000427246094 0.12002700567245483
vt 0.38349899649620056 0.12564098834991455
vt 0.3748469948768616 0.3881809711456299
vt 0.3748469948768616 0.4280890226364136
vt 0.36981400847435 0.42805200815200806
vt 0.36981400847435 0.42805200815200806
vt 0.36981400847435 0.38460397720336914
vt 0.3748469948768616 0.3881809711456299
vt 0.3389100134372711 0.004999995231628418
vt 0.3781389892101288 0.004999995231628418
vt 0.3389100134372711 0.01848381757736206
vt 0.3389100134372711 0.01848381757736206
vt 0.3781389892101288 0.004999995231628418
vt 0.3781389892101288 0.01848381757736206
vt 0.7657920122146606 0.024719715118408203
vt 0.8091310262680054 0.024719715118408203
vt 0.7657920122146606 0.029817819595336914
vt 0.7657920122146606 0.029817819595336914
vt 0.8091310262680054 0.024719715118408203
vt 0.8091310262680054 0.029817819595336914
vt 0.6090229749679565 0.19831299781799316
vt 0.6572750210762024 0.15280497074127197
vt 0.6572750210762024 0.19831299781799316
vt 0.6572750210762024 0.15280497074127197
vt 0.6090229749679565 0.19831299781799316
vt 0.6090229749679565 0.15280497074127197
vt 0.19517000019550323 0.7018010020256042
vt 0.24067899584770203 0.7018010020256042
vt 0.24067899584770203 0.7410299777984619
vt 0.19517000019550323 0.7018010020256042
vt 0.24067899584770203 0.7410299777984619
vt 0.19517000019550323 0.7410299777984619
vt 0.6090229749679565 0.15280497074127197
vt 0.6572750210762024 0.14301902055740356
vt 0.6572750210762024 0.15280497074127197
vt 0.6572750210762024 0.14301902055740356
vt 0.6090229749679565 0.15280497074127197
vt 0.6090229749679565 0.14301902055740356
vt 0.2504650056362152 0.7018010020256042
vt 0.2504650056362152 0.7410299777984619
vt 0.24067899584770203 0.7018010020256042
vt 0.24067899584770203 0.7018010020256042
vt 0.2504650056362152 0.7410299777984619
vt 0.24067899584770203 0.7410299777984619
vt 0.07506509870290756 0.9732630252838135
vt 0.11956699937582016 0.9732630252838135
vt 0.11956699937582016 0.9912340044975281
vt 0.07506509870290756 0.9732630252838135
vt 0.11956699937582016 0.9912340044975281
vt 0.07506509870290756 0.9912340044975281
vt 0.5472919940948486 0.2428150177001953
vt 0.5697939991950989 0.19831299781799316
vt 0.5697939991950989 0.2428150177001953
vt 0.5697939991950989 0.19831299781799316
vt 0.5472919940948486 0.2428150177001953
vt 0.5472919940948486 0.19831299781799316
vt 0.09537389874458313 0.6535490155220032
vt 0.09537389874458313 0.6097540259361267
vt 0.10515999794006348 0.6097540259361267
vt 0.10515999794006348 0.6097540259361267
vt 0.10515999794006348 0.6535490155220032
vt 0.09537389874458313 0.6535490155220032
vt 0.8975499868392944 0.8412539958953857
vt 0.90618497133255 0.8978239893913269
vt 0.873449981212616 0.8662109971046448
vt 0.90618497133255 0.8978239893913269
vt 0.8975499868392944 0.8412539958953857
vt 0.9302859902381897 0.8728669881820679
vt 0.24067899584770203 0.6535490155220032
vt 0.24067899584770203 0.6097540259361267
vt 0.2504650056362152 0.6097540259361267
vt 0.2504650056362152 0.6097540259361267
vt 0.2504650056362152 0.6535490155220032
vt 0.24067899584770203 0.6535490155220032
vt 0.2575649917125702 0.9127389788627625
vt 0.2120569944381714 0.9127389788627625
vt 0.216607004404068 0.9071760177612305
vt 0.2575649917125702 0.9127389788627625
vt 0.216607004404068 0.9071760177612305
vt 0.2621159851551056 0.9071760177612305
vt 0.7011569738388062 0.2147209644317627
vt 0.6573619842529297 0.2147209644317627
vt 0.6619120240211487 0.2091580033302307
vt 0.7011569738388062 0.2147209644317627
vt 0.6619120240211487 0.2091580033302307
vt 0.6966059803962708 0.2091580033302307
vt 0.36943501234054565 0.9768279790878296
vt 0.41039299964904785 0.9712650179862976
vt 0.41494300961494446 0.9768279790878296
vt 0.41039299964904785 0.9712650179862976
vt 0.36943501234054565 0.9768279790878296
vt 0.36488500237464905 0.9712650179862976
vt 0.48383599519729614 0.5715619921684265
vt 0.48383599519729614 0.6198139786720276
vt 0.4782730042934418 0.6152629852294922
vt 0.4782730042934418 0.6152629852294922
vt 0.4782730042934418 0.5670109987258911
vt 0.48383599519729614 0.5715619921684265
vt 0.6573619842529297 0.21942400932312012
vt 0.7018640041351318 0.21942400932312012
vt 0.6973130106925964 0.22498703002929688
vt 0.6573619842529297 0.21942400932312012
vt 0.6973130106925964 0.22498703002929688
vt 0.6619120240211487 0.22498703002929688
vt 0.009550550021231174 0.3310079574584961
vt 0.053252000361680984 0.3254449963569641
vt 0.05780259892344475 0.3310079574584961
vt 0.053252000361680984 0.3254449963569641
vt 0.009550550021231174 0.3310079574584961
vt 0.005000010132789612 0.3254449963569641
vt 0.41039299964904785 0.9521790146827698
vt 0.36488500237464905 0.9521790146827698
vt 0.36943501234054565 0.946615993976593
vt 0.36943501234054565 0.946615993976593
vt 0.41494300961494446 0.946615993976593
vt 0.41039299964904785 0.9521790146827698
vt 0.0444394014775753 0.4283989667892456
vt 0.0444394014775753 0.38460397720336914
vt 0.05000229924917221 0.3891550302505493
vt 0.0444394014775753 0.4283989667892456
vt 0.05000229924917221 0.3891550302505493
vt 0.05000229924917221 0.423848032951355
vt 0.5912820100784302 0.9817579984664917
vt 0.6322389841079712 0.9761949777603149
vt 0.6367899775505066 0.9817579984664917
vt 0.6322389841079712 0.9761949777603149
vt 0.5912820100784302 0.9817579984664917
vt 0.5867310166358948 0.9761949777603149
vt 0.7789980173110962 0.41806602478027344
vt 0.7789980173110962 0.36981403827667236
vt 0.7845609784126282 0.374364972114563
vt 0.7845609784126282 0.374364972114563
vt 0.7845609784126282 0.42261695861816406
vt 0.7789980173110962 0.41806602478027344
vt 0.7018640041351318 0.2352529764175415
vt 0.6573619842529297 0.2352529764175415
vt 0.6619120240211487 0.22969001531600952
vt 0.7018640041351318 0.2352529764175415
vt 0.6619120240211487 0.22969001531600952
vt 0.6973130106925964 0.22969001531600952
vt 0.46411600708961487 0.6152639985084534
vt 0.4585529863834381 0.5715619921684265
vt 0.46411600708961487 0.5670109987258911
vt 0.4585529863834381 0.5715619921684265
vt 0.46411600708961487 0.6152639985084534
vt 0.4585529863834381 0.6198139786720276
vt 0.39408499002456665 0.6212409734725952
vt 0.4423370063304901 0.6212409734725952
vt 0.4377860128879547 0.6274700164794922
vt 0.4377860128879547 0.6274700164794922
vt 0.38953399658203125 0.6274700164794922
vt 0.39408499002456665 0.6212409734725952
vt 0.8162779808044434 0.547685980796814
vt 0.7642080187797546 0.547685980796814
vt 0.7695329785346985 0.5423619747161865
vt 0.8162779808044434 0.547685980796814
vt 0.7695329785346985 0.5423619747161865
vt 0.8109539747238159 0.5423619747161865
vt 0.034974001348018646 0.44106197357177734
vt 0.029649600386619568 0.38992899656295776
vt 0.034974001348018646 0.38460397720336914
vt 0.029649600386619568 0.38992899656295776
vt 0.034974001348018646 0.44106197357177734
vt 0.029649600386619568 0.4463859796524048
vt 0.442781001329422 0.6117749810218811
vt 0.38953399658203125 0.6117749810218811
vt 0.3948589861392975 0.6064509749412537
vt 0.442781001329422 0.6117749810218811
vt 0.3948589861392975 0.6064509749412537
vt 0.44810599088668823 0.6064509749412537
vt 0.4043239951133728 0.9337689876556396
vt 0.4043239951133728 0.8825269937515259
vt 0.40964800119400024 0.8878509998321533
vt 0.4043239951133728 0.9337689876556396
vt 0.40964800119400024 0.8878509998321533
vt 0.40964800119400024 0.9284449815750122
vt 0.8484119772911072 0.03004401922225952
vt 0.8963350057601929 0.024719715118408203
vt 0.9016590118408203 0.03004401922225952
vt 0.8963350057601929 0.024719715118408203
vt 0.8484119772911072 0.03004401922225952
vt 0.8430870175361633 0.024719715118408203
vt 0.8124600052833557 0.528872013092041
vt 0.7642080187797546 0.528872013092041
vt 0.76875901222229 0.5226420164108276
vt 0.76875901222229 0.5226420164108276
vt 0.8170109987258911 0.5226420164108276
vt 0.8124600052833557 0.528872013092041
vt 0.38499900698661804 0.8135079741477966
vt 0.38499900698661804 0.8655779957771301
vt 0.3796739876270294 0.8602529764175415
vt 0.38499900698661804 0.8135079741477966
vt 0.3796739876270294 0.8602529764175415
vt 0.3796739876270294 0.8188319802284241
vt 0.4835970103740692 0.3356989622116089
vt 0.5347300171852112 0.33037495613098145
vt 0.5400540232658386 0.3356989622116089
vt 0.5347300171852112 0.33037495613098145
vt 0.4835970103740692 0.3356989622116089
vt 0.4782730042934418 0.33037495613098145
vt 0.7632259726524353 0.3159799575805664
vt 0.7099789977073669 0.3159799575805664
vt 0.7153040170669556 0.31065499782562256
vt 0.7153040170669556 0.31065499782562256
vt 0.7685509920120239 0.31065499782562256
vt 0.7632259726524353 0.3159799575805664
vt 0.20413999259471893 0.8977109789848328
vt 0.15289799869060516 0.8977109789848328
vt 0.1582220047712326 0.8923860192298889
vt 0.20413999259471893 0.8977109789848328
vt 0.1582220047712326 0.8923860192298889
vt 0.19881600141525269 0.8923860192298889
vt 0.8484119772911072 0.015254199504852295
vt 0.8963350057601929 0.009929955005645752
vt 0.9016590118408203 0.015254199504852295
vt 0.8963350057601929 0.009929955005645752
vt 0.8484119772911072 0.015254199504852295
vt 0.8430870175361633 0.009929955005645752
vn 0 0.9999482850277907 -0.010169919861054595
vn 0 0.9999482850339554 -0.0101699192549089
vn 0 0.9999482850244845 -0.010169920186135117
vn 0 0.9999482850277907 -0.010169919861054595
vn 0 0.9999482850244845 -0.010169920186135117
vn 0 0.9999482850339554 -0.0101699192549089
vn -0.6499201615596983 -3.322076390271437e-8 0.7600024892052754
vn -0.6499201615596983 -3.322076390271437e-8 0.7600024892052754
vn -0.6499201615596983 -3.322076390271437e-8 0.7600024892052754
vn -0.6499201615596983 -3.322076390271437e-8 0.7600024892052754
vn -0.6499201615596983 -3.322076390271437e-8 0.7600024892052754
vn -0.6499201615596983 -3.322076390271437e-8 0.7600024892052754
vn 0 4.371138828433686e-8 -0.9999999999999989
vn 0 4.371138828433686e-8 -0.9999999999999989
vn 0 4.371138828433686e-8 -0.9999999999999989
vn 0 4.371138828433686e-8 -0.9999999999999989
vn 0 4.371138828433686e-8 -0.9999999999999989
vn 0 4.371138828433686e-8 -0.9999999999999989
vn -1 0 0
vn -1 0 0
vn -1 0 0
vn -1 0 0
vn -1 0 0
vn -1 0 0
vn -0.8192319401205681 0.5734623163611446 2.5066833976897245e-8
vn -0.8192319401205681 0.5734623163611446 2.5066833976897245e-8
vn -0.8192319121183862 0.5734623563642625 2.5066835725489062e-8
vn -0.8192319401205681 0.5734623163611446 2.5066833976897245e-8
vn -0.8192319401205681 0.5734623163611446 2.5066833976897245e-8
vn -0.8192319401205681 0.5734623163611446 2.5066833976897245e-8
vn -0.5922350333070312 0.41456568520604214 0.6909362908209877
vn -0.5922350333070312 0.41456568520604214 0.6909362908209877
vn -0.5922350333070312 0.41456568520604214 0.6909362908209877
vn 0 4.371138828433686e-8 -0.9999999999999989
vn 0 4.371138828433686e-8 -0.9999999999999989
vn 0 4.371138828433686e-8 -0.9999999999999989
vn -0.9999746088482788 3.1149282056797853e-10 -0.007126125085338359
vn -0.9999746088485703 3.1149281878025837e-10 -0.007126125044440089
vn -0.9999746088482788 3.1149282056797853e-10 -0.007126125085338359
vn -0.9999746088482788 3.1149282056797853e-10 -0.007126125085338359
vn -0.9999746088482788 3.1149282056797853e-10 -0.007126125085338359
vn -0.9999746088482788 3.1149282056797853e-10 -0.007126125085338359
vn -0.8192319121183862 0.5734623563642625 2.5066835725489062e-8
vn -0.8192319317199126 0.5734623283620816 2.506683450147486e-8
vn -0.8192319317199126 0.5734623283620816 2.506683450147486e-8
vn -0.8192319317199126 0.5734623283620816 2.506683450147486e-8
vn -0.8192319121183862 0.5734623563642625 2.5066835725489062e-8
vn -0.8192319401205681 0.5734623163611446 2.5066833976897245e-8
vn -0.6507913930904394 -3.318815941779298e-8 0.7592565855357488
vn -0.6507913930904394 -3.318815941779298e-8 0.7592565855357488
vn -0.6507913930904394 -3.318815941779298e-8 0.7592565855357488
vn -0.6507913930904394 -3.318815941779298e-8 0.7592565855357488
vn -0.6507913930904394 -3.318815941779298e-8 0.7592565855357488
vn -0.6507913930904394 -3.318815941779298e-8 0.7592565855357488
vn 0 4.371138828433686e-8 -0.9999999999999989
vn 0 4.371138828433686e-8 -0.9999999999999989
vn 0 4.371138828433686e-8 -0.9999999999999989
vn 0 4.371138828433686e-8 -0.9999999999999989
vn 0 4.371138828433686e-8 -0.9999999999999989
vn 0 4.371138828433686e-8 -0.9999999999999989
vn -1 0 0
vn -1 0 0
vn -1 0 0
vn -1 0 0
vn -1 0 0
vn -1 0 0
vn -1 0 0
vn -1 0 0
vn -1 0 0
vn -1 0 0
vn -1 0 0
vn -1 0 0
vn 0 0.5144957442414867 0.857492932424168
vn 0 0.5144957442414867 0.857492932424168
vn 0 0.5144957442414867 0.857492932424168
vn 0 0.5144957442414867 0.857492932424168
vn 0 0.5144957442414867 0.857492932424168
vn 0 0.5144957442414867 0.857492932424168
vn 0 0.9999999999999989 4.371138828433686e-8
vn 0 0.9999999999999989 4.371138828433686e-8
vn 0 0.9999999999999989 4.371138828433686e-8
vn 0 0.9999999999999989 4.371138828433686e-8
vn 0 0.9999999999999989 4.371138828433686e-8
vn 0 0.9999999999999989 4.371138828433686e-8
vn 0.021777643019136976 -4.3701021648199506e-8 0.9997628390095968
vn 0.021777644880898752 -4.370102164642682e-8 0.9997628389690425
vn 0.021777644880898752 -4.370102164642682e-8 0.9997628389690425
vn 0.021777644880898752 -4.370102164642682e-8 0.9997628389690425
vn 0.021777644880898752 -4.370102164642682e-8 0.9997628389690425
vn 0.02177764115737521 -4.3701021649972193e-8 0.9997628390501513
vn 0 4.371138828433686e-8 -0.9999999999999989
vn 0 4.371138828433686e-8 -0.9999999999999989
vn 0 4.371138828433686e-8 -0.9999999999999989
vn 0 4.371138828433686e-8 -0.9999999999999989
vn 0 4.371138828433686e-8 -0.9999999999999989
vn 0 4.371138828433686e-8 -0.9999999999999989
vn 0 0.9999999999999989 4.371138828433686e-8
vn 0 0.9999999999999989 4.371138828433686e-8
vn 0 0.9999999999999989 4.371138828433686e-8
vn 0 0.9999999999999989 4.371138828433686e-8
vn 0 0.9999999999999989 4.371138828433686e-8
vn 0 0.9999999999999989 4.371138828433686e-8
vn 0 -4.371138828433686e-8 0.9999999999999989
vn 0 -4.371138828433686e-8 0.9999999999999989
vn 0 -4.371138828433686e-8 0.9999999999999989
vn 0 -4.371138828433686e-8 0.9999999999999989
vn 0 -4.371138828433686e-8 0.9999999999999989
vn 0 -4.371138828433686e-8 0.9999999999999989
vn 0 4.371138828433686e-8 -0.9999999999999989
vn 0 4.371138828433686e-8 -0.9999999999999989
vn 0 4.371138828433686e-8 -0.9999999999999989
vn 0 4.371138828433686e-8 -0.9999999999999989
vn 0 4.371138828433686e-8 -0.9999999999999989
vn 0 4.371138828433686e-8 -0.9999999999999989
vn -0.575239475613477 -3.575526222945614e-8 0.8179850522448017
vn -0.5752395154949154 -3.575526100351745e-8 0.8179850241985936
vn -0.5752394357320343 -3.5755263455394816e-8 0.8179850802910095
vn -0.5752394357320343 -3.5755263455394816e-8 0.8179850802910095
vn -0.5752395154949154 -3.575526100351745e-8 0.8179850241985936
vn -0.57523944756727 -3.5755263091584696e-8 0.817985071968004
vn 0.005151452096443434 -0.8089376451711651 0.5878718812515431
vn 0.005151451165145563 -0.8089376451750461 0.5878718812543635
vn 0 -0.8151727008991237 0.579217979441961
vn 0.005151451165145563 -0.8089376451750461 0.5878718812543635
vn 0.005151452096443434 -0.8089376451711651 0.5878718812515431
vn 0.013092622460893709 -0.7991019337155796 0.6010529783381147
vn -0.3928544218282747 -0.796942849123389 0.45885455046350726
vn -0.39285448131987416 -0.7969427884372162 0.45885460492928143
vn -0.3885421345275831 -0.8016225071982525 0.45435268861308303
vn -0.39285448131987416 -0.7969427884372162 0.45885460492928143
vn -0.3928544218282747 -0.796942849123389 0.45885455046350726
vn -0.3971046702515576 -0.7922571894789934 0.4632887075930601
vn -0.5921407414766147 -0.8058320382092422 -0.0020170471148115705
vn -0.6114344276240633 -0.7912831064944634 -0.004357303352487231
vn -0.5921407414760586 -0.8058320382084855 -0.002017047580470969
vn -0.5921407414760586 -0.8058320382084855 -0.002017047580470969
vn -0.5752399348959358 -0.817984729258999 -3.5755248111298314e-8
vn -0.5921407414766147 -0.8058320382092422 -0.0020170471148115705
vn 0.799674390398288 0.600426851817965 -0.002909459931637432
vn 0.7996743903955794 0.6004268518159314 -0.0029094610957807934
vn 0.8173703398875455 0.5761125996470808 2.5182681538672296e-8
vn 0.7996743903955794 0.6004268518159314 -0.0029094610957807934
vn 0.799674390398288 0.600426851817965 -0.002909459931637432
vn 0.777485202807929 0.6288687082392879 -0.006395874620643995
vn 0.8002594688646906 0.3075210815127935 0.5147966267542993
vn 0.8185583440881397 0.2955383772839748 0.49256401094277863
vn 0.8002593015627467 0.30752120514586734 0.5147968129737577
vn 0.8002594688646906 0.3075210815127935 0.5147966267542993
vn 0.8002593015627467 0.30752120514586734 0.5147968129737577
vn 0.7785863065296426 0.32073592876486895 0.5393809667423074
vn -0.5922330391794398 0.41456173227733184 0.6909403718379046
vn -0.5922334323484622 0.4145634856908489 0.690938982791254
vn -0.5922334152748051 0.4145646360298803 0.690938307220951
vn -0.5922330391794398 0.41456173227733184 0.6909403718379046
vn -0.5922334152748051 0.4145646360298803 0.690938307220951
vn -0.5922311907373681 0.41456328150929844 0.6909410266745211
vn -0.5922350451800963 0.41456258215478015 0.6909381424828783
vn -0.5922334152748051 0.4145646360298803 0.690938307220951
vn -0.5922334323484622 0.4145634856908489 0.690938982791254
vn -0.5922334152748051 0.4145646360298803 0.690938307220951
vn -0.5922350451800963 0.41456258215478015 0.6909381424828783
vn -0.592235584036488 0.41456149307973694 0.6909383340475899
vn -0.5922330391794398 0.41456173227733184 0.6909403718379046
vn -0.592235584036488 0.41456149307973694 0.6909383340475899
vn -0.5922350451800963 0.41456258215478015 0.6909381424828783
vn -0.592235584036488 0.41456149307973694 0.6909383340475899
vn -0.5922330391794398 0.41456173227733184 0.6909403718379046
vn -0.5922311907373681 0.41456328150929844 0.6909410266745211
vn -0.9997296245979513 -0.011961890121645204 -0.01993968118995505
vn -0.9997290850470754 -0.01197525083790728 -0.01995870432434682
vn -0.9997296244036945 -0.011961895925401506 -0.019939687447842372
vn -0.9997296245979513 -0.011961890121645204 -0.01993968118995505
vn -0.9997296244036945 -0.011961895925401506 -0.019939687447842372
vn -0.999730252992755 -0.011946311563415989 -0.01991750212932932
vn 0.12421299160459115 -0.08694941151059682 0.9884386336817267
vn 0.12421299144365498 -0.08694942629910184 0.9884386324010588
vn 0.12421326073456776 -0.08694962597862968 0.9884385809952294
vn 0.12421299144365498 -0.08694942629910184 0.9884386324010588
vn 0.12421299160459115 -0.08694941151059682 0.9884386336817267
vn 0.12421272985559498 -0.0869491999741091 0.9884386851826892
vn -0.11849680372140353 0.9832835613532859 0.13824596008639817
vn -0.11849681841333086 0.9832835596170627 0.13824595984229174
vn -0.11849427707859929 0.9832842095705339 0.13824351525070178
vn -0.11849681841333086 0.9832835596170627 0.13824595984229174
vn -0.11849680372140353 0.9832835613532859 0.13824596008639817
vn -0.11849977744274313 0.9832827942887955 0.13824886690905794
vn 0 4.371138828433686e-8 -0.9999999999999989
vn 0 4.371138828433686e-8 -0.9999999999999989
vn 0 4.371138828433686e-8 -0.9999999999999989
vn 0 4.371138828433686e-8 -0.9999999999999989
vn 0 4.371138828433686e-8 -0.9999999999999989
vn 0 4.371138828433686e-8 -0.9999999999999989
vn 0 4.371138828433686e-8 -0.9999999999999989
vn 0 4.371138828433686e-8 -0.9999999999999989
vn 0 4.371138828433686e-8 -0.9999999999999989
vn 0 4.371138828433686e-8 -0.9999999999999989
vn 0 4.371138828433686e-8 -0.9999999999999989
vn 0 4.371138828433686e-8 -0.9999999999999989
vn 0 4.371138828433686e-8 -0.9999999999999989
vn 0 4.371138828433686e-8 -0.9999999999999989
vn 0 4.371138828433686e-8 -0.9999999999999989
vn 0 4.371138828433686e-8 -0.9999999999999989
vn 0 4.371138828433686e-8 -0.9999999999999989
vn 0 4.371138828433686e-8 -0.9999999999999989
vn 0.8193096330499704 2.506198175429098e-8 -0.5733513104472007
vn 0.8193096134560317 2.506198297818434e-8 -0.573351338446617
vn 0.8193095938620901 2.5061984202077796e-8 -0.5733513664460356
vn 0.8193096134560317 2.506198297818434e-8 -0.573351338446617
vn 0.8193096330499704 2.506198175429098e-8 -0.5733513104472007
vn 0.8193096050505548 2.50619835032144e-8 -0.5733513504579046
vn 0.6712085401660318 -0.4698460901452235 -0.5733443530579431
vn 0.671208285774194 -0.46984597167557557 -0.5733447479556275
vn 0.6712092633835626 -0.469846721567308 -0.5733429889521174
vn 0.671208285774194 -0.46984597167557557 -0.5733447479556275
vn 0.6712085401660318 -0.4698460901452235 -0.5733443530579431
vn 0.6712074105572108 -0.46984522789338884 -0.5733463820753504
vn 0 -0.8193082809378215 -0.5733532425884691
vn 0 -0.8193082809378215 -0.5733532425884691
vn 0 -0.8193082613437523 -0.5733532705879314
vn 0 -0.8193082809378215 -0.5733532425884691
vn 0 -0.8193082809378215 -0.5733532425884691
vn 0 -0.8193082809378215 -0.5733532425884691
vn -0.6499201615596983 -3.322076390271437e-8 0.7600024892052754
vn -0.6499201615596983 -3.322076390271437e-8 0.7600024892052754
vn -0.6499201615596983 -3.322076390271437e-8 0.7600024892052754
vn -0.6499201615596983 -3.322076390271437e-8 0.7600024892052754
vn -0.6499201615596983 -3.322076390271437e-8 0.7600024892052754
vn -0.6499201615596983 -3.322076390271437e-8 0.7600024892052754
vn 0 4.371138828433686e-8 -0.9999999999999989
vn 0 4.371138828433686e-8 -0.9999999999999989
vn 0 4.371138828433686e-8 -0.9999999999999989
vn 0 4.371138828433686e-8 -0.9999999999999989
vn 0 4.371138828433686e-8 -0.9999999999999989
vn 0 4.371138828433686e-8 -0.9999999999999989
vn -1 0 0
vn -1 0 0
vn -1 0 0
vn -1 0 0
vn -1 0 0
vn -1 0 0
vn -0.9999746088485703 3.1149281878025837e-10 -0.007126125044440089
vn -0.9999746088485703 3.1149281878025837e-10 -0.007126125044440089
vn -0.9999746088485703 3.1149281878025837e-10 -0.007126125044440089
vn -0.9999746088485703 3.1149281878025837e-10 -0.007126125044440089
vn -0.9999746088485703 3.1149281878025837e-10 -0.007126125044440089
vn -0.9999746088482788 3.1149282056797853e-10 -0.007126125085338359
vn 0.02177764115737521 -4.3701021649972193e-8 0.9997628390501513
vn 0.021777643019136976 -4.3701021648199506e-8 0.9997628390095968
vn 0.021777643019136976 -4.3701021648199506e-8 0.9997628390095968
vn 0.021777643019136976 -4.3701021648199506e-8 0.9997628390095968
vn 0.021777643019136976 -4.3701021648199506e-8 0.9997628390095968
vn 0.021777644880898752 -4.370102164642682e-8 0.9997628389690425
vn 0 4.371138828433686e-8 -0.9999999999999989
vn 0 4.371138828433686e-8 -0.9999999999999989
vn 0 4.371138828433686e-8 -0.9999999999999989
vn 0 4.371138828433686e-8 -0.9999999999999989
vn 0 4.371138828433686e-8 -0.9999999999999989
vn 0 4.371138828433686e-8 -0.9999999999999989
vn -0.575239475613477 -3.575526222945614e-8 0.8179850522448017
vn -0.575239475613477 -3.575526222945614e-8 0.8179850522448017
vn -0.5752394357320343 -3.5755263455394816e-8 0.8179850802910095
vn -0.5752394357320343 -3.5755263455394816e-8 0.8179850802910095
vn -0.575239475613477 -3.575526222945614e-8 0.8179850522448017
vn -0.5752394357320343 -3.5755263455394816e-8 0.8179850802910095
vn -0.8152179276118626 -2.5315639513758302e-8 0.5791543235617078
vn -0.8152179476044354 -2.5315638283651783e-8 0.579154295420151
vn -0.8152179476044354 -2.5315638283651783e-8 0.579154295420151
vn -0.8152179476044354 -2.5315638283651783e-8 0.579154295420151
vn -0.8152179276118626 -2.5315639513758302e-8 0.5791543235617078
vn -0.8152179276118626 -2.5315639513758302e-8 0.5791543235617078
vn 0 4.371138828433686e-8 -0.9999999999999989
vn 0 4.371138828433686e-8 -0.9999999999999989
vn 0 4.371138828433686e-8 -0.9999999999999989
vn 0 4.371138828433686e-8 -0.9999999999999989
vn 0 4.371138828433686e-8 -0.9999999999999989
vn 0 4.371138828433686e-8 -0.9999999999999989
vn 0.8193095854566141 2.5061984727107767e-8 -0.5733513784573212
vn 0.8193096330499704 2.506198175429098e-8 -0.5733513104472007
vn 0.8193096134560317 2.506198297818434e-8 -0.573351338446617
vn 0.8193096134560317 2.506198297818434e-8 -0.573351338446617
vn 0.8193096330499704 2.506198175429098e-8 -0.5733513104472007
vn 0.8193095854566141 2.5061984727107767e-8 -0.5733513784573212
vn 0 0.5111023860326802 0.8595198374625805
vn 0 0.5111023419982978 0.8595198636470567
vn 0 0.5111023419982978 0.8595198636470567
vn 0 0.5111023419982978 0.8595198636470567
vn 0 0.5111023419982978 0.8595198636470567
vn 0 0.5111023860326802 0.8595198374625805
vn 0 0.9999482850339554 -0.0101699192549089
vn 0 0.9999482850372617 -0.010169918929828325
vn 0 0.9999482850244845 -0.010169920186135117
vn 0 0.9999482850372617 -0.010169918929828325
vn 0 0.9999482850372617 -0.010169918929828325
vn 0 0.9999482850244845 -0.010169920186135117
vn 0 -4.371138828433686e-8 0.9999999999999989
vn 0 -4.371138828433686e-8 0.9999999999999989
vn 0 -4.371138828433686e-8 0.9999999999999989
vn 0 -4.371138828433686e-8 0.9999999999999989
vn 0 -4.371138828433686e-8 0.9999999999999989
vn 0 -4.371138828433686e-8 0.9999999999999989
vn 0 4.371138828433686e-8 -0.9999999999999989
vn 0 4.371138828433686e-8 -0.9999999999999989
vn 0 4.371138828433686e-8 -0.9999999999999989
vn 0 4.371138828433686e-8 -0.9999999999999989
vn 0 4.371138828433686e-8 -0.9999999999999989
vn 0 4.371138828433686e-8 -0.9999999999999989
vn 0 0.9999999999999989 4.371138828433686e-8
vn 0 0.9999999999999989 4.371138828433686e-8
vn 0 0.9999999999999989 4.371138828433686e-8
vn 0 0.9999999999999989 4.371138828433686e-8
vn 0 0.9999999999999989 4.371138828433686e-8
vn 0 0.9999999999999989 4.371138828433686e-8
vn 0 -4.371138828433686e-8 0.9999999999999989
vn 0 -4.371138828433686e-8 0.9999999999999989
vn 0 -4.371138828433686e-8 0.9999999999999989
vn 0 -4.371138828433686e-8 0.9999999999999989
vn 0 -4.371138828433686e-8 0.9999999999999989
vn 0 -4.371138828433686e-8 0.9999999999999989
vn 0 4.371138828433686e-8 -0.9999999999999989
vn 0 4.371138828433686e-8 -0.9999999999999989
vn 0 4.371138828433686e-8 -0.9999999999999989
vn 0 4.371138828433686e-8 -0.9999999999999989
vn 0 4.371138828433686e-8 -0.9999999999999989
vn 0 4.371138828433686e-8 -0.9999999999999989
vn 0 0.9974470003349192 0.07141065412718016
vn 0 0.9974469998042267 0.07141066153976659
vn 0 0.9974470001081793 0.07141065729422899
vn 0 0.9974470003349192 0.07141065412718016
vn 0 0.9974470001081793 0.07141065729422899
vn 0 0.9974469998042267 0.07141066153976659
vn 0 0.5760811761997364 0.8173924873818748
vn 0 0.5760811644429575 0.8173924956678073
vn 0 0.5760811644429575 0.8173924956678073
vn 0 0.5760811761997364 0.8173924873818748
vn 0 0.5760811644429575 0.8173924956678073
vn 0 0.5760812042666379 0.8173924676009073
vn 0 4.371138828433686e-8 -0.9999999999999989
vn 0 4.371138828433686e-8 -0.9999999999999989
vn 0 4.371138828433686e-8 -0.9999999999999989
vn 0 4.371138828433686e-8 -0.9999999999999989
vn 0 4.371138828433686e-8 -0.9999999999999989
vn 0 4.371138828433686e-8 -0.9999999999999989
vn 0 -0.8193082417496803 -0.5733532985873959
vn 0 -0.8193082893432183 -0.5733532305773547
vn 0 -0.8193082529383575 -0.5733532825990415
vn 0 -0.8193082613437523 -0.5733532705879314
vn 0 -0.8193082529383575 -0.5733532825990415
vn 0 -0.8193082893432183 -0.5733532305773547
vn 0 -4.371138828433686e-8 0.9999999999999989
vn 0 -4.371138828433686e-8 0.9999999999999989
vn 0 -4.371138828433686e-8 0.9999999999999989
vn 0 -4.371138828433686e-8 0.9999999999999989
vn 0 -4.371138828433686e-8 0.9999999999999989
vn 0 -4.371138828433686e-8 0.9999999999999989
vn 0 4.371138828433686e-8 -0.9999999999999989
vn 0 4.371138828433686e-8 -0.9999999999999989
vn 0 4.371138828433686e-8 -0.9999999999999989
vn 0 4.371138828433686e-8 -0.9999999999999989
vn 0 4.371138828433686e-8 -0.9999999999999989
vn 0 4.371138828433686e-8 -0.9999999999999989
vn 0 0.5111023419982978 0.8595198636470567
vn 0 0.5111023419982978 0.8595198636470567
vn 0 0.5111023860326802 0.8595198374625805
vn 0 0.5111023860326802 0.8595198374625805
vn 0 0.5111023860326802 0.8595198374625805
vn 0 0.5111023419982978 0.8595198636470567
vn 0 0.9999482850372617 -0.010169918929828325
vn 0 0.9999482850372617 -0.010169918929828325
vn 0 0.9999482850372617 -0.010169918929828325
vn 0 0.9999482850372617 -0.010169918929828325
vn 0 0.9999482850372617 -0.010169918929828325
vn 0 0.9999482850372617 -0.010169918929828325
vn 0 -4.371138828433686e-8 0.9999999999999989
vn 0 -4.371138828433686e-8 0.9999999999999989
vn 0 -4.371138828433686e-8 0.9999999999999989
vn 0 -4.371138828433686e-8 0.9999999999999989
vn 0 -4.371138828433686e-8 0.9999999999999989
vn 0 -4.371138828433686e-8 0.9999999999999989
vn 0 4.371138828433686e-8 -0.9999999999999989
vn 0 4.371138828433686e-8 -0.9999999999999989
vn 0 4.371138828433686e-8 -0.9999999999999989
vn 0 4.371138828433686e-8 -0.9999999999999989
vn 0 4.371138828433686e-8 -0.9999999999999989
vn 0 4.371138828433686e-8 -0.9999999999999989
vn 0 0.9999999999999989 4.371138828433686e-8
vn 0 0.9999999999999989 4.371138828433686e-8
vn 0 0.9999999999999989 4.371138828433686e-8
vn 0 0.9999999999999989 4.371138828433686e-8
vn 0 0.9999999999999989 4.371138828433686e-8
vn 0 0.9999999999999989 4.371138828433686e-8
vn 0 -4.371138828433686e-8 0.9999999999999989
vn 0 -4.371138828433686e-8 0.9999999999999989
vn 0 -4.371138828433686e-8 0.9999999999999989
vn 0 -4.371138828433686e-8 0.9999999999999989
vn 0 -4.371138828433686e-8 0.9999999999999989
vn 0 -4.371138828433686e-8 0.9999999999999989
vn 0 4.371138828433686e-8 -0.9999999999999989
vn 0 4.371138828433686e-8 -0.9999999999999989
vn 0 4.371138828433686e-8 -0.9999999999999989
vn 0 4.371138828433686e-8 -0.9999999999999989
vn 0 4.371138828433686e-8 -0.9999999999999989
vn 0 4.371138828433686e-8 -0.9999999999999989
vn 0 0.9974470001081793 0.07141065729422899
vn 0 0.9974470000309665 0.07141065837271784
vn 0 0.9974470003349192 0.07141065412718016
vn 0 0.9974470000309665 0.07141065837271784
vn 0 0.9974470000309665 0.07141065837271784
vn 0 0.9974470003349192 0.07141065412718016
vn 0 0.5760811761997364 0.8173924873818748
vn 0 0.5760811761997364 0.8173924873818748
vn 0 0.5760811644429575 0.8173924956678073
vn 0 0.5760811644429575 0.8173924956678073
vn 0 0.5760811761997364 0.8173924873818748
vn 0 0.5760811644429575 0.8173924956678073
vn 0 4.371138828433686e-8 -0.9999999999999989
vn 0 4.371138828433686e-8 -0.9999999999999989
vn 0 4.371138828433686e-8 -0.9999999999999989
vn 0 4.371138828433686e-8 -0.9999999999999989
vn 0 4.371138828433686e-8 -0.9999999999999989
vn 0 4.371138828433686e-8 -0.9999999999999989
vn 0 -0.8193082809378215 -0.5733532425884691
vn 0 -0.8193082417496803 -0.5733532985873959
vn 0 -0.8193082613437523 -0.5733532705879314
vn 0 -0.8193082529383575 -0.5733532825990415
vn 0 -0.8193082613437523 -0.5733532705879314
vn 0 -0.8193082417496803 -0.5733532985873959
vn 0 -4.371138828433686e-8 0.9999999999999989
vn 0 -4.371138828433686e-8 0.9999999999999989
vn 0 -4.371138828433686e-8 0.9999999999999989
vn 0 -4.371138828433686e-8 0.9999999999999989
vn 0 -4.371138828433686e-8 0.9999999999999989
vn 0 -4.371138828433686e-8 0.9999999999999989
vn 0 4.371138828433686e-8 -0.9999999999999989
vn 0 4.371138828433686e-8 -0.9999999999999989
vn 0 4.371138828433686e-8 -0.9999999999999989
vn 0 4.371138828433686e-8 -0.9999999999999989
vn 0 4.371138828433686e-8 -0.9999999999999989
vn 0 4.371138828433686e-8 -0.9999999999999989
vn -0.6499201615596983 -3.322076390271437e-8 0.7600024892052754
vn -0.6499201615596983 -3.322076390271437e-8 0.7600024892052754
vn -0.6499201615596983 -3.322076390271437e-8 0.7600024892052754
vn -0.6499201615596983 -3.322076390271437e-8 0.7600024892052754
vn -0.6499201615596983 -3.322076390271437e-8 0.7600024892052754
vn -0.6499201615596983 -3.322076390271437e-8 0.7600024892052754
vn 0 -4.371138828433686e-8 0.9999999999999989
vn 0 -4.371138828433686e-8 0.9999999999999989
vn 0 -4.371138828433686e-8 0.9999999999999989
vn 0 -4.371138828433686e-8 0.9999999999999989
vn 0 -4.371138828433686e-8 0.9999999999999989
vn 0 -4.371138828433686e-8 0.9999999999999989
vn 0 4.371138828433686e-8 -0.9999999999999989
vn 0 4.371138828433686e-8 -0.9999999999999989
vn 0 4.371138828433686e-8 -0.9999999999999989
vn 0 4.371138828433686e-8 -0.9999999999999989
vn 0 4.371138828433686e-8 -0.9999999999999989
vn 0 4.371138828433686e-8 -0.9999999999999989
vn -1 0 0
vn -1 0 0
vn -1 0 0
vn -1 0 0
vn -1 0 0
vn -1 0 0
vn -0.9999746088485703 3.1149281878025837e-10 -0.007126125044440089
vn -0.9999746088485703 3.1149281878025837e-10 -0.007126125044440089
vn -0.9999746088485703 3.1149281878025837e-10 -0.007126125044440089
vn -0.9999746088485703 3.1149281878025837e-10 -0.007126125044440089
vn -0.9999746088485703 3.1149281878025837e-10 -0.007126125044440089
vn -0.9999746088485703 3.1149281878025837e-10 -0.007126125044440089
vn 0.021777643019136976 -4.3701021648199506e-8 0.9997628390095968
vn 0.02177764115737521 -4.3701021649972193e-8 0.9997628390501513
vn 0.021777643019136976 -4.3701021648199506e-8 0.9997628390095968
vn 0.021777643019136976 -4.3701021648199506e-8 0.9997628390095968
vn 0.02177764115737521 -4.3701021649972193e-8 0.9997628390501513
vn 0.021777643019136976 -4.3701021648199506e-8 0.9997628390095968
vn 0 4.371138828433686e-8 -0.9999999999999989
vn 0 4.371138828433686e-8 -0.9999999999999989
vn 0 4.371138828433686e-8 -0.9999999999999989
vn 0 4.371138828433686e-8 -0.9999999999999989
vn 0 4.371138828433686e-8 -0.9999999999999989
vn 0 4.371138828433686e-8 -0.9999999999999989
vn -0.575239475613477 -3.575526222945614e-8 0.8179850522448017
vn -0.575239475613477 -3.575526222945614e-8 0.8179850522448017
vn -0.575239475613477 -3.575526222945614e-8 0.8179850522448017
vn -0.575239475613477 -3.575526222945614e-8 0.8179850522448017
vn -0.575239475613477 -3.575526222945614e-8 0.8179850522448017
vn -0.5752394357320343 -3.5755263455394816e-8 0.8179850802910095
vn -0.8152179476044354 -2.5315638283651783e-8 0.579154295420151
vn -0.8152179476044354 -2.5315638283651783e-8 0.579154295420151
vn -0.8152179276118626 -2.5315639513758302e-8 0.5791543235617078
vn -0.8152179476044354 -2.5315638283651783e-8 0.579154295420151
vn -0.8152179476044354 -2.5315638283651783e-8 0.579154295420151
vn -0.8152179276118626 -2.5315639513758302e-8 0.5791543235617078
vn 0 4.371138828433686e-8 -0.9999999999999989
vn 0 4.371138828433686e-8 -0.9999999999999989
vn 0 4.371138828433686e-8 -0.9999999999999989
vn 0 4.371138828433686e-8 -0.9999999999999989
vn 0 4.371138828433686e-8 -0.9999999999999989
vn 0 4.371138828433686e-8 -0.9999999999999989
vn 0.8193096050505548 2.50619835032144e-8 -0.5733513504579046
vn 0.8193095854566141 2.5061984727107767e-8 -0.5733513784573212
vn 0.8193096134560317 2.506198297818434e-8 -0.573351338446617
vn 0.8193096134560317 2.506198297818434e-8 -0.573351338446617
vn 0.8193095854566141 2.5061984727107767e-8 -0.5733513784573212
vn 0.8193096134560317 2.506198297818434e-8 -0.573351338446617
vn 0 -4.371138828433686e-8 0.9999999999999989
vn 0 -4.371138828433686e-8 0.9999999999999989
vn 0 -4.371138828433686e-8 0.9999999999999989
vn 0 -4.371138828433686e-8 0.9999999999999989
vn 0 -4.371138828433686e-8 0.9999999999999989
vn 0 -4.371138828433686e-8 0.9999999999999989
vn 0 4.371138828433686e-8 -0.9999999999999989
vn 0 4.371138828433686e-8 -0.9999999999999989
vn 0 4.371138828433686e-8 -0.9999999999999989
vn 0 4.371138828433686e-8 -0.9999999999999989
vn 0 4.371138828433686e-8 -0.9999999999999989
vn 0 4.371138828433686e-8 -0.9999999999999989
vn 0 -4.371138828433686e-8 0.9999999999999989
vn 0 -4.371138828433686e-8 0.9999999999999989
vn 0 -4.371138828433686e-8 0.9999999999999989
vn 0 -4.371138828433686e-8 0.9999999999999989
vn 0 -4.371138828433686e-8 0.9999999999999989
vn 0 -4.371138828433686e-8 0.9999999999999989
vn 0 4.371138828433686e-8 -0.9999999999999989
vn 0 4.371138828433686e-8 -0.9999999999999989
vn 0 4.371138828433686e-8 -0.9999999999999989
vn 0 4.371138828433686e-8 -0.9999999999999989
vn 0 4.371138828433686e-8 -0.9999999999999989
vn 0 4.371138828433686e-8 -0.9999999999999989
vn 0 4.371138828433686e-8 -0.9999999999999989
vn 0 4.371138828433686e-8 -0.9999999999999989
vn 0 4.371138828433686e-8 -0.9999999999999989
vn 0 4.371138828433686e-8 -0.9999999999999989
vn 0 4.371138828433686e-8 -0.9999999999999989
vn 0 4.371138828433686e-8 -0.9999999999999989
vn 0 0.5760812042666379 0.8173924676009073
vn 0 0.5760812042666379 0.8173924676009073
vn 0 0.5760811761997364 0.8173924873818748
vn 0 0.5760811761997364 0.8173924873818748
vn 0 0.5760811761997364 0.8173924873818748
vn 0 0.5760812042666379 0.8173924676009073
vn 0 -4.371138828433686e-8 0.9999999999999989
vn 0 -4.371138828433686e-8 0.9999999999999989
vn 0 -4.371138828433686e-8 0.9999999999999989
vn 0 -4.371138828433686e-8 0.9999999999999989
vn 0 -4.371138828433686e-8 0.9999999999999989
vn 0 -4.371138828433686e-8 0.9999999999999989
vn 0 4.371138828433686e-8 -0.9999999999999989
vn 0 4.371138828433686e-8 -0.9999999999999989
vn 0 4.371138828433686e-8 -0.9999999999999989
vn 0 4.371138828433686e-8 -0.9999999999999989
vn 0 4.371138828433686e-8 -0.9999999999999989
vn 0 4.371138828433686e-8 -0.9999999999999989
vn 0 0.5111023419982978 0.8595198636470567
vn 0 0.5111023860326802 0.8595198374625805
vn 0 0.5111023419982978 0.8595198636470567
vn 0 0.5111023419982978 0.8595198636470567
vn 0 0.5111023860326802 0.8595198374625805
vn 0 0.5111023419982978 0.8595198636470567
vn 0.6499201615596983 -3.322076390271437e-8 0.7600024892052754
vn 0.6499201615596983 -3.322076390271437e-8 0.7600024892052754
vn 0.6499201615596983 -3.322076390271437e-8 0.7600024892052754
vn 0.6499201615596983 -3.322076390271437e-8 0.7600024892052754
vn 0.6499201615596983 -3.322076390271437e-8 0.7600024892052754
vn 0.6499201615596983 -3.322076390271437e-8 0.7600024892052754
vn 0 4.371138828433686e-8 -0.9999999999999989
vn 0 4.371138828433686e-8 -0.9999999999999989
vn 0 4.371138828433686e-8 -0.9999999999999989
vn 0 4.371138828433686e-8 -0.9999999999999989
vn 0 4.371138828433686e-8 -0.9999999999999989
vn 0 4.371138828433686e-8 -0.9999999999999989
vn 0 4.371138828433686e-8 -0.9999999999999989
vn 0 4.371138828433686e-8 -0.9999999999999989
vn 0 4.371138828433686e-8 -0.9999999999999989
vn 0 4.371138828433686e-8 -0.9999999999999989
vn 0 4.371138828433686e-8 -0.9999999999999989
vn 0 4.371138828433686e-8 -0.9999999999999989
vn 1 0 0
vn 1 0 0
vn 1 0 0
vn 1 0 0
vn 1 0 0
vn 1 0 0
vn 0.8192319121183862 0.5734623563642625 2.5066835725489062e-8
vn 0.8192319401205681 0.5734623163611446 2.5066833976897245e-8
vn 0.8192319401205681 0.5734623163611446 2.5066833976897245e-8
vn 0.8192319401205681 0.5734623163611446 2.5066833976897245e-8
vn 0.8192319401205681 0.5734623163611446 2.5066833976897245e-8
vn 0.8192319401205681 0.5734623163611446 2.5066833976897245e-8
vn 0.5922350333070312 0.41456568520604214 0.6909362908209877
vn 0.5922350333070312 0.41456568520604214 0.6909362908209877
vn 0.5922350333070312 0.41456568520604214 0.6909362908209877
vn 0 4.371138828433686e-8 -0.9999999999999989
vn 0 4.371138828433686e-8 -0.9999999999999989
vn 0 4.371138828433686e-8 -0.9999999999999989
vn 0.8192319317199126 0.5734623283620816 2.506683450147486e-8
vn 0.8192319317199126 0.5734623283620816 2.506683450147486e-8
vn 0.8192319121183862 0.5734623563642625 2.5066835725489062e-8
vn 0.8192319121183862 0.5734623563642625 2.5066835725489062e-8
vn 0.8192319317199126 0.5734623283620816 2.506683450147486e-8
vn 0.8192319401205681 0.5734623163611446 2.5066833976897245e-8
vn 0.6507913930904394 -3.318815941779298e-8 0.7592565855357488
vn 0.6507913930904394 -3.318815941779298e-8 0.7592565855357488
vn 0.6507913930904394 -3.318815941779298e-8 0.7592565855357488
vn 0.6507913930904394 -3.318815941779298e-8 0.7592565855357488
vn 0.6507913930904394 -3.318815941779298e-8 0.7592565855357488
vn 0.6507913930904394 -3.318815941779298e-8 0.7592565855357488
vn 0 4.371138828433686e-8 -0.9999999999999989
vn 0 4.371138828433686e-8 -0.9999999999999989
vn 0 4.371138828433686e-8 -0.9999999999999989
vn 0 4.371138828433686e-8 -0.9999999999999989
vn 0 4.371138828433686e-8 -0.9999999999999989
vn 0 4.371138828433686e-8 -0.9999999999999989
vn 0 4.371138828433686e-8 -0.9999999999999989
vn 0 4.371138828433686e-8 -0.9999999999999989
vn 0 4.371138828433686e-8 -0.9999999999999989
vn 0 4.371138828433686e-8 -0.9999999999999989
vn 0 4.371138828433686e-8 -0.9999999999999989
vn 0 4.371138828433686e-8 -0.9999999999999989
vn 1 0 0
vn 1 0 0
vn 1 0 0
vn 1 0 0
vn 1 0 0
vn 1 0 0
vn 1 0 0
vn 1 0 0
vn 1 0 0
vn 1 0 0
vn 1 0 0
vn 1 0 0
vn 0 0.5144957442414867 0.857492932424168
vn 0 0.5144957442414867 0.857492932424168
vn 0 0.5144957442414867 0.857492932424168
vn 0 0.5144957442414867 0.857492932424168
vn 0 0.5144957442414867 0.857492932424168
vn 0 0.5144957442414867 0.857492932424168
vn 0 0.9999999999999989 4.371138828433686e-8
vn 0 0.9999999999999989 4.371138828433686e-8
vn 0 0.9999999999999989 4.371138828433686e-8
vn 0 0.9999999999999989 4.371138828433686e-8
vn 0 0.9999999999999989 4.371138828433686e-8
vn 0 0.9999999999999989 4.371138828433686e-8
vn -0.021777644880898752 -4.370102164642682e-8 0.9997628389690425
vn -0.021777643019136976 -4.3701021648199506e-8 0.9997628390095968
vn -0.021777644880898752 -4.370102164642682e-8 0.9997628389690425
vn -0.021777644880898752 -4.370102164642682e-8 0.9997628389690425
vn -0.02177764115737521 -4.3701021649972193e-8 0.9997628390501513
vn -0.021777644880898752 -4.370102164642682e-8 0.9997628389690425
vn 0 4.371138828433686e-8 -0.9999999999999989
vn 0 4.371138828433686e-8 -0.9999999999999989
vn 0 4.371138828433686e-8 -0.9999999999999989
vn 0 4.371138828433686e-8 -0.9999999999999989
vn 0 4.371138828433686e-8 -0.9999999999999989
vn 0 4.371138828433686e-8 -0.9999999999999989
vn 0 0.9999999999999989 4.371138828433686e-8
vn 0 0.9999999999999989 4.371138828433686e-8
vn 0 0.9999999999999989 4.371138828433686e-8
vn 0 0.9999999999999989 4.371138828433686e-8
vn 0 0.9999999999999989 4.371138828433686e-8
vn 0 0.9999999999999989 4.371138828433686e-8
vn 0 -4.371138828433686e-8 0.9999999999999989
vn 0 -4.371138828433686e-8 0.9999999999999989
vn 0 -4.371138828433686e-8 0.9999999999999989
vn 0 -4.371138828433686e-8 0.9999999999999989
vn 0 -4.371138828433686e-8 0.9999999999999989
vn 0 -4.371138828433686e-8 0.9999999999999989
vn 0 4.371138828433686e-8 -0.9999999999999989
vn 0 4.371138828433686e-8 -0.9999999999999989
vn 0 4.371138828433686e-8 -0.9999999999999989
vn 0 4.371138828433686e-8 -0.9999999999999989
vn 0 4.371138828433686e-8 -0.9999999999999989
vn 0 4.371138828433686e-8 -0.9999999999999989
vn -0.005151451165145563 -0.8089376451750461 0.5878718812543635
vn -0.005151452096443434 -0.8089376451711651 0.5878718812515431
vn 0 -0.8151727008991237 0.579217979441961
vn -0.005151452096443434 -0.8089376451711651 0.5878718812515431
vn -0.005151451165145563 -0.8089376451750461 0.5878718812543635
vn -0.013092622460893709 -0.7991019337155796 0.6010529783381147
vn 0.3971046702515576 -0.7922571894789934 0.4632887075930601
vn 0.3928544218282747 -0.796942849123389 0.45885455046350726
vn 0.39285448131987416 -0.7969427884372162 0.45885460492928143
vn 0.39285448131987416 -0.7969427884372162 0.45885460492928143
vn 0.3928544218282747 -0.796942849123389 0.45885455046350726
vn 0.3885421345275831 -0.8016225071982525 0.45435268861308303
vn 0.5921407414766147 -0.8058320382092422 -0.0020170471148115705
vn 0.5921407414760586 -0.8058320382084855 -0.002017047580470969
vn 0.6114344276240633 -0.7912831064944634 -0.004357303352487231
vn 0.5752399348959358 -0.817984729258999 -3.5755248111298314e-8
vn 0.5921407414760586 -0.8058320382084855 -0.002017047580470969
vn 0.5921407414766147 -0.8058320382092422 -0.0020170471148115705
vn 0 0.9974470003349192 0.07141065412718016
vn 0 0.9974470003349192 0.07141065412718016
vn 0 0.9974469998042267 0.07141066153976659
vn 0 0.9974470003349192 0.07141065412718016
vn 0 0.9974469998042267 0.07141066153976659
vn 0 0.9974470001081793 0.07141065729422899
vn -0.7996743903955794 0.6004268518159314 -0.0029094610957807934
vn -0.799674390398288 0.600426851817965 -0.002909459931637432
vn -0.8173703398875455 0.5761125996470808 2.5182681538672296e-8
vn -0.799674390398288 0.600426851817965 -0.002909459931637432
vn -0.7996743903955794 0.6004268518159314 -0.0029094610957807934
vn -0.777485202807929 0.6288687082392879 -0.006395874620643995
vn -0.8002594688646906 0.3075210815127935 0.5147966267542993
vn -0.8002593015627467 0.30752120514586734 0.5147968129737577
vn -0.8185583440881397 0.2955383772839748 0.49256401094277863
vn -0.8002593015627467 0.30752120514586734 0.5147968129737577
vn -0.8002594688646906 0.3075210815127935 0.5147966267542993
vn -0.7785863065296426 0.32073592876486895 0.5393809667423074
vn 0.5922334323484622 0.4145634856908489 0.690938982791254
vn 0.5922330635695232 0.41456174935033535 0.6909403406884322
vn 0.5922334152748051 0.4145646360298803 0.690938307220951
vn 0.5922334152748051 0.4145646360298803 0.690938307220951
vn 0.5922330635695232 0.41456174935033535 0.6909403406884322
vn 0.5922311907373681 0.41456328150929844 0.6909410266745211
vn 0.5922334152748051 0.4145646360298803 0.690938307220951
vn 0.5922350451800963 0.41456258215478015 0.6909381424828783
vn 0.5922334323484622 0.4145634856908489 0.690938982791254
vn 0.5922350451800963 0.41456258215478015 0.6909381424828783
vn 0.5922334152748051 0.4145646360298803 0.690938307220951
vn 0.5922355837110866 0.41456151073369113 0.6909383237341724
vn 0.5922330635695232 0.41456174935033535 0.6909403406884322
vn 0.5922355837110866 0.41456151073369113 0.6909383237341724
vn 0.5922311907373681 0.41456328150929844 0.6909410266745211
vn 0.5922355837110866 0.41456151073369113 0.6909383237341724
vn 0.5922330635695232 0.41456174935033535 0.6909403406884322
vn 0.5922350451800963 0.41456258215478015 0.6909381424828783
vn 0.9997296244036945 -0.011961895925401506 -0.019939687447842372
vn 0.9997296245979513 -0.011961890121645204 -0.01993968118995505
vn 0.999730252992755 -0.011946311563415989 -0.01991750212932932
vn 0.9997290850470754 -0.01197525083790728 -0.01995870432434682
vn 0.9997296245979513 -0.011961890121645204 -0.01993968118995505
vn 0.9997296244036945 -0.011961895925401506 -0.019939687447842372
vn -0.12421299160459115 -0.08694941151059682 0.9884386336817267
vn -0.12421299144365498 -0.08694942629910184 0.9884386324010588
vn -0.12421272985559498 -0.0869491999741091 0.9884386851826892
vn -0.12421299144365498 -0.08694942629910184 0.9884386324010588
vn -0.12421299160459115 -0.08694941151059682 0.9884386336817267
vn -0.12421326073456776 -0.08694962597862968 0.9884385809952294
vn 0.11849681841333086 0.9832835596170627 0.13824595984229174
vn 0.11849680372140353 0.9832835613532859 0.13824596008639817
vn 0.11849427707859929 0.9832842095705339 0.13824351525070178
vn 0.11849680372140353 0.9832835613532859 0.13824596008639817
vn 0.11849681841333086 0.9832835596170627 0.13824595984229174
vn 0.11849977744274313 0.9832827942887955 0.13824886690905794
vn 0 4.371138828433686e-8 -0.9999999999999989
vn 0 4.371138828433686e-8 -0.9999999999999989
vn 0 4.371138828433686e-8 -0.9999999999999989
vn 0 4.371138828433686e-8 -0.9999999999999989
vn 0 4.371138828433686e-8 -0.9999999999999989
vn 0 4.371138828433686e-8 -0.9999999999999989
vn 0 4.371138828433686e-8 -0.9999999999999989
vn 0 4.371138828433686e-8 -0.9999999999999989
vn 0 4.371138828433686e-8 -0.9999999999999989
vn 0 4.371138828433686e-8 -0.9999999999999989
vn 0 4.371138828433686e-8 -0.9999999999999989
vn 0 4.371138828433686e-8 -0.9999999999999989
vn 0 4.371138828433686e-8 -0.9999999999999989
vn 0 4.371138828433686e-8 -0.9999999999999989
vn 0 4.371138828433686e-8 -0.9999999999999989
vn 0 4.371138828433686e-8 -0.9999999999999989
vn 0 4.371138828433686e-8 -0.9999999999999989
vn 0 4.371138828433686e-8 -0.9999999999999989
vn 0 4.371138828433686e-8 -0.9999999999999989
vn 0 4.371138828433686e-8 -0.9999999999999989
vn 0 4.371138828433686e-8 -0.9999999999999989
vn 0 4.371138828433686e-8 -0.9999999999999989
vn 0 4.371138828433686e-8 -0.9999999999999989
vn 0 4.371138828433686e-8 -0.9999999999999989
vn -0.8193095938620901 2.5061984202077796e-8 -0.5733513664460356
vn -0.8193096134560317 2.506198297818434e-8 -0.573351338446617
vn -0.8193096330499704 2.506198175429098e-8 -0.5733513104472007
vn -0.8193096330499704 2.506198175429098e-8 -0.5733513104472007
vn -0.8193096134560317 2.506198297818434e-8 -0.573351338446617
vn -0.8193096050505548 2.50619835032144e-8 -0.5733513504579046
vn -0.6712092633835626 -0.469846721567308 -0.5733429889521174
vn -0.671208285774194 -0.46984597167557557 -0.5733447479556275
vn -0.6712085401660318 -0.4698460901452235 -0.5733443530579431
vn -0.6712085401660318 -0.4698460901452235 -0.5733443530579431
vn -0.671208285774194 -0.46984597167557557 -0.5733447479556275
vn -0.6712074105572108 -0.46984522789338884 -0.5733463820753504
vn 0 -0.8193082809378215 -0.5733532425884691
vn 0 -0.8193082809378215 -0.5733532425884691
vn 0 -0.8193082613437523 -0.5733532705879314
vn 0 -0.8193082809378215 -0.5733532425884691
vn 0 -0.8193082809378215 -0.5733532425884691
vn 0 -0.8193082809378215 -0.5733532425884691
vn 0 -0.8193082613437523 -0.5733532705879314
vn 0 -0.8193082613437523 -0.5733532705879314
vn 0 -0.8193082893432183 -0.5733532305773547
vn 0 -0.8193082613437523 -0.5733532705879314
vn 0 -0.8193082893432183 -0.5733532305773547
vn 0 -0.8193082613437523 -0.5733532705879314
vn 0.6499201615596983 -3.322076390271437e-8 0.7600024892052754
vn 0.6499201615596983 -3.322076390271437e-8 0.7600024892052754
vn 0.6499201615596983 -3.322076390271437e-8 0.7600024892052754
vn 0.6499201615596983 -3.322076390271437e-8 0.7600024892052754
vn 0.6499201615596983 -3.322076390271437e-8 0.7600024892052754
vn 0.6499201615596983 -3.322076390271437e-8 0.7600024892052754
vn 0 4.371138828433686e-8 -0.9999999999999989
vn 0 4.371138828433686e-8 -0.9999999999999989
vn 0 4.371138828433686e-8 -0.9999999999999989
vn 0 4.371138828433686e-8 -0.9999999999999989
vn 0 4.371138828433686e-8 -0.9999999999999989
vn 0 4.371138828433686e-8 -0.9999999999999989
vn 0 4.371138828433686e-8 -0.9999999999999989
vn 0 4.371138828433686e-8 -0.9999999999999989
vn 0 4.371138828433686e-8 -0.9999999999999989
vn 0 4.371138828433686e-8 -0.9999999999999989
vn 0 4.371138828433686e-8 -0.9999999999999989
vn 0 4.371138828433686e-8 -0.9999999999999989
vn 1 0 0
vn 1 0 0
vn 1 0 0
vn 1 0 0
vn 1 0 0
vn 1 0 0
vn 0.9999746088485703 3.1149281878025837e-10 -0.007126125044440089
vn 0.9999746088482788 3.1149282056797853e-10 -0.007126125085338359
vn 0.9999746088485703 3.1149281878025837e-10 -0.007126125044440089
vn 0.9999746088482788 3.1149282056797853e-10 -0.007126125085338359
vn 0.9999746088485703 3.1149281878025837e-10 -0.007126125044440089
vn 0.9999746088482788 3.1149282056797853e-10 -0.007126125085338359
vn -0.021777643019136976 -4.3701021648199506e-8 0.9997628390095968
vn -0.021777643019136976 -4.3701021648199506e-8 0.9997628390095968
vn -0.02177764115737521 -4.3701021649972193e-8 0.9997628390501513
vn -0.021777643019136976 -4.3701021648199506e-8 0.9997628390095968
vn -0.021777643019136976 -4.3701021648199506e-8 0.9997628390095968
vn -0.021777644880898752 -4.370102164642682e-8 0.9997628389690425
vn 0 4.371138828433686e-8 -0.9999999999999989
vn 0 4.371138828433686e-8 -0.9999999999999989
vn 0 4.371138828433686e-8 -0.9999999999999989
vn 0 4.371138828433686e-8 -0.9999999999999989
vn 0 4.371138828433686e-8 -0.9999999999999989
vn 0 4.371138828433686e-8 -0.9999999999999989
vn 0.5752394357320343 -3.5755263455394816e-8 0.8179850802910095
vn 0.5752395154949154 -3.575526100351745e-8 0.8179850241985936
vn 0.575239475613477 -3.575526222945614e-8 0.8179850522448017
vn 0.5752395154949154 -3.575526100351745e-8 0.8179850241985936
vn 0.5752394357320343 -3.5755263455394816e-8 0.8179850802910095
vn 0.57523944756727 -3.5755263091584696e-8 0.817985071968004
vn 0.8152179476044354 -2.5315638283651783e-8 0.579154295420151
vn 0.8152179476044354 -2.5315638283651783e-8 0.579154295420151
vn 0.8152179276118626 -2.5315639513758302e-8 0.5791543235617078
vn 0.8152179276118626 -2.5315639513758302e-8 0.5791543235617078
vn 0.8152179476044354 -2.5315638283651783e-8 0.579154295420151
vn 0.8152179276118626 -2.5315639513758302e-8 0.5791543235617078
vn 0 4.371138828433686e-8 -0.9999999999999989
vn 0 4.371138828433686e-8 -0.9999999999999989
vn 0 4.371138828433686e-8 -0.9999999999999989
vn 0 4.371138828433686e-8 -0.9999999999999989
vn 0 4.371138828433686e-8 -0.9999999999999989
vn 0 4.371138828433686e-8 -0.9999999999999989
vn -0.8193096134560317 2.506198297818434e-8 -0.573351338446617
vn -0.8193096134560317 2.506198297818434e-8 -0.573351338446617
vn -0.8193095854566141 2.5061984727107767e-8 -0.5733513784573212
vn -0.8193096134560317 2.506198297818434e-8 -0.573351338446617
vn -0.8193096134560317 2.506198297818434e-8 -0.573351338446617
vn -0.8193096134560317 2.506198297818434e-8 -0.573351338446617
vn 0 0.5111023419982978 0.8595198636470567
vn 0 0.5111023419982978 0.8595198636470567
vn 0 0.5111023419982978 0.8595198636470567
vn 0 0.5111023419982978 0.8595198636470567
vn 0 0.5111023419982978 0.8595198636470567
vn 0 0.5111023419982978 0.8595198636470567
vn 0 0.9999482850372617 -0.010169918929828325
vn 0 0.9999482850277907 -0.010169919861054595
vn 0 0.9999482850339554 -0.0101699192549089
vn 0 0.9999482850372617 -0.010169918929828325
vn 0 0.9999482850339554 -0.0101699192549089
vn 0 0.9999482850372617 -0.010169918929828325
vn 0 -4.371138828433686e-8 0.9999999999999989
vn 0 -4.371138828433686e-8 0.9999999999999989
vn 0 -4.371138828433686e-8 0.9999999999999989
vn 0 -4.371138828433686e-8 0.9999999999999989
vn 0 -4.371138828433686e-8 0.9999999999999989
vn 0 -4.371138828433686e-8 0.9999999999999989
vn 0 4.371138828433686e-8 -0.9999999999999989
vn 0 4.371138828433686e-8 -0.9999999999999989
vn 0 4.371138828433686e-8 -0.9999999999999989
vn 0 4.371138828433686e-8 -0.9999999999999989
vn 0 4.371138828433686e-8 -0.9999999999999989
vn 0 4.371138828433686e-8 -0.9999999999999989
vn 0 0.9999999999999989 4.371138828433686e-8
vn 0 0.9999999999999989 4.371138828433686e-8
vn 0 0.9999999999999989 4.371138828433686e-8
vn 0 0.9999999999999989 4.371138828433686e-8
vn 0 0.9999999999999989 4.371138828433686e-8
vn 0 0.9999999999999989 4.371138828433686e-8
vn 0 -4.371138828433686e-8 0.9999999999999989
vn 0 -4.371138828433686e-8 0.9999999999999989
vn 0 -4.371138828433686e-8 0.9999999999999989
vn 0 -4.371138828433686e-8 0.9999999999999989
vn 0 -4.371138828433686e-8 0.9999999999999989
vn 0 -4.371138828433686e-8 0.9999999999999989
vn 0 4.371138828433686e-8 -0.9999999999999989
vn 0 4.371138828433686e-8 -0.9999999999999989
vn 0 4.371138828433686e-8 -0.9999999999999989
vn 0 4.371138828433686e-8 -0.9999999999999989
vn 0 4.371138828433686e-8 -0.9999999999999989
vn 0 4.371138828433686e-8 -0.9999999999999989
vn 0 0.9974470001081793 0.07141065729422899
vn 0 0.9974470003349192 0.07141065412718016
vn 0 0.9974470001081793 0.07141065729422899
vn 0 0.9974470001081793 0.07141065729422899
vn 0 0.9974470001081793 0.07141065729422899
vn 0 0.9974470003349192 0.07141065412718016
vn 0 0.5760812042666379 0.8173924676009073
vn 0 0.5760811644429575 0.8173924956678073
vn 0 0.5760811761997364 0.8173924873818748
vn 0 0.5760811644429575 0.8173924956678073
vn 0 0.5760811761997364 0.8173924873818748
vn 0 0.5760811644429575 0.8173924956678073
vn 0 4.371138828433686e-8 -0.9999999999999989
vn 0 4.371138828433686e-8 -0.9999999999999989
vn 0 4.371138828433686e-8 -0.9999999999999989
vn 0 4.371138828433686e-8 -0.9999999999999989
vn 0 4.371138828433686e-8 -0.9999999999999989
vn 0 4.371138828433686e-8 -0.9999999999999989
vn 0 -0.8193082529383575 -0.5733532825990415
vn 0 -0.8193082613437523 -0.5733532705879314
vn 0 -0.8193082613437523 -0.5733532705879314
vn 0 -0.8193082529383575 -0.5733532825990415
vn 0 -0.8193082613437523 -0.5733532705879314
vn 0 -0.8193082417496803 -0.5733532985873959
vn 0 -4.371138828433686e-8 0.9999999999999989
vn 0 -4.371138828433686e-8 0.9999999999999989
vn 0 -4.371138828433686e-8 0.9999999999999989
vn 0 -4.371138828433686e-8 0.9999999999999989
vn 0 -4.371138828433686e-8 0.9999999999999989
vn 0 -4.371138828433686e-8 0.9999999999999989
vn 0 4.371138828433686e-8 -0.9999999999999989
vn 0 4.371138828433686e-8 -0.9999999999999989
vn 0 4.371138828433686e-8 -0.9999999999999989
vn 0 4.371138828433686e-8 -0.9999999999999989
vn 0 4.371138828433686e-8 -0.9999999999999989
vn 0 4.371138828433686e-8 -0.9999999999999989
vn 0 0.5111023419982978 0.8595198636470567
vn 0 0.5111023419982978 0.8595198636470567
vn 0 0.5111023860326802 0.8595198374625805
vn 0 0.5111023860326802 0.8595198374625805
vn 0 0.5111023419982978 0.8595198636470567
vn 0 0.5111023860326802 0.8595198374625805
vn 0 0.9999482850372617 -0.010169918929828325
vn 0 0.9999482850372617 -0.010169918929828325
vn 0 0.9999482850372617 -0.010169918929828325
vn 0 0.9999482850372617 -0.010169918929828325
vn 0 0.9999482850372617 -0.010169918929828325
vn 0 0.9999482850372617 -0.010169918929828325
vn 0 4.371138828433686e-8 -0.9999999999999989
vn 0 4.371138828433686e-8 -0.9999999999999989
vn 0 4.371138828433686e-8 -0.9999999999999989
vn 0 4.371138828433686e-8 -0.9999999999999989
vn 0 4.371138828433686e-8 -0.9999999999999989
vn 0 4.371138828433686e-8 -0.9999999999999989
vn 0 0.9999999999999989 4.371138828433686e-8
vn 0 0.9999999999999989 4.371138828433686e-8
vn 0 0.9999999999999989 4.371138828433686e-8
vn 0 0.9999999999999989 4.371138828433686e-8
vn 0 0.9999999999999989 4.371138828433686e-8
vn 0 0.9999999999999989 4.371138828433686e-8
vn 0 -4.371138828433686e-8 0.9999999999999989
vn 0 -4.371138828433686e-8 0.9999999999999989
vn 0 -4.371138828433686e-8 0.9999999999999989
vn 0 -4.371138828433686e-8 0.9999999999999989
vn 0 -4.371138828433686e-8 0.9999999999999989
vn 0 -4.371138828433686e-8 0.9999999999999989
vn 0 4.371138828433686e-8 -0.9999999999999989
vn 0 4.371138828433686e-8 -0.9999999999999989
vn 0 4.371138828433686e-8 -0.9999999999999989
vn 0 4.371138828433686e-8 -0.9999999999999989
vn 0 4.371138828433686e-8 -0.9999999999999989
vn 0 4.371138828433686e-8 -0.9999999999999989
vn 0 0.9974470000309665 0.07141065837271784
vn 0 0.9974470001081793 0.07141065729422899
vn 0 0.9974470003349192 0.07141065412718016
vn 0 0.9974470003349192 0.07141065412718016
vn 0 0.9974470000309665 0.07141065837271784
vn 0 0.9974470000309665 0.07141065837271784
vn 0 0.5760811761997364 0.8173924873818748
vn 0 0.5760811644429575 0.8173924956678073
vn 0 0.5760811761997364 0.8173924873818748
vn 0 0.5760811644429575 0.8173924956678073
vn 0 0.5760811644429575 0.8173924956678073
vn 0 0.5760811761997364 0.8173924873818748
vn 0 4.371138828433686e-8 -0.9999999999999989
vn 0 4.371138828433686e-8 -0.9999999999999989
vn 0 4.371138828433686e-8 -0.9999999999999989
vn 0 4.371138828433686e-8 -0.9999999999999989
vn 0 4.371138828433686e-8 -0.9999999999999989
vn 0 4.371138828433686e-8 -0.9999999999999989
vn 0 -0.8193082613437523 -0.5733532705879314
vn 0 -0.8193082529383575 -0.5733532825990415
vn 0 -0.8193082417496803 -0.5733532985873959
vn 0 -0.8193082613437523 -0.5733532705879314
vn 0 -0.8193082417496803 -0.5733532985873959
vn 0 -0.8193082809378215 -0.5733532425884691
vn 0 -4.371138828433686e-8 0.9999999999999989
vn 0 -4.371138828433686e-8 0.9999999999999989
vn 0 -4.371138828433686e-8 0.9999999999999989
vn 0 -4.371138828433686e-8 0.9999999999999989
vn 0 -4.371138828433686e-8 0.9999999999999989
vn 0 -4.371138828433686e-8 0.9999999999999989
vn 0 4.371138828433686e-8 -0.9999999999999989
vn 0 4.371138828433686e-8 -0.9999999999999989
vn 0 4.371138828433686e-8 -0.9999999999999989
vn 0 4.371138828433686e-8 -0.9999999999999989
vn 0 4.371138828433686e-8 -0.9999999999999989
vn 0 4.371138828433686e-8 -0.9999999999999989
vn 0.6499201615596983 -3.322076390271437e-8 0.7600024892052754
vn 0.6499201615596983 -3.322076390271437e-8 0.7600024892052754
vn 0.6499201615596983 -3.322076390271437e-8 0.7600024892052754
vn 0.6499201615596983 -3.322076390271437e-8 0.7600024892052754
vn 0.6499201615596983 -3.322076390271437e-8 0.7600024892052754
vn 0.6499201615596983 -3.322076390271437e-8 0.7600024892052754
vn 0 4.371138828433686e-8 -0.9999999999999989
vn 0 4.371138828433686e-8 -0.9999999999999989
vn 0 4.371138828433686e-8 -0.9999999999999989
vn 0 4.371138828433686e-8 -0.9999999999999989
vn 0 4.371138828433686e-8 -0.9999999999999989
vn 0 4.371138828433686e-8 -0.9999999999999989
vn 1 0 0
vn 1 0 0
vn 1 0 0
vn 1 0 0
vn 1 0 0
vn 1 0 0
vn 0.9999746088485703 3.1149281878025837e-10 -0.007126125044440089
vn 0.9999746088485703 3.1149281878025837e-10 -0.007126125044440089
vn 0.9999746088485703 3.1149281878025837e-10 -0.007126125044440089
vn 0.9999746088485703 3.1149281878025837e-10 -0.007126125044440089
vn 0.9999746088485703 3.1149281878025837e-10 -0.007126125044440089
vn 0.9999746088485703 3.1149281878025837e-10 -0.007126125044440089
vn -0.021777643019136976 -4.3701021648199506e-8 0.9997628390095968
vn -0.02177764115737521 -4.3701021649972193e-8 0.9997628390501513
vn -0.021777643019136976 -4.3701021648199506e-8 0.9997628390095968
vn -0.02177764115737521 -4.3701021649972193e-8 0.9997628390501513
vn -0.021777643019136976 -4.3701021648199506e-8 0.9997628390095968
vn -0.021777643019136976 -4.3701021648199506e-8 0.9997628390095968
vn 0 4.371138828433686e-8 -0.9999999999999989
vn 0 4.371138828433686e-8 -0.9999999999999989
vn 0 4.371138828433686e-8 -0.9999999999999989
vn 0 4.371138828433686e-8 -0.9999999999999989
vn 0 4.371138828433686e-8 -0.9999999999999989
vn 0 4.371138828433686e-8 -0.9999999999999989
vn 0.575239475613477 -3.575526222945614e-8 0.8179850522448017
vn 0.575239475613477 -3.575526222945614e-8 0.8179850522448017
vn 0.575239475613477 -3.575526222945614e-8 0.8179850522448017
vn 0.575239475613477 -3.575526222945614e-8 0.8179850522448017
vn 0.575239475613477 -3.575526222945614e-8 0.8179850522448017
vn 0.5752394357320343 -3.5755263455394816e-8 0.8179850802910095
vn 0.8152179276118626 -2.5315639513758302e-8 0.5791543235617078
vn 0.8152179476044354 -2.5315638283651783e-8 0.579154295420151
vn 0.8152179476044354 -2.5315638283651783e-8 0.579154295420151
vn 0.8152179476044354 -2.5315638283651783e-8 0.579154295420151
vn 0.8152179476044354 -2.5315638283651783e-8 0.579154295420151
vn 0.8152179276118626 -2.5315639513758302e-8 0.5791543235617078
vn 0 4.371138828433686e-8 -0.9999999999999989
vn 0 4.371138828433686e-8 -0.9999999999999989
vn 0 4.371138828433686e-8 -0.9999999999999989
vn 0 4.371138828433686e-8 -0.9999999999999989
vn 0 4.371138828433686e-8 -0.9999999999999989
vn 0 4.371138828433686e-8 -0.9999999999999989
vn -0.8193096134560317 2.506198297818434e-8 -0.573351338446617
vn -0.8193095854566141 2.5061984727107767e-8 -0.5733513784573212
vn -0.8193096050505548 2.50619835032144e-8 -0.5733513504579046
vn -0.8193095854566141 2.5061984727107767e-8 -0.5733513784573212
vn -0.8193096134560317 2.506198297818434e-8 -0.573351338446617
vn -0.8193096134560317 2.506198297818434e-8 -0.573351338446617
vn 0 -4.371138828433686e-8 0.9999999999999989
vn 0 -4.371138828433686e-8 0.9999999999999989
vn 0 -4.371138828433686e-8 0.9999999999999989
vn 0 -4.371138828433686e-8 0.9999999999999989
vn 0 -4.371138828433686e-8 0.9999999999999989
vn 0 -4.371138828433686e-8 0.9999999999999989
vn 0 4.371138828433686e-8 -0.9999999999999989
vn 0 4.371138828433686e-8 -0.9999999999999989
vn 0 4.371138828433686e-8 -0.9999999999999989
vn 0 4.371138828433686e-8 -0.9999999999999989
vn 0 4.371138828433686e-8 -0.9999999999999989
vn 0 4.371138828433686e-8 -0.9999999999999989
vn 0 -4.371138828433686e-8 0.9999999999999989
vn 0 -4.371138828433686e-8 0.9999999999999989
vn 0 -4.371138828433686e-8 0.9999999999999989
vn 0 -4.371138828433686e-8 0.9999999999999989
vn 0 -4.371138828433686e-8 0.9999999999999989
vn 0 -4.371138828433686e-8 0.9999999999999989
vn 0 4.371138828433686e-8 -0.9999999999999989
vn 0 4.371138828433686e-8 -0.9999999999999989
vn 0 4.371138828433686e-8 -0.9999999999999989
vn 0 4.371138828433686e-8 -0.9999999999999989
vn 0 4.371138828433686e-8 -0.9999999999999989
vn 0 4.371138828433686e-8 -0.9999999999999989
vn 0 0.9999999999999989 4.371138828433686e-8
vn 0 0.9999999999999989 4.371138828433686e-8
vn 0 0.9999999999999989 4.371138828433686e-8
vn 0 0.9999999999999989 4.371138828433686e-8
vn 0 0.9999999999999989 4.371138828433686e-8
vn 0 0.9999999999999989 4.371138828433686e-8
vn 0 -4.371138828433686e-8 0.9999999999999989
vn 0 -4.371138828433686e-8 0.9999999999999989
vn 0 -4.371138828433686e-8 0.9999999999999989
vn 0 -4.371138828433686e-8 0.9999999999999989
vn 0 -4.371138828433686e-8 0.9999999999999989
vn 0 -4.371138828433686e-8 0.9999999999999989
vn 0 4.371138828433686e-8 -0.9999999999999989
vn 0 4.371138828433686e-8 -0.9999999999999989
vn 0 4.371138828433686e-8 -0.9999999999999989
vn 0 4.371138828433686e-8 -0.9999999999999989
vn 0 4.371138828433686e-8 -0.9999999999999989
vn 0 4.371138828433686e-8 -0.9999999999999989
vn -0.8152179276118626 -2.5315639513758302e-8 0.5791543235617078
vn -0.8152179476044354 -2.5315638283651783e-8 0.579154295420151
vn -0.8152179276118626 -2.5315639513758302e-8 0.5791543235617078
vn -0.8152179476044354 -2.5315638283651783e-8 0.579154295420151
vn -0.8152179276118626 -2.5315639513758302e-8 0.5791543235617078
vn -0.8152179276118626 -2.5315639513758302e-8 0.5791543235617078
vn 0 4.371138828433686e-8 -0.9999999999999989
vn 0 4.371138828433686e-8 -0.9999999999999989
vn 0 4.371138828433686e-8 -0.9999999999999989
vn 0 4.371138828433686e-8 -0.9999999999999989
vn 0 4.371138828433686e-8 -0.9999999999999989
vn 0 4.371138828433686e-8 -0.9999999999999989
vn 0.8193096330499704 2.506198175429098e-8 -0.5733513104472007
vn 0.8193096134560317 2.506198297818434e-8 -0.573351338446617
vn 0.8193095854566141 2.5061984727107767e-8 -0.5733513784573212
vn 0.8193095854566141 2.5061984727107767e-8 -0.5733513784573212
vn 0.8193096134560317 2.506198297818434e-8 -0.573351338446617
vn 0.8193096134560317 2.506198297818434e-8 -0.573351338446617
vn 0 4.371138828433686e-8 -0.9999999999999989
vn 0 4.371138828433686e-8 -0.9999999999999989
vn 0 4.371138828433686e-8 -0.9999999999999989
vn 0 4.371138828433686e-8 -0.9999999999999989
vn 0 4.371138828433686e-8 -0.9999999999999989
vn 0 4.371138828433686e-8 -0.9999999999999989
vn 0 4.371138828433686e-8 -0.9999999999999989
vn 0 4.371138828433686e-8 -0.9999999999999989
vn 0 4.371138828433686e-8 -0.9999999999999989
vn 0 4.371138828433686e-8 -0.9999999999999989
vn 0 4.371138828433686e-8 -0.9999999999999989
vn 0 4.371138828433686e-8 -0.9999999999999989
vn 0.8152179276118626 -2.5315639513758302e-8 0.5791543235617078
vn 0.8152179276118626 -2.5315639513758302e-8 0.5791543235617078
vn 0.8152179476044354 -2.5315638283651783e-8 0.579154295420151
vn 0.8152179476044354 -2.5315638283651783e-8 0.579154295420151
vn 0.8152179276118626 -2.5315639513758302e-8 0.5791543235617078
vn 0.8152179276118626 -2.5315639513758302e-8 0.5791543235617078
vn 0 4.371138828433686e-8 -0.9999999999999989
vn 0 4.371138828433686e-8 -0.9999999999999989
vn 0 4.371138828433686e-8 -0.9999999999999989
vn 0 4.371138828433686e-8 -0.9999999999999989
vn 0 4.371138828433686e-8 -0.9999999999999989
vn 0 4.371138828433686e-8 -0.9999999999999989
vn -0.8193095854566141 2.5061984727107767e-8 -0.5733513784573212
vn -0.8193096134560317 2.506198297818434e-8 -0.573351338446617
vn -0.8193096134560317 2.506198297818434e-8 -0.573351338446617
vn -0.8193096134560317 2.506198297818434e-8 -0.573351338446617
vn -0.8193095854566141 2.5061984727107767e-8 -0.5733513784573212
vn -0.8193096330499704 2.506198175429098e-8 -0.5733513104472007
vn 0 -0.999948284144869 -0.010170006673164365
vn 0 -0.999948284135398 -0.01017000760439058
vn 0 -0.9999482841387042 -0.010170007279310058
vn 0 -0.999948284135398 -0.01017000760439058
vn 0 -0.999948284144869 -0.010170006673164365
vn 0 -0.9999482841387042 -0.010170007279310058
vn -0.8192319401205681 -0.5734623163611446 -2.5066833976897245e-8
vn -0.8192319401205681 -0.5734623163611446 -2.5066833976897245e-8
vn -0.8192319401205681 -0.5734623163611446 -2.5066833976897245e-8
vn -0.8192319401205681 -0.5734623163611446 -2.5066833976897245e-8
vn -0.8192319401205681 -0.5734623163611446 -2.5066833976897245e-8
vn -0.8192319121183862 -0.5734623563642625 -2.5066835725489062e-8
vn -0.5922350333070312 -0.41456574560960946 0.6909362545785017
vn -0.5922350333070312 -0.41456574560960946 0.6909362545785017
vn -0.5922350333070312 -0.41456574560960946 0.6909362545785017
vn 0 4.371138828433686e-8 -0.9999999999999989
vn 0 4.371138828433686e-8 -0.9999999999999989
vn 0 4.371138828433686e-8 -0.9999999999999989
vn -0.8192319401205681 -0.5734623163611446 -2.5066833976897245e-8
vn -0.8192319121183862 -0.5734623563642625 -2.5066835725489062e-8
vn -0.8192319317199126 -0.5734623283620816 -2.506683450147486e-8
vn -0.8192319317199126 -0.5734623283620816 -2.506683450147486e-8
vn -0.8192319121183862 -0.5734623563642625 -2.5066835725489062e-8
vn -0.8192319317199126 -0.5734623283620816 -2.506683450147486e-8
vn -0.6507913930904394 -3.318815941779298e-8 0.7592565855357488
vn -0.6507913930904394 -3.318815941779298e-8 0.7592565855357488
vn -0.6507913930904394 -3.318815941779298e-8 0.7592565855357488
vn -0.6507913930904394 -3.318815941779298e-8 0.7592565855357488
vn -0.6507913930904394 -3.318815941779298e-8 0.7592565855357488
vn -0.6507913930904394 -3.318815941779298e-8 0.7592565855357488
vn 0 4.371138828433686e-8 -0.9999999999999989
vn 0 4.371138828433686e-8 -0.9999999999999989
vn 0 4.371138828433686e-8 -0.9999999999999989
vn 0 4.371138828433686e-8 -0.9999999999999989
vn 0 4.371138828433686e-8 -0.9999999999999989
vn 0 4.371138828433686e-8 -0.9999999999999989
vn -1 0 0
vn -1 0 0
vn -1 0 0
vn -1 0 0
vn -1 0 0
vn -1 0 0
vn -1 0 0
vn -1 0 0
vn -1 0 0
vn -1 0 0
vn -1 0 0
vn -1 0 0
vn 0 -0.5144958192058977 0.8574928874455182
vn 0 -0.5144958192058977 0.8574928874455182
vn 0 -0.5144958192058977 0.8574928874455182
vn 0 -0.5144958192058977 0.8574928874455182
vn 0 -0.5144958192058977 0.8574928874455182
vn 0 -0.5144958192058977 0.8574928874455182
vn 0 -0.9999999999999989 -4.371138828433686e-8
vn 0 -0.9999999999999989 -4.371138828433686e-8
vn 0 -0.9999999999999989 -4.371138828433686e-8
vn 0 -0.9999999999999989 -4.371138828433686e-8
vn 0 -0.9999999999999989 -4.371138828433686e-8
vn 0 -0.9999999999999989 -4.371138828433686e-8
vn 0 4.371138828433686e-8 -0.9999999999999989
vn 0 4.371138828433686e-8 -0.9999999999999989
vn 0 4.371138828433686e-8 -0.9999999999999989
vn 0 4.371138828433686e-8 -0.9999999999999989
vn 0 4.371138828433686e-8 -0.9999999999999989
vn 0 4.371138828433686e-8 -0.9999999999999989
vn 0 -0.9999999999999989 -4.371138828433686e-8
vn 0 -0.9999999999999989 -4.371138828433686e-8
vn 0 -0.9999999999999989 -4.371138828433686e-8
vn 0 -0.9999999999999989 -4.371138828433686e-8
vn 0 -0.9999999999999989 -4.371138828433686e-8
vn 0 -0.9999999999999989 -4.371138828433686e-8
vn 0 -4.371138828433686e-8 0.9999999999999989
vn 0 -4.371138828433686e-8 0.9999999999999989
vn 0 -4.371138828433686e-8 0.9999999999999989
vn 0 -4.371138828433686e-8 0.9999999999999989
vn 0 -4.371138828433686e-8 0.9999999999999989
vn 0 -4.371138828433686e-8 0.9999999999999989
vn 0 4.371138828433686e-8 -0.9999999999999989
vn 0 4.371138828433686e-8 -0.9999999999999989
vn 0 4.371138828433686e-8 -0.9999999999999989
vn 0 4.371138828433686e-8 -0.9999999999999989
vn 0 4.371138828433686e-8 -0.9999999999999989
vn 0 4.371138828433686e-8 -0.9999999999999989
vn 0.005151452096443434 0.80893759377777 0.5878719519711159
vn 0.005151451165145562 0.8089375937816509 0.5878719519739362
vn 0.013092622460893707 0.7991018811698563 0.6010530481978221
vn 0.005151451165145562 0.8089375937816509 0.5878719519739362
vn 0.005151452096443434 0.80893759377777 0.5878719519711159
vn 0 0.8151726502622766 0.5792180507066198
vn -0.3928544813198742 0.7969427483228696 0.45885467460023105
vn -0.3928544218282746 0.796942809009047 0.458854620134462
vn -0.3885421345275831 0.8016224674774758 0.45435275869314673
vn -0.3971046702515576 0.7922571489770052 0.4632887768543817
vn -0.3928544218282746 0.796942809009047 0.458854620134462
vn -0.3928544813198742 0.7969427483228696 0.45885467460023105
vn -0.5752399348959358 0.817984729258999 3.5755248111298314e-8
vn -0.5921407414760584 0.8058320383848182 -0.002016977132396733
vn -0.5921407414766147 0.8058320383855752 -0.002016976666737335
vn -0.5921407414766147 0.8058320383855752 -0.002016976666737335
vn -0.5921407414760584 0.8058320383848182 -0.002016977132396733
vn -0.6114344276240633 0.7912831068753879 -0.004357234176320994
vn 0.799674390398288 -0.6004268515636096 -0.0029095124226199334
vn 0.7996743903955796 -0.6004268515615759 -0.0029095135867632954
vn 0.777485202807929 -0.6288687076801404 -0.006395929598092542
vn 0.7996743903955796 -0.6004268515615759 -0.0029095135867632954
vn 0.799674390398288 -0.6004268515636096 -0.0029095124226199334
vn 0.8173703398875455 -0.5761125996470808 -2.5182681538672296e-8
vn 0.8002593015627467 -0.3075212501508329 0.5147967860893982
vn 0.8002594688646906 -0.3075211265177428 0.5147965998699505
vn 0.7785863065296426 -0.32073597591904945 0.5393809387026799
vn 0.8185583440881397 -0.29553842034528716 0.49256398510599114
vn 0.8002594688646906 -0.3075211265177428 0.5147965998699505
vn 0.8002593015627467 -0.3075212501508329 0.5147967860893982
vn -0.5922334152748051 -0.4145646964336239 0.6909382709785569
vn -0.5922330391794399 -0.4145617926812561 0.6909403355957643
vn -0.5922311907373681 -0.41456334191327987 0.6909409904322453
vn -0.5922334323484622 -0.4145635460946516 0.6909389465489604
vn -0.5922330391794399 -0.4145617926812561 0.6909403355957643
vn -0.5922334152748051 -0.4145646964336239 0.6909382709785569
vn -0.5922350451800963 -0.4145626425585094 0.6909381062406638
vn -0.5922334323484622 -0.4145635460946516 0.6909389465489604
vn -0.5922334152748051 -0.4145646964336239 0.6909382709785569
vn -0.5922350451800963 -0.4145626425585094 0.6909381062406638
vn -0.5922334152748051 -0.4145646964336239 0.6909382709785569
vn -0.5922355840364881 -0.41456155348348295 0.6909382978054704
vn -0.5922355840364881 -0.41456155348348295 0.6909382978054704
vn -0.5922330391794399 -0.4145617926812561 0.6909403355957643
vn -0.5922350451800963 -0.4145626425585094 0.6909381062406638
vn -0.5922330391794399 -0.4145617926812561 0.6909403355957643
vn -0.5922355840364881 -0.41456155348348295 0.6909382978054704
vn -0.5922311907373681 -0.41456334191327987 0.6909409904322453
vn -0.9997296244036945 0.0119618976685843 -0.01993968640210014
vn -0.9997296245979513 0.011961891864827453 -0.019939680144213327
vn -0.999730252992755 0.011946313304659284 -0.019917501084949517
vn -0.9997290850470754 0.011975252582752583 -0.019958703277437068
vn -0.9997296245979513 0.011961891864827453 -0.019939680144213327
vn -0.9997296244036945 0.0119618976685843 -0.01993968640210014
vn 0.12421299144365501 0.08694933988705181 0.9884386400024154
vn 0.12421299160459115 0.08694932509854666 0.9884386412830819
vn 0.12421326073456777 0.08694953956658415 0.9884385885966034
vn 0.12421299160459115 0.08694932509854666 0.9884386412830819
vn 0.12421299144365501 0.08694933988705181 0.9884386400024154
vn 0.12421272985559498 0.08694911356205444 0.9884386927840259
vn -0.11849681841333083 -0.9832835717029045 0.13824587388091225
vn -0.11849680372140353 -0.9832835734391279 0.13824587412501857
vn -0.11849427707859927 -0.9832842216561619 0.13824342928926547
vn -0.11849680372140353 -0.9832835734391279 0.13824587412501857
vn -0.11849681841333083 -0.9832835717029045 0.13824587388091225
vn -0.11849977744274313 -0.9832828063748916 0.13824878094774537
vn 0 4.371138828433686e-8 -0.9999999999999989
vn 0 4.371138828433686e-8 -0.9999999999999989
vn 0 4.371138828433686e-8 -0.9999999999999989
vn 0 4.371138828433686e-8 -0.9999999999999989
vn 0 4.371138828433686e-8 -0.9999999999999989
vn 0 4.371138828433686e-8 -0.9999999999999989
vn 0 4.371138828433686e-8 -0.9999999999999989
vn 0 4.371138828433686e-8 -0.9999999999999989
vn 0 4.371138828433686e-8 -0.9999999999999989
vn 0 4.371138828433686e-8 -0.9999999999999989
vn 0 4.371138828433686e-8 -0.9999999999999989
vn 0 4.371138828433686e-8 -0.9999999999999989
vn 0 4.371138828433686e-8 -0.9999999999999989
vn 0 4.371138828433686e-8 -0.9999999999999989
vn 0 4.371138828433686e-8 -0.9999999999999989
vn 0 4.371138828433686e-8 -0.9999999999999989
vn 0 4.371138828433686e-8 -0.9999999999999989
vn 0 4.371138828433686e-8 -0.9999999999999989
vn 0.8193096330499704 2.506198175429098e-8 -0.5733513104472007
vn 0.8193096134560317 2.506198297818434e-8 -0.573351338446617
vn 0.8193096050505548 2.50619835032144e-8 -0.5733513504579046
vn 0.8193096134560317 2.506198297818434e-8 -0.573351338446617
vn 0.8193096330499704 2.506198175429098e-8 -0.5733513104472007
vn 0.8193095938620901 2.5061984202077796e-8 -0.5733513664460356
vn 0.6712074105572107 0.46984527801691955 -0.5733463410001737
vn 0.6712085401660318 0.46984614026857696 -0.5733443119826912
vn 0.671208285774194 0.46984602179896356 -0.5733447068803861
vn 0.6712092633835626 0.4698467716905422 -0.5733429478768103
vn 0.671208285774194 0.46984602179896356 -0.5733447068803861
vn 0.6712085401660318 0.46984614026857696 -0.5733443119826912
vn 0 0.8193083310619507 -0.573353170962262
vn 0 0.8193083310619507 -0.573353170962262
vn 0 0.8193083114678842 -0.5733531989617261
vn 0 0.8193083310619507 -0.573353170962262
vn 0 0.8193083310619507 -0.573353170962262
vn 0 0.8193083310619507 -0.573353170962262
vn -0.6499201615596983 -3.322076390271437e-8 0.7600024892052754
vn -0.6499201615596983 -3.322076390271437e-8 0.7600024892052754
vn -0.6499201615596983 -3.322076390271437e-8 0.7600024892052754
vn -0.6499201615596983 -3.322076390271437e-8 0.7600024892052754
vn -0.6499201615596983 -3.322076390271437e-8 0.7600024892052754
vn -0.6499201615596983 -3.322076390271437e-8 0.7600024892052754
vn 0 4.371138828433686e-8 -0.9999999999999989
vn 0 4.371138828433686e-8 -0.9999999999999989
vn 0 4.371138828433686e-8 -0.9999999999999989
vn 0 4.371138828433686e-8 -0.9999999999999989
vn 0 4.371138828433686e-8 -0.9999999999999989
vn 0 4.371138828433686e-8 -0.9999999999999989
vn -1 0 0
vn -1 0 0
vn -1 0 0
vn -1 0 0
vn -1 0 0
vn -1 0 0
vn -0.9999746088482788 3.1149282056797853e-10 -0.007126125085338359
vn -0.9999746088482788 3.1149282056797853e-10 -0.007126125085338359
vn -0.9999746088485703 3.1149281878025837e-10 -0.007126125044440089
vn -0.9999746088482788 3.1149282056797853e-10 -0.007126125085338359
vn -0.9999746088485703 3.1149281878025837e-10 -0.007126125044440089
vn -0.9999746088485703 3.1149281878025837e-10 -0.007126125044440089
vn 0.021777643019136976 -4.3701021648199506e-8 0.9997628390095968
vn 0.02177764115737521 -4.3701021649972193e-8 0.9997628390501513
vn 0.021777644880898752 -4.370102164642682e-8 0.9997628389690425
vn 0.021777644880898752 -4.370102164642682e-8 0.9997628389690425
vn 0.02177764115737521 -4.3701021649972193e-8 0.9997628390501513
vn 0.021777643019136976 -4.3701021648199506e-8 0.9997628390095968
vn 0 4.371138828433686e-8 -0.9999999999999989
vn 0 4.371138828433686e-8 -0.9999999999999989
vn 0 4.371138828433686e-8 -0.9999999999999989
vn 0 4.371138828433686e-8 -0.9999999999999989
vn 0 4.371138828433686e-8 -0.9999999999999989
vn 0 4.371138828433686e-8 -0.9999999999999989
vn -0.5752394357320343 -3.5755263455394816e-8 0.8179850802910095
vn -0.57523944756727 -3.5755263091584696e-8 0.817985071968004
vn -0.5752395154949154 -3.575526100351745e-8 0.8179850241985936
vn -0.5752395154949154 -3.575526100351745e-8 0.8179850241985936
vn -0.575239475613477 -3.575526222945614e-8 0.8179850522448017
vn -0.5752394357320343 -3.5755263455394816e-8 0.8179850802910095
vn -0.8152179276118626 -2.5315639513758302e-8 0.5791543235617078
vn -0.8152179276118626 -2.5315639513758302e-8 0.5791543235617078
vn -0.8152179276118626 -2.5315639513758302e-8 0.5791543235617078
vn -0.8152179276118626 -2.5315639513758302e-8 0.5791543235617078
vn -0.8152179276118626 -2.5315639513758302e-8 0.5791543235617078
vn -0.8152179476044354 -2.5315638283651783e-8 0.579154295420151
vn 0 4.371138828433686e-8 -0.9999999999999989
vn 0 4.371138828433686e-8 -0.9999999999999989
vn 0 4.371138828433686e-8 -0.9999999999999989
vn 0 4.371138828433686e-8 -0.9999999999999989
vn 0 4.371138828433686e-8 -0.9999999999999989
vn 0 4.371138828433686e-8 -0.9999999999999989
vn 0.8193096134560317 2.506198297818434e-8 -0.573351338446617
vn 0.8193096134560317 2.506198297818434e-8 -0.573351338446617
vn 0.8193096134560317 2.506198297818434e-8 -0.573351338446617
vn 0.8193096134560317 2.506198297818434e-8 -0.573351338446617
vn 0.8193095854566141 2.5061984727107767e-8 -0.5733513784573212
vn 0.8193096134560317 2.506198297818434e-8 -0.573351338446617
vn 0 -0.5111024171399088 0.8595198189650675
vn 0 -0.5111024611742889 0.8595197927805875
vn 0 -0.5111024171399088 0.8595198189650675
vn 0 -0.5111024611742889 0.8595197927805875
vn 0 -0.5111024171399088 0.8595198189650675
vn 0 -0.5111024171399088 0.8595198189650675
vn 0 -0.9999482841481754 -0.01017000634808379
vn 0 -0.9999482841481754 -0.01017000634808379
vn 0 -0.999948284135398 -0.01017000760439058
vn 0 -0.999948284135398 -0.01017000760439058
vn 0 -0.9999482841481754 -0.01017000634808379
vn 0 -0.999948284144869 -0.010170006673164365
vn 0 4.371138828433686e-8 -0.9999999999999989
vn 0 4.371138828433686e-8 -0.9999999999999989
vn 0 4.371138828433686e-8 -0.9999999999999989
vn 0 4.371138828433686e-8 -0.9999999999999989
vn 0 4.371138828433686e-8 -0.9999999999999989
vn 0 4.371138828433686e-8 -0.9999999999999989
vn 0 -0.9999999999999989 -4.371138828433686e-8
vn 0 -0.9999999999999989 -4.371138828433686e-8
vn 0 -0.9999999999999989 -4.371138828433686e-8
vn 0 -0.9999999999999989 -4.371138828433686e-8
vn 0 -0.9999999999999989 -4.371138828433686e-8
vn 0 -0.9999999999999989 -4.371138828433686e-8
vn 0 -4.371138828433686e-8 0.9999999999999989
vn 0 -4.371138828433686e-8 0.9999999999999989
vn 0 -4.371138828433686e-8 0.9999999999999989
vn 0 -4.371138828433686e-8 0.9999999999999989
vn 0 -4.371138828433686e-8 0.9999999999999989
vn 0 -4.371138828433686e-8 0.9999999999999989
vn 0 4.371138828433686e-8 -0.9999999999999989
vn 0 4.371138828433686e-8 -0.9999999999999989
vn 0 4.371138828433686e-8 -0.9999999999999989
vn 0 4.371138828433686e-8 -0.9999999999999989
vn 0 4.371138828433686e-8 -0.9999999999999989
vn 0 4.371138828433686e-8 -0.9999999999999989
vn 0 -0.9974470060471411 0.07141057434018011
vn 0 -0.997447006577833 0.07141056692759364
vn 0 -0.9974470063510933 0.07141057009464245
vn 0 -0.9974470060471411 0.07141057434018011
vn 0 -0.9974470063510933 0.07141057009464245
vn 0 -0.997447006577833 0.07141056692759364
vn 0 -0.5760812359016768 0.8173924453051892
vn 0 -0.5760812476584549 0.8173924370192558
vn 0 -0.5760812757253547 0.8173924172382859
vn 0 -0.5760812476584549 0.8173924370192558
vn 0 -0.5760812359016768 0.8173924453051892
vn 0 -0.5760812359016768 0.8173924453051892
vn 0 4.371138828433686e-8 -0.9999999999999989
vn 0 4.371138828433686e-8 -0.9999999999999989
vn 0 4.371138828433686e-8 -0.9999999999999989
vn 0 4.371138828433686e-8 -0.9999999999999989
vn 0 4.371138828433686e-8 -0.9999999999999989
vn 0 4.371138828433686e-8 -0.9999999999999989
vn 0 0.8193083394673465 -0.573353158951147
vn 0 0.8193082918738145 -0.5733532269611923
vn 0 0.8193083030624903 -0.573353210972837
vn 0 0.8193083394673465 -0.573353158951147
vn 0 0.8193083030624903 -0.573353210972837
vn 0 0.8193083114678842 -0.5733531989617261
vn 0 -4.371138828433686e-8 0.9999999999999989
vn 0 -4.371138828433686e-8 0.9999999999999989
vn 0 -4.371138828433686e-8 0.9999999999999989
vn 0 -4.371138828433686e-8 0.9999999999999989
vn 0 -4.371138828433686e-8 0.9999999999999989
vn 0 -4.371138828433686e-8 0.9999999999999989
vn 0 4.371138828433686e-8 -0.9999999999999989
vn 0 4.371138828433686e-8 -0.9999999999999989
vn 0 4.371138828433686e-8 -0.9999999999999989
vn 0 4.371138828433686e-8 -0.9999999999999989
vn 0 4.371138828433686e-8 -0.9999999999999989
vn 0 4.371138828433686e-8 -0.9999999999999989
vn 0 -0.5111024611742889 0.8595197927805875
vn 0 -0.5111024611742889 0.8595197927805875
vn 0 -0.5111024171399088 0.8595198189650675
vn 0 -0.5111024171399088 0.8595198189650675
vn 0 -0.5111024611742889 0.8595197927805875
vn 0 -0.5111024171399088 0.8595198189650675
vn 0 -0.9999482841481754 -0.01017000634808379
vn 0 -0.9999482841481754 -0.01017000634808379
vn 0 -0.9999482841481754 -0.01017000634808379
vn 0 -0.9999482841481754 -0.01017000634808379
vn 0 -0.9999482841481754 -0.01017000634808379
vn 0 -0.9999482841481754 -0.01017000634808379
vn 0 4.371138828433686e-8 -0.9999999999999989
vn 0 4.371138828433686e-8 -0.9999999999999989
vn 0 4.371138828433686e-8 -0.9999999999999989
vn 0 4.371138828433686e-8 -0.9999999999999989
vn 0 4.371138828433686e-8 -0.9999999999999989
vn 0 4.371138828433686e-8 -0.9999999999999989
vn 0 -0.9999999999999989 -4.371138828433686e-8
vn 0 -0.9999999999999989 -4.371138828433686e-8
vn 0 -0.9999999999999989 -4.371138828433686e-8
vn 0 -0.9999999999999989 -4.371138828433686e-8
vn 0 -0.9999999999999989 -4.371138828433686e-8
vn 0 -0.9999999999999989 -4.371138828433686e-8
vn 0 -4.371138828433686e-8 0.9999999999999989
vn 0 -4.371138828433686e-8 0.9999999999999989
vn 0 -4.371138828433686e-8 0.9999999999999989
vn 0 -4.371138828433686e-8 0.9999999999999989
vn 0 -4.371138828433686e-8 0.9999999999999989
vn 0 -4.371138828433686e-8 0.9999999999999989
vn 0 4.371138828433686e-8 -0.9999999999999989
vn 0 4.371138828433686e-8 -0.9999999999999989
vn 0 4.371138828433686e-8 -0.9999999999999989
vn 0 4.371138828433686e-8 -0.9999999999999989
vn 0 4.371138828433686e-8 -0.9999999999999989
vn 0 4.371138828433686e-8 -0.9999999999999989
vn 0 -0.9974470062738808 0.07141057117313136
vn 0 -0.9974470062738808 0.07141057117313136
vn 0 -0.997447006577833 0.07141056692759364
vn 0 -0.997447006577833 0.07141056692759364
vn 0 -0.9974470062738808 0.07141057117313136
vn 0 -0.9974470063510933 0.07141057009464245
vn 0 -0.5760812476584549 0.8173924370192558
vn 0 -0.5760812359016768 0.8173924453051892
vn 0 -0.5760812359016768 0.8173924453051892
vn 0 -0.5760812359016768 0.8173924453051892
vn 0 -0.5760812476584549 0.8173924370192558
vn 0 -0.5760812476584549 0.8173924370192558
vn 0 4.371138828433686e-8 -0.9999999999999989
vn 0 4.371138828433686e-8 -0.9999999999999989
vn 0 4.371138828433686e-8 -0.9999999999999989
vn 0 4.371138828433686e-8 -0.9999999999999989
vn 0 4.371138828433686e-8 -0.9999999999999989
vn 0 4.371138828433686e-8 -0.9999999999999989
vn 0 0.8193082918738145 -0.5733532269611923
vn 0 0.8193083310619507 -0.573353170962262
vn 0 0.8193083114678842 -0.5733531989617261
vn 0 0.8193082918738145 -0.5733532269611923
vn 0 0.8193083114678842 -0.5733531989617261
vn 0 0.8193083030624903 -0.573353210972837
vn 0 -4.371138828433686e-8 0.9999999999999989
vn 0 -4.371138828433686e-8 0.9999999999999989
vn 0 -4.371138828433686e-8 0.9999999999999989
vn 0 -4.371138828433686e-8 0.9999999999999989
vn 0 -4.371138828433686e-8 0.9999999999999989
vn 0 -4.371138828433686e-8 0.9999999999999989
vn 0 4.371138828433686e-8 -0.9999999999999989
vn 0 4.371138828433686e-8 -0.9999999999999989
vn 0 4.371138828433686e-8 -0.9999999999999989
vn 0 4.371138828433686e-8 -0.9999999999999989
vn 0 4.371138828433686e-8 -0.9999999999999989
vn 0 4.371138828433686e-8 -0.9999999999999989
vn -0.6499201615596983 -3.322076390271437e-8 0.7600024892052754
vn -0.6499201615596983 -3.322076390271437e-8 0.7600024892052754
vn -0.6499201615596983 -3.322076390271437e-8 0.7600024892052754
vn -0.6499201615596983 -3.322076390271437e-8 0.7600024892052754
vn -0.6499201615596983 -3.322076390271437e-8 0.7600024892052754
vn -0.6499201615596983 -3.322076390271437e-8 0.7600024892052754
vn 0 -4.371138828433686e-8 0.9999999999999989
vn 0 -4.371138828433686e-8 0.9999999999999989
vn 0 -4.371138828433686e-8 0.9999999999999989
vn 0 -4.371138828433686e-8 0.9999999999999989
vn 0 -4.371138828433686e-8 0.9999999999999989
vn 0 -4.371138828433686e-8 0.9999999999999989
vn 0 4.371138828433686e-8 -0.9999999999999989
vn 0 4.371138828433686e-8 -0.9999999999999989
vn 0 4.371138828433686e-8 -0.9999999999999989
vn 0 4.371138828433686e-8 -0.9999999999999989
vn 0 4.371138828433686e-8 -0.9999999999999989
vn 0 4.371138828433686e-8 -0.9999999999999989
vn -1 0 0
vn -1 0 0
vn -1 0 0
vn -1 0 0
vn -1 0 0
vn -1 0 0
vn -0.9999746088485703 3.1149281878025837e-10 -0.007126125044440089
vn -0.9999746088485703 3.1149281878025837e-10 -0.007126125044440089
vn -0.9999746088485703 3.1149281878025837e-10 -0.007126125044440089
vn -0.9999746088485703 3.1149281878025837e-10 -0.007126125044440089
vn -0.9999746088485703 3.1149281878025837e-10 -0.007126125044440089
vn -0.9999746088485703 3.1149281878025837e-10 -0.007126125044440089
vn 0.021777643019136976 -4.3701021648199506e-8 0.9997628390095968
vn 0.021777643019136976 -4.3701021648199506e-8 0.9997628390095968
vn 0.02177764115737521 -4.3701021649972193e-8 0.9997628390501513
vn 0.02177764115737521 -4.3701021649972193e-8 0.9997628390501513
vn 0.021777643019136976 -4.3701021648199506e-8 0.9997628390095968
vn 0.021777643019136976 -4.3701021648199506e-8 0.9997628390095968
vn 0 4.371138828433686e-8 -0.9999999999999989
vn 0 4.371138828433686e-8 -0.9999999999999989
vn 0 4.371138828433686e-8 -0.9999999999999989
vn 0 4.371138828433686e-8 -0.9999999999999989
vn 0 4.371138828433686e-8 -0.9999999999999989
vn 0 4.371138828433686e-8 -0.9999999999999989
vn -0.575239475613477 -3.575526222945614e-8 0.8179850522448017
vn -0.5752394357320343 -3.5755263455394816e-8 0.8179850802910095
vn -0.575239475613477 -3.575526222945614e-8 0.8179850522448017
vn -0.575239475613477 -3.575526222945614e-8 0.8179850522448017
vn -0.575239475613477 -3.575526222945614e-8 0.8179850522448017
vn -0.575239475613477 -3.575526222945614e-8 0.8179850522448017
vn -0.8152179276118626 -2.5315639513758302e-8 0.5791543235617078
vn -0.8152179476044354 -2.5315638283651783e-8 0.579154295420151
vn -0.8152179476044354 -2.5315638283651783e-8 0.579154295420151
vn -0.8152179276118626 -2.5315639513758302e-8 0.5791543235617078
vn -0.8152179476044354 -2.5315638283651783e-8 0.579154295420151
vn -0.8152179476044354 -2.5315638283651783e-8 0.579154295420151
vn 0 4.371138828433686e-8 -0.9999999999999989
vn 0 4.371138828433686e-8 -0.9999999999999989
vn 0 4.371138828433686e-8 -0.9999999999999989
vn 0 4.371138828433686e-8 -0.9999999999999989
vn 0 4.371138828433686e-8 -0.9999999999999989
vn 0 4.371138828433686e-8 -0.9999999999999989
vn 0.8193096134560317 2.506198297818434e-8 -0.573351338446617
vn 0.8193096134560317 2.506198297818434e-8 -0.573351338446617
vn 0.8193095854566141 2.5061984727107767e-8 -0.5733513784573212
vn 0.8193095854566141 2.5061984727107767e-8 -0.5733513784573212
vn 0.8193096050505548 2.50619835032144e-8 -0.5733513504579046
vn 0.8193096134560317 2.506198297818434e-8 -0.573351338446617
vn 0 -4.371138828433686e-8 0.9999999999999989
vn 0 -4.371138828433686e-8 0.9999999999999989
vn 0 -4.371138828433686e-8 0.9999999999999989
vn 0 -4.371138828433686e-8 0.9999999999999989
vn 0 -4.371138828433686e-8 0.9999999999999989
vn 0 -4.371138828433686e-8 0.9999999999999989
vn 0 4.371138828433686e-8 -0.9999999999999989
vn 0 4.371138828433686e-8 -0.9999999999999989
vn 0 4.371138828433686e-8 -0.9999999999999989
vn 0 4.371138828433686e-8 -0.9999999999999989
vn 0 4.371138828433686e-8 -0.9999999999999989
vn 0 4.371138828433686e-8 -0.9999999999999989
vn 0 -4.371138828433686e-8 0.9999999999999989
vn 0 -4.371138828433686e-8 0.9999999999999989
vn 0 -4.371138828433686e-8 0.9999999999999989
vn 0 -4.371138828433686e-8 0.9999999999999989
vn 0 -4.371138828433686e-8 0.9999999999999989
vn 0 -4.371138828433686e-8 0.9999999999999989
vn 0 4.371138828433686e-8 -0.9999999999999989
vn 0 4.371138828433686e-8 -0.9999999999999989
vn 0 4.371138828433686e-8 -0.9999999999999989
vn 0 4.371138828433686e-8 -0.9999999999999989
vn 0 4.371138828433686e-8 -0.9999999999999989
vn 0 4.371138828433686e-8 -0.9999999999999989
vn 0 -4.371138828433686e-8 0.9999999999999989
vn 0 -4.371138828433686e-8 0.9999999999999989
vn 0 -4.371138828433686e-8 0.9999999999999989
vn 0 -4.371138828433686e-8 0.9999999999999989
vn 0 -4.371138828433686e-8 0.9999999999999989
vn 0 -4.371138828433686e-8 0.9999999999999989
vn 0 4.371138828433686e-8 -0.9999999999999989
vn 0 4.371138828433686e-8 -0.9999999999999989
vn 0 4.371138828433686e-8 -0.9999999999999989
vn 0 4.371138828433686e-8 -0.9999999999999989
vn 0 4.371138828433686e-8 -0.9999999999999989
vn 0 4.371138828433686e-8 -0.9999999999999989
vn 0 -0.5760812757253547 0.8173924172382859
vn 0 -0.5760812757253547 0.8173924172382859
vn 0 -0.5760812476584549 0.8173924370192558
vn 0 -0.5760812757253547 0.8173924172382859
vn 0 -0.5760812476584549 0.8173924370192558
vn 0 -0.5760812476584549 0.8173924370192558
vn 0 -4.371138828433686e-8 0.9999999999999989
vn 0 -4.371138828433686e-8 0.9999999999999989
vn 0 -4.371138828433686e-8 0.9999999999999989
vn 0 -4.371138828433686e-8 0.9999999999999989
vn 0 -4.371138828433686e-8 0.9999999999999989
vn 0 -4.371138828433686e-8 0.9999999999999989
vn 0 4.371138828433686e-8 -0.9999999999999989
vn 0 4.371138828433686e-8 -0.9999999999999989
vn 0 4.371138828433686e-8 -0.9999999999999989
vn 0 4.371138828433686e-8 -0.9999999999999989
vn 0 4.371138828433686e-8 -0.9999999999999989
vn 0 4.371138828433686e-8 -0.9999999999999989
vn 0 -0.5111024171399088 0.8595198189650675
vn 0 -0.5111024171399088 0.8595198189650675
vn 0 -0.5111024611742889 0.8595197927805875
vn 0 -0.5111024611742889 0.8595197927805875
vn 0 -0.5111024171399088 0.8595198189650675
vn 0 -0.5111024171399088 0.8595198189650675
vn 0.8192319401205681 -0.5734623163611446 -2.5066833976897245e-8
vn 0.8192319401205681 -0.5734623163611446 -2.5066833976897245e-8
vn 0.8192319401205681 -0.5734623163611446 -2.5066833976897245e-8
vn 0.8192319401205681 -0.5734623163611446 -2.5066833976897245e-8
vn 0.8192319121183862 -0.5734623563642625 -2.5066835725489062e-8
vn 0.8192319401205681 -0.5734623163611446 -2.5066833976897245e-8
vn 0.5922350333070312 -0.41456574560960946 0.6909362545785017
vn 0.5922350333070312 -0.41456574560960946 0.6909362545785017
vn 0.5922350333070312 -0.41456574560960946 0.6909362545785017
vn 0 4.371138828433686e-8 -0.9999999999999989
vn 0 4.371138828433686e-8 -0.9999999999999989
vn 0 4.371138828433686e-8 -0.9999999999999989
vn 0.9999746088482788 3.1149282056797853e-10 -0.007126125085338359
vn 0.9999746088482788 3.1149282056797853e-10 -0.007126125085338359
vn 0.9999746088482788 3.1149282056797853e-10 -0.007126125085338359
vn 0.9999746088482788 3.1149282056797853e-10 -0.007126125085338359
vn 0.9999746088482788 3.1149282056797853e-10 -0.007126125085338359
vn 0.9999746088485703 3.1149281878025837e-10 -0.007126125044440089
vn 0.8192319121183862 -0.5734623563642625 -2.5066835725489062e-8
vn 0.8192319401205681 -0.5734623163611446 -2.5066833976897245e-8
vn 0.8192319317199126 -0.5734623283620816 -2.506683450147486e-8
vn 0.8192319317199126 -0.5734623283620816 -2.506683450147486e-8
vn 0.8192319317199126 -0.5734623283620816 -2.506683450147486e-8
vn 0.8192319121183862 -0.5734623563642625 -2.5066835725489062e-8
vn 0.6507913930904394 -3.318815941779298e-8 0.7592565855357488
vn 0.6507913930904394 -3.318815941779298e-8 0.7592565855357488
vn 0.6507913930904394 -3.318815941779298e-8 0.7592565855357488
vn 0.6507913930904394 -3.318815941779298e-8 0.7592565855357488
vn 0.6507913930904394 -3.318815941779298e-8 0.7592565855357488
vn 0.6507913930904394 -3.318815941779298e-8 0.7592565855357488
vn 0 4.371138828433686e-8 -0.9999999999999989
vn 0 4.371138828433686e-8 -0.9999999999999989
vn 0 4.371138828433686e-8 -0.9999999999999989
vn 0 4.371138828433686e-8 -0.9999999999999989
vn 0 4.371138828433686e-8 -0.9999999999999989
vn 0 4.371138828433686e-8 -0.9999999999999989
vn 0 4.371138828433686e-8 -0.9999999999999989
vn 0 4.371138828433686e-8 -0.9999999999999989
vn 0 4.371138828433686e-8 -0.9999999999999989
vn 0 4.371138828433686e-8 -0.9999999999999989
vn 0 4.371138828433686e-8 -0.9999999999999989
vn 0 4.371138828433686e-8 -0.9999999999999989
vn 1 0 0
vn 1 0 0
vn 1 0 0
vn 1 0 0
vn 1 0 0
vn 1 0 0
vn 1 0 0
vn 1 0 0
vn 1 0 0
vn 1 0 0
vn 1 0 0
vn 1 0 0
vn 0 -0.5144958192058977 0.8574928874455182
vn 0 -0.5144958192058977 0.8574928874455182
vn 0 -0.5144958192058977 0.8574928874455182
vn 0 -0.5144958192058977 0.8574928874455182
vn 0 -0.5144958192058977 0.8574928874455182
vn 0 -0.5144958192058977 0.8574928874455182
vn 0 -0.9999999999999989 -4.371138828433686e-8
vn 0 -0.9999999999999989 -4.371138828433686e-8
vn 0 -0.9999999999999989 -4.371138828433686e-8
vn 0 -0.9999999999999989 -4.371138828433686e-8
vn 0 -0.9999999999999989 -4.371138828433686e-8
vn 0 -0.9999999999999989 -4.371138828433686e-8
vn 0 4.371138828433686e-8 -0.9999999999999989
vn 0 4.371138828433686e-8 -0.9999999999999989
vn 0 4.371138828433686e-8 -0.9999999999999989
vn 0 4.371138828433686e-8 -0.9999999999999989
vn 0 4.371138828433686e-8 -0.9999999999999989
vn 0 4.371138828433686e-8 -0.9999999999999989
vn 0 -0.9999999999999989 -4.371138828433686e-8
vn 0 -0.9999999999999989 -4.371138828433686e-8
vn 0 -0.9999999999999989 -4.371138828433686e-8
vn 0 -0.9999999999999989 -4.371138828433686e-8
vn 0 -0.9999999999999989 -4.371138828433686e-8
vn 0 -0.9999999999999989 -4.371138828433686e-8
vn 0 -4.371138828433686e-8 0.9999999999999989
vn 0 -4.371138828433686e-8 0.9999999999999989
vn 0 -4.371138828433686e-8 0.9999999999999989
vn 0 -4.371138828433686e-8 0.9999999999999989
vn 0 -4.371138828433686e-8 0.9999999999999989
vn 0 -4.371138828433686e-8 0.9999999999999989
vn 0 4.371138828433686e-8 -0.9999999999999989
vn 0 4.371138828433686e-8 -0.9999999999999989
vn 0 4.371138828433686e-8 -0.9999999999999989
vn 0 4.371138828433686e-8 -0.9999999999999989
vn 0 4.371138828433686e-8 -0.9999999999999989
vn 0 4.371138828433686e-8 -0.9999999999999989
vn 0.5752394357320343 -3.5755263455394816e-8 0.8179850802910095
vn 0.5752395154949154 -3.575526100351745e-8 0.8179850241985936
vn 0.57523944756727 -3.5755263091584696e-8 0.817985071968004
vn 0.5752395154949154 -3.575526100351745e-8 0.8179850241985936
vn 0.5752394357320343 -3.5755263455394816e-8 0.8179850802910095
vn 0.575239475613477 -3.575526222945614e-8 0.8179850522448017
vn -0.005151452096443434 0.80893759377777 0.5878719519711159
vn -0.005151451165145562 0.8089375937816509 0.5878719519739362
vn 0 0.8151726502622766 0.5792180507066198
vn -0.005151451165145562 0.8089375937816509 0.5878719519739362
vn -0.005151452096443434 0.80893759377777 0.5878719519711159
vn -0.013092622460893707 0.7991018811698563 0.6010530481978221
vn 0.3928544813198742 0.7969427483228696 0.45885467460023105
vn 0.3885421345275831 0.8016224674774758 0.45435275869314673
vn 0.3928544218282746 0.796942809009047 0.458854620134462
vn 0.3928544218282746 0.796942809009047 0.458854620134462
vn 0.3971046702515576 0.7922571489770052 0.4632887768543817
vn 0.3928544813198742 0.7969427483228696 0.45885467460023105
vn 0.5921407414766147 0.8058320383855752 -0.002016976666737335
vn 0.5921407414760584 0.8058320383848182 -0.002016977132396733
vn 0.5752399348959358 0.817984729258999 3.5755248111298314e-8
vn 0.5921407414760584 0.8058320383848182 -0.002016977132396733
vn 0.5921407414766147 0.8058320383855752 -0.002016976666737335
vn 0.6114344276240633 0.7912831068753879 -0.004357234176320994
vn 0 -0.997447006577833 0.07141056692759364
vn 0 -0.997447006577833 0.07141056692759364
vn 0 -0.9974470060471411 0.07141057434018011
vn 0 -0.9974470063510933 0.07141057009464245
vn 0 -0.9974470060471411 0.07141057434018011
vn 0 -0.997447006577833 0.07141056692759364
vn -0.799674390398288 -0.6004268515636096 -0.0029095124226199334
vn -0.7996743903955796 -0.6004268515615759 -0.0029095135867632954
vn -0.8173703398875455 -0.5761125996470808 -2.5182681538672296e-8
vn -0.7996743903955796 -0.6004268515615759 -0.0029095135867632954
vn -0.799674390398288 -0.6004268515636096 -0.0029095124226199334
vn -0.777485202807929 -0.6288687076801404 -0.006395929598092542
vn -0.8002594688646906 -0.3075211265177428 0.5147965998699505
vn -0.8185583440881397 -0.29553842034528716 0.49256398510599114
vn -0.8002593015627467 -0.3075212501508329 0.5147967860893982
vn -0.8002594688646906 -0.3075211265177428 0.5147965998699505
vn -0.8002593015627467 -0.3075212501508329 0.5147967860893982
vn -0.7785863065296426 -0.32073597591904945 0.5393809387026799
vn 0.5922330391794399 -0.4145617926812561 0.6909403355957643
vn 0.5922334323484622 -0.4145635460946516 0.6909389465489604
vn 0.5922334152748051 -0.4145646964336239 0.6909382709785569
vn 0.5922330391794399 -0.4145617926812561 0.6909403355957643
vn 0.5922334152748051 -0.4145646964336239 0.6909382709785569
vn 0.5922311907373681 -0.41456334191327987 0.6909409904322453
vn 0.5922334323484622 -0.4145635460946516 0.6909389465489604
vn 0.5922350451800963 -0.4145626425585094 0.6909381062406638
vn 0.5922334152748051 -0.4145646964336239 0.6909382709785569
vn 0.5922334152748051 -0.4145646964336239 0.6909382709785569
vn 0.5922350451800963 -0.4145626425585094 0.6909381062406638
vn 0.5922355840364881 -0.41456155348348295 0.6909382978054704
vn 0.5922330391794399 -0.4145617926812561 0.6909403355957643
vn 0.5922355840364881 -0.41456155348348295 0.6909382978054704
vn 0.5922350451800963 -0.4145626425585094 0.6909381062406638
vn 0.5922355840364881 -0.41456155348348295 0.6909382978054704
vn 0.5922330391794399 -0.4145617926812561 0.6909403355957643
vn 0.5922311907373681 -0.41456334191327987 0.6909409904322453
vn 0.9997296244036945 0.0119618976685843 -0.01993968640210014
vn 0.9997296245979513 0.011961891864827453 -0.019939680144213327
vn 0.9997290850470754 0.011975252582752583 -0.019958703277437068
vn 0.9997296245979513 0.011961891864827453 -0.019939680144213327
vn 0.9997296244036945 0.0119618976685843 -0.01993968640210014
vn 0.999730252992755 0.011946313304659284 -0.019917501084949517
vn -0.12421299144365501 0.08694933988705181 0.9884386400024154
vn -0.12421299160459115 0.08694932509854666 0.9884386412830819
vn -0.12421272985559498 0.08694911356205444 0.9884386927840259
vn -0.12421299160459115 0.08694932509854666 0.9884386412830819
vn -0.12421299144365501 0.08694933988705181 0.9884386400024154
vn -0.12421326073456777 0.08694953956658415 0.9884385885966034
vn 0.11849680372140353 -0.9832835734391279 0.13824587412501857
vn 0.11849681841333083 -0.9832835717029045 0.13824587388091225
vn 0.11849427707859927 -0.9832842216561619 0.13824342928926547
vn 0.11849681841333083 -0.9832835717029045 0.13824587388091225
vn 0.11849680372140353 -0.9832835734391279 0.13824587412501857
vn 0.11849977744274313 -0.9832828063748916 0.13824878094774537
vn 0 4.371138828433686e-8 -0.9999999999999989
vn 0 4.371138828433686e-8 -0.9999999999999989
vn 0 4.371138828433686e-8 -0.9999999999999989
vn 0 4.371138828433686e-8 -0.9999999999999989
vn 0 4.371138828433686e-8 -0.9999999999999989
vn 0 4.371138828433686e-8 -0.9999999999999989
vn 0 4.371138828433686e-8 -0.9999999999999989
vn 0 4.371138828433686e-8 -0.9999999999999989
vn 0 4.371138828433686e-8 -0.9999999999999989
vn 0 4.371138828433686e-8 -0.9999999999999989
vn 0 4.371138828433686e-8 -0.9999999999999989
vn 0 4.371138828433686e-8 -0.9999999999999989
vn 0 4.371138828433686e-8 -0.9999999999999989
vn 0 4.371138828433686e-8 -0.9999999999999989
vn 0 4.371138828433686e-8 -0.9999999999999989
vn 0 4.371138828433686e-8 -0.9999999999999989
vn 0 4.371138828433686e-8 -0.9999999999999989
vn 0 4.371138828433686e-8 -0.9999999999999989
vn 0 4.371138828433686e-8 -0.9999999999999989
vn 0 4.371138828433686e-8 -0.9999999999999989
vn 0 4.371138828433686e-8 -0.9999999999999989
vn 0 4.371138828433686e-8 -0.9999999999999989
vn 0 4.371138828433686e-8 -0.9999999999999989
vn 0 4.371138828433686e-8 -0.9999999999999989
vn -0.8193096330499704 2.506198175429098e-8 -0.5733513104472007
vn -0.8193096050505548 2.50619835032144e-8 -0.5733513504579046
vn -0.8193096134560317 2.506198297818434e-8 -0.573351338446617
vn -0.8193096134560317 2.506198297818434e-8 -0.573351338446617
vn -0.8193095938620901 2.5061984202077796e-8 -0.5733513664460356
vn -0.8193096330499704 2.506198175429098e-8 -0.5733513104472007
vn -0.6712085401660318 0.46984614026857696 -0.5733443119826912
vn -0.6712074105572107 0.46984527801691955 -0.5733463410001737
vn -0.671208285774194 0.46984602179896356 -0.5733447068803861
vn -0.671208285774194 0.46984602179896356 -0.5733447068803861
vn -0.6712092633835626 0.4698467716905422 -0.5733429478768103
vn -0.6712085401660318 0.46984614026857696 -0.5733443119826912
vn 0 0.8193083310619507 -0.573353170962262
vn 0 0.8193083310619507 -0.573353170962262
vn 0 0.8193083310619507 -0.573353170962262
vn 0 0.8193083310619507 -0.573353170962262
vn 0 0.8193083310619507 -0.573353170962262
vn 0 0.8193083114678842 -0.5733531989617261
vn 0 0.8193083114678842 -0.5733531989617261
vn 0 0.8193083114678842 -0.5733531989617261
vn 0 0.8193083394673465 -0.573353158951147
vn 0 0.8193083114678842 -0.5733531989617261
vn 0 0.8193083394673465 -0.573353158951147
vn 0 0.8193083114678842 -0.5733531989617261
vn 0.6499201615596983 -3.322076390271437e-8 0.7600024892052754
vn 0.6499201615596983 -3.322076390271437e-8 0.7600024892052754
vn 0.6499201615596983 -3.322076390271437e-8 0.7600024892052754
vn 0.6499201615596983 -3.322076390271437e-8 0.7600024892052754
vn 0.6499201615596983 -3.322076390271437e-8 0.7600024892052754
vn 0.6499201615596983 -3.322076390271437e-8 0.7600024892052754
vn 0 4.371138828433686e-8 -0.9999999999999989
vn 0 4.371138828433686e-8 -0.9999999999999989
vn 0 4.371138828433686e-8 -0.9999999999999989
vn 0 4.371138828433686e-8 -0.9999999999999989
vn 0 4.371138828433686e-8 -0.9999999999999989
vn 0 4.371138828433686e-8 -0.9999999999999989
vn 0 4.371138828433686e-8 -0.9999999999999989
vn 0 4.371138828433686e-8 -0.9999999999999989
vn 0 4.371138828433686e-8 -0.9999999999999989
vn 0 4.371138828433686e-8 -0.9999999999999989
vn 0 4.371138828433686e-8 -0.9999999999999989
vn 0 4.371138828433686e-8 -0.9999999999999989
vn 1 0 0
vn 1 0 0
vn 1 0 0
vn 1 0 0
vn 1 0 0
vn 1 0 0
vn 0.9999746088485703 3.1149281878025837e-10 -0.007126125044440089
vn 0.9999746088482788 3.1149282056797853e-10 -0.007126125085338359
vn 0.9999746088485703 3.1149281878025837e-10 -0.007126125044440089
vn 0.9999746088485703 3.1149281878025837e-10 -0.007126125044440089
vn 0.9999746088485703 3.1149281878025837e-10 -0.007126125044440089
vn 0.9999746088485703 3.1149281878025837e-10 -0.007126125044440089
vn -0.02177764115737521 -4.3701021649972193e-8 0.9997628390501513
vn -0.021777643019136976 -4.3701021648199506e-8 0.9997628390095968
vn -0.021777644880898752 -4.370102164642682e-8 0.9997628389690425
vn -0.021777644880898752 -4.370102164642682e-8 0.9997628389690425
vn -0.021777643019136976 -4.3701021648199506e-8 0.9997628390095968
vn -0.02177764115737521 -4.3701021649972193e-8 0.9997628390501513
vn 0 4.371138828433686e-8 -0.9999999999999989
vn 0 4.371138828433686e-8 -0.9999999999999989
vn 0 4.371138828433686e-8 -0.9999999999999989
vn 0 4.371138828433686e-8 -0.9999999999999989
vn 0 4.371138828433686e-8 -0.9999999999999989
vn 0 4.371138828433686e-8 -0.9999999999999989
vn 0.5752394357320343 -3.5755263455394816e-8 0.8179850802910095
vn 0.5752394357320343 -3.5755263455394816e-8 0.8179850802910095
vn 0.575239475613477 -3.575526222945614e-8 0.8179850522448017
vn 0.575239475613477 -3.575526222945614e-8 0.8179850522448017
vn 0.5752394357320343 -3.5755263455394816e-8 0.8179850802910095
vn 0.575239475613477 -3.575526222945614e-8 0.8179850522448017
vn 0.8152179276118626 -2.5315639513758302e-8 0.5791543235617078
vn 0.8152179276118626 -2.5315639513758302e-8 0.5791543235617078
vn 0.8152179276118626 -2.5315639513758302e-8 0.5791543235617078
vn 0.8152179276118626 -2.5315639513758302e-8 0.5791543235617078
vn 0.8152179476044354 -2.5315638283651783e-8 0.579154295420151
vn 0.8152179276118626 -2.5315639513758302e-8 0.5791543235617078
vn 0 4.371138828433686e-8 -0.9999999999999989
vn 0 4.371138828433686e-8 -0.9999999999999989
vn 0 4.371138828433686e-8 -0.9999999999999989
vn 0 4.371138828433686e-8 -0.9999999999999989
vn 0 4.371138828433686e-8 -0.9999999999999989
vn 0 4.371138828433686e-8 -0.9999999999999989
vn -0.8193095854566141 2.5061984727107767e-8 -0.5733513784573212
vn -0.8193096134560317 2.506198297818434e-8 -0.573351338446617
vn -0.8193096330499704 2.506198175429098e-8 -0.5733513104472007
vn -0.8193096330499704 2.506198175429098e-8 -0.5733513104472007
vn -0.8193096134560317 2.506198297818434e-8 -0.573351338446617
vn -0.8193095854566141 2.5061984727107767e-8 -0.5733513784573212
vn 0 -0.5111024171399088 0.8595198189650675
vn 0 -0.5111024171399088 0.8595198189650675
vn 0 -0.5111024171399088 0.8595198189650675
vn 0 -0.5111024171399088 0.8595198189650675
vn 0 -0.5111024171399088 0.8595198189650675
vn 0 -0.5111024171399088 0.8595198189650675
vn 0 -0.999948284144869 -0.010170006673164365
vn 0 -0.9999482841481754 -0.01017000634808379
vn 0 -0.9999482841481754 -0.01017000634808379
vn 0 -0.9999482841481754 -0.01017000634808379
vn 0 -0.999948284144869 -0.010170006673164365
vn 0 -0.9999482841387042 -0.010170007279310058
vn 0 4.371138828433686e-8 -0.9999999999999989
vn 0 4.371138828433686e-8 -0.9999999999999989
vn 0 4.371138828433686e-8 -0.9999999999999989
vn 0 4.371138828433686e-8 -0.9999999999999989
vn 0 4.371138828433686e-8 -0.9999999999999989
vn 0 4.371138828433686e-8 -0.9999999999999989
vn 0 -0.9999999999999989 -4.371138828433686e-8
vn 0 -0.9999999999999989 -4.371138828433686e-8
vn 0 -0.9999999999999989 -4.371138828433686e-8
vn 0 -0.9999999999999989 -4.371138828433686e-8
vn 0 -0.9999999999999989 -4.371138828433686e-8
vn 0 -0.9999999999999989 -4.371138828433686e-8
vn 0 -4.371138828433686e-8 0.9999999999999989
vn 0 -4.371138828433686e-8 0.9999999999999989
vn 0 -4.371138828433686e-8 0.9999999999999989
vn 0 -4.371138828433686e-8 0.9999999999999989
vn 0 -4.371138828433686e-8 0.9999999999999989
vn 0 -4.371138828433686e-8 0.9999999999999989
vn 0 4.371138828433686e-8 -0.9999999999999989
vn 0 4.371138828433686e-8 -0.9999999999999989
vn 0 4.371138828433686e-8 -0.9999999999999989
vn 0 4.371138828433686e-8 -0.9999999999999989
vn 0 4.371138828433686e-8 -0.9999999999999989
vn 0 4.371138828433686e-8 -0.9999999999999989
vn 0 -0.9974470063510933 0.07141057009464245
vn 0 -0.9974470063510933 0.07141057009464245
vn 0 -0.997447006577833 0.07141056692759364
vn 0 -0.9974470063510933 0.07141057009464245
vn 0 -0.9974470063510933 0.07141057009464245
vn 0 -0.997447006577833 0.07141056692759364
vn 0 -0.5760812359016768 0.8173924453051892
vn 0 -0.5760812757253547 0.8173924172382859
vn 0 -0.5760812476584549 0.8173924370192558
vn 0 -0.5760812359016768 0.8173924453051892
vn 0 -0.5760812476584549 0.8173924370192558
vn 0 -0.5760812359016768 0.8173924453051892
vn 0 4.371138828433686e-8 -0.9999999999999989
vn 0 4.371138828433686e-8 -0.9999999999999989
vn 0 4.371138828433686e-8 -0.9999999999999989
vn 0 4.371138828433686e-8 -0.9999999999999989
vn 0 4.371138828433686e-8 -0.9999999999999989
vn 0 4.371138828433686e-8 -0.9999999999999989
vn 0 0.8193083114678842 -0.5733531989617261
vn 0 0.8193083030624903 -0.573353210972837
vn 0 0.8193082918738145 -0.5733532269611923
vn 0 0.8193083030624903 -0.573353210972837
vn 0 0.8193083114678842 -0.5733531989617261
vn 0 0.8193083114678842 -0.5733531989617261
vn 0 -4.371138828433686e-8 0.9999999999999989
vn 0 -4.371138828433686e-8 0.9999999999999989
vn 0 -4.371138828433686e-8 0.9999999999999989
vn 0 -4.371138828433686e-8 0.9999999999999989
vn 0 -4.371138828433686e-8 0.9999999999999989
vn 0 -4.371138828433686e-8 0.9999999999999989
vn 0 4.371138828433686e-8 -0.9999999999999989
vn 0 4.371138828433686e-8 -0.9999999999999989
vn 0 4.371138828433686e-8 -0.9999999999999989
vn 0 4.371138828433686e-8 -0.9999999999999989
vn 0 4.371138828433686e-8 -0.9999999999999989
vn 0 4.371138828433686e-8 -0.9999999999999989
vn 0 -0.5111024171399088 0.8595198189650675
vn 0 -0.5111024611742889 0.8595197927805875
vn 0 -0.5111024611742889 0.8595197927805875
vn 0 -0.5111024611742889 0.8595197927805875
vn 0 -0.5111024171399088 0.8595198189650675
vn 0 -0.5111024171399088 0.8595198189650675
vn 0 -0.9999482841481754 -0.01017000634808379
vn 0 -0.9999482841481754 -0.01017000634808379
vn 0 -0.9999482841481754 -0.01017000634808379
vn 0 -0.9999482841481754 -0.01017000634808379
vn 0 -0.9999482841481754 -0.01017000634808379
vn 0 -0.9999482841481754 -0.01017000634808379
vn 0 -4.371138828433686e-8 0.9999999999999989
vn 0 -4.371138828433686e-8 0.9999999999999989
vn 0 -4.371138828433686e-8 0.9999999999999989
vn 0 -4.371138828433686e-8 0.9999999999999989
vn 0 -4.371138828433686e-8 0.9999999999999989
vn 0 -4.371138828433686e-8 0.9999999999999989
vn 0 4.371138828433686e-8 -0.9999999999999989
vn 0 4.371138828433686e-8 -0.9999999999999989
vn 0 4.371138828433686e-8 -0.9999999999999989
vn 0 4.371138828433686e-8 -0.9999999999999989
vn 0 4.371138828433686e-8 -0.9999999999999989
vn 0 4.371138828433686e-8 -0.9999999999999989
vn 0 -0.9999999999999989 -4.371138828433686e-8
vn 0 -0.9999999999999989 -4.371138828433686e-8
vn 0 -0.9999999999999989 -4.371138828433686e-8
vn 0 -0.9999999999999989 -4.371138828433686e-8
vn 0 -0.9999999999999989 -4.371138828433686e-8
vn 0 -0.9999999999999989 -4.371138828433686e-8
vn 0 -4.371138828433686e-8 0.9999999999999989
vn 0 -4.371138828433686e-8 0.9999999999999989
vn 0 -4.371138828433686e-8 0.9999999999999989
vn 0 -4.371138828433686e-8 0.9999999999999989
vn 0 -4.371138828433686e-8 0.9999999999999989
vn 0 -4.371138828433686e-8 0.9999999999999989
vn 0 4.371138828433686e-8 -0.9999999999999989
vn 0 4.371138828433686e-8 -0.9999999999999989
vn 0 4.371138828433686e-8 -0.9999999999999989
vn 0 4.371138828433686e-8 -0.9999999999999989
vn 0 4.371138828433686e-8 -0.9999999999999989
vn 0 4.371138828433686e-8 -0.9999999999999989
vn 0 -0.9974470062738808 0.07141057117313136
vn 0 -0.997447006577833 0.07141056692759364
vn 0 -0.9974470062738808 0.07141057117313136
vn 0 -0.9974470062738808 0.07141057117313136
vn 0 -0.997447006577833 0.07141056692759364
vn 0 -0.9974470063510933 0.07141057009464245
vn 0 -0.5760812476584549 0.8173924370192558
vn 0 -0.5760812359016768 0.8173924453051892
vn 0 -0.5760812359016768 0.8173924453051892
vn 0 -0.5760812359016768 0.8173924453051892
vn 0 -0.5760812476584549 0.8173924370192558
vn 0 -0.5760812476584549 0.8173924370192558
vn 0 4.371138828433686e-8 -0.9999999999999989
vn 0 4.371138828433686e-8 -0.9999999999999989
vn 0 4.371138828433686e-8 -0.9999999999999989
vn 0 4.371138828433686e-8 -0.9999999999999989
vn 0 4.371138828433686e-8 -0.9999999999999989
vn 0 4.371138828433686e-8 -0.9999999999999989
vn 0 0.8193082918738145 -0.5733532269611923
vn 0 0.8193083114678842 -0.5733531989617261
vn 0 0.8193083310619507 -0.573353170962262
vn 0 0.8193083114678842 -0.5733531989617261
vn 0 0.8193082918738145 -0.5733532269611923
vn 0 0.8193083030624903 -0.573353210972837
vn 0 -4.371138828433686e-8 0.9999999999999989
vn 0 -4.371138828433686e-8 0.9999999999999989
vn 0 -4.371138828433686e-8 0.9999999999999989
vn 0 -4.371138828433686e-8 0.9999999999999989
vn 0 -4.371138828433686e-8 0.9999999999999989
vn 0 -4.371138828433686e-8 0.9999999999999989
vn 0 4.371138828433686e-8 -0.9999999999999989
vn 0 4.371138828433686e-8 -0.9999999999999989
vn 0 4.371138828433686e-8 -0.9999999999999989
vn 0 4.371138828433686e-8 -0.9999999999999989
vn 0 4.371138828433686e-8 -0.9999999999999989
vn 0 4.371138828433686e-8 -0.9999999999999989
vn 0.6499201615596983 -3.322076390271437e-8 0.7600024892052754
vn 0.6499201615596983 -3.322076390271437e-8 0.7600024892052754
vn 0.6499201615596983 -3.322076390271437e-8 0.7600024892052754
vn 0.6499201615596983 -3.322076390271437e-8 0.7600024892052754
vn 0.6499201615596983 -3.322076390271437e-8 0.7600024892052754
vn 0.6499201615596983 -3.322076390271437e-8 0.7600024892052754
vn 0 4.371138828433686e-8 -0.9999999999999989
vn 0 4.371138828433686e-8 -0.9999999999999989
vn 0 4.371138828433686e-8 -0.9999999999999989
vn 0 4.371138828433686e-8 -0.9999999999999989
vn 0 4.371138828433686e-8 -0.9999999999999989
vn 0 4.371138828433686e-8 -0.9999999999999989
vn 1 0 0
vn 1 0 0
vn 1 0 0
vn 1 0 0
vn 1 0 0
vn 1 0 0
vn 0.9999746088485703 3.1149281878025837e-10 -0.007126125044440089
vn 0.9999746088485703 3.1149281878025837e-10 -0.007126125044440089
vn 0.9999746088485703 3.1149281878025837e-10 -0.007126125044440089
vn 0.9999746088485703 3.1149281878025837e-10 -0.007126125044440089
vn 0.9999746088485703 3.1149281878025837e-10 -0.007126125044440089
vn 0.9999746088485703 3.1149281878025837e-10 -0.007126125044440089
vn -0.021777643019136976 -4.3701021648199506e-8 0.9997628390095968
vn -0.021777643019136976 -4.3701021648199506e-8 0.9997628390095968
vn -0.02177764115737521 -4.3701021649972193e-8 0.9997628390501513
vn -0.02177764115737521 -4.3701021649972193e-8 0.9997628390501513
vn -0.021777643019136976 -4.3701021648199506e-8 0.9997628390095968
vn -0.021777643019136976 -4.3701021648199506e-8 0.9997628390095968
vn 0 4.371138828433686e-8 -0.9999999999999989
vn 0 4.371138828433686e-8 -0.9999999999999989
vn 0 4.371138828433686e-8 -0.9999999999999989
vn 0 4.371138828433686e-8 -0.9999999999999989
vn 0 4.371138828433686e-8 -0.9999999999999989
vn 0 4.371138828433686e-8 -0.9999999999999989
vn 0.5752394357320343 -3.5755263455394816e-8 0.8179850802910095
vn 0.575239475613477 -3.575526222945614e-8 0.8179850522448017
vn 0.575239475613477 -3.575526222945614e-8 0.8179850522448017
vn 0.575239475613477 -3.575526222945614e-8 0.8179850522448017
vn 0.575239475613477 -3.575526222945614e-8 0.8179850522448017
vn 0.575239475613477 -3.575526222945614e-8 0.8179850522448017
vn 0.8152179476044354 -2.5315638283651783e-8 0.579154295420151
vn 0.8152179276118626 -2.5315639513758302e-8 0.5791543235617078
vn 0.8152179476044354 -2.5315638283651783e-8 0.579154295420151
vn 0.8152179476044354 -2.5315638283651783e-8 0.579154295420151
vn 0.8152179276118626 -2.5315639513758302e-8 0.5791543235617078
vn 0.8152179476044354 -2.5315638283651783e-8 0.579154295420151
vn 0 4.371138828433686e-8 -0.9999999999999989
vn 0 4.371138828433686e-8 -0.9999999999999989
vn 0 4.371138828433686e-8 -0.9999999999999989
vn 0 4.371138828433686e-8 -0.9999999999999989
vn 0 4.371138828433686e-8 -0.9999999999999989
vn 0 4.371138828433686e-8 -0.9999999999999989
vn -0.8193096134560317 2.506198297818434e-8 -0.573351338446617
vn -0.8193096134560317 2.506198297818434e-8 -0.573351338446617
vn -0.8193095854566141 2.5061984727107767e-8 -0.5733513784573212
vn -0.8193095854566141 2.5061984727107767e-8 -0.5733513784573212
vn -0.8193096134560317 2.506198297818434e-8 -0.573351338446617
vn -0.8193096050505548 2.50619835032144e-8 -0.5733513504579046
vn 0 -4.371138828433686e-8 0.9999999999999989
vn 0 -4.371138828433686e-8 0.9999999999999989
vn 0 -4.371138828433686e-8 0.9999999999999989
vn 0 -4.371138828433686e-8 0.9999999999999989
vn 0 -4.371138828433686e-8 0.9999999999999989
vn 0 -4.371138828433686e-8 0.9999999999999989
vn 0 4.371138828433686e-8 -0.9999999999999989
vn 0 4.371138828433686e-8 -0.9999999999999989
vn 0 4.371138828433686e-8 -0.9999999999999989
vn 0 4.371138828433686e-8 -0.9999999999999989
vn 0 4.371138828433686e-8 -0.9999999999999989
vn 0 4.371138828433686e-8 -0.9999999999999989
vn 0 -4.371138828433686e-8 0.9999999999999989
vn 0 -4.371138828433686e-8 0.9999999999999989
vn 0 -4.371138828433686e-8 0.9999999999999989
vn 0 -4.371138828433686e-8 0.9999999999999989
vn 0 -4.371138828433686e-8 0.9999999999999989
vn 0 -4.371138828433686e-8 0.9999999999999989
vn 0 4.371138828433686e-8 -0.9999999999999989
vn 0 4.371138828433686e-8 -0.9999999999999989
vn 0 4.371138828433686e-8 -0.9999999999999989
vn 0 4.371138828433686e-8 -0.9999999999999989
vn 0 4.371138828433686e-8 -0.9999999999999989
vn 0 4.371138828433686e-8 -0.9999999999999989
vn 0 -0.9999999999999989 -4.371138828433686e-8
vn 0 -0.9999999999999989 -4.371138828433686e-8
vn 0 -0.9999999999999989 -4.371138828433686e-8
vn 0 -0.9999999999999989 -4.371138828433686e-8
vn 0 -0.9999999999999989 -4.371138828433686e-8
vn 0 -0.9999999999999989 -4.371138828433686e-8
vn 0 -4.371138828433686e-8 0.9999999999999989
vn 0 -4.371138828433686e-8 0.9999999999999989
vn 0 -4.371138828433686e-8 0.9999999999999989
vn 0 -4.371138828433686e-8 0.9999999999999989
vn 0 -4.371138828433686e-8 0.9999999999999989
vn 0 -4.371138828433686e-8 0.9999999999999989
vn 0 4.371138828433686e-8 -0.9999999999999989
vn 0 4.371138828433686e-8 -0.9999999999999989
vn 0 4.371138828433686e-8 -0.9999999999999989
vn 0 4.371138828433686e-8 -0.9999999999999989
vn 0 4.371138828433686e-8 -0.9999999999999989
vn 0 4.371138828433686e-8 -0.9999999999999989
vn 0 4.371138828433686e-8 -0.9999999999999989
vn 0 4.371138828433686e-8 -0.9999999999999989
vn 0 4.371138828433686e-8 -0.9999999999999989
vn 0 4.371138828433686e-8 -0.9999999999999989
vn 0 4.371138828433686e-8 -0.9999999999999989
vn 0 4.371138828433686e-8 -0.9999999999999989
vn 0 4.371138828433686e-8 -0.9999999999999989
vn 0 4.371138828433686e-8 -0.9999999999999989
vn 0 4.371138828433686e-8 -0.9999999999999989
vn 0 4.371138828433686e-8 -0.9999999999999989
vn 0 4.371138828433686e-8 -0.9999999999999989
vn 0 4.371138828433686e-8 -0.9999999999999989
vn 0 -0.5751875412673334 0.8180215720693677
vn 0 -0.575187513222408 0.8180215917890079
vn 0 -0.5751875412673334 0.8180215720693677
vn 0 -0.5751875412673334 0.8180215720693677
vn 0 -0.5751875412673334 0.8180215720693677
vn 0 -0.5751875294272556 0.8180215803946557
vn 0.575198785536159 -3.575651295918589e-8 0.8180136656057322
vn 0.5751987736971332 -3.575651332307408e-8 0.8180136739305235
vn 0.5751987338128992 -3.575651454896894e-8 0.8180137019757288
vn 0.575198785536159 -3.575651295918589e-8 0.8180136656057322
vn 0.5751987338128992 -3.575651454896894e-8 0.8180137019757288
vn 0.575198785536159 -3.575651295918589e-8 0.8180136656057322
vn 0 0.5751874697536142 0.8180216223538564
vn 0 0.5751874697536142 0.8180216223538564
vn 0 0.5751874579135354 0.8180216306791432
vn 0 0.5751874697536142 0.8180216223538564
vn 0 0.5751874697536142 0.8180216223538564
vn 0 0.575187441708687 0.8180216420734943
vn 0.575187653210398 -3.5756855121068905e-8 0.8180214933571819
vn 0.5751876413703341 -3.5756855484978465e-8 0.8180215016824622
vn 0.575187653210398 -3.5756855121068905e-8 0.8180214933571819
vn 0.575187653210398 -3.5756855121068905e-8 0.8180214933571819
vn 0.5751876413703341 -3.5756855484978465e-8 0.8180215016824622
vn 0.575187653210398 -3.5756855121068905e-8 0.8180214933571819
vn 0 0.5751764850203828 0.8180293460992688
vn 0 0.5751764850203828 0.8180293460992688
vn 0 0.5751764850203828 0.8180293460992688
vn 0 0.5751764850203828 0.8180293460992688
vn 0 0.5751764850203828 0.8180293460992688
vn 0 0.5751764850203828 0.8180293460992688
vn -0.575187653210398 -3.5756855121068905e-8 0.8180214933571819
vn -0.575187653210398 -3.5756855121068905e-8 0.8180214933571819
vn -0.5751876413703341 -3.5756855484978465e-8 0.8180215016824622
vn -0.575187653210398 -3.5756855121068905e-8 0.8180214933571819
vn -0.575187653210398 -3.5756855121068905e-8 0.8180214933571819
vn -0.5751876413703341 -3.5756855484978465e-8 0.8180215016824622
vn 0 0.5751874697536142 0.8180216223538564
vn 0 0.5751874579135354 0.8180216306791432
vn 0 0.5751874697536142 0.8180216223538564
vn 0 0.5751874697536142 0.8180216223538564
vn 0 0.575187441708687 0.8180216420734943
vn 0 0.5751874697536142 0.8180216223538564
vn -0.575198785536159 -3.575651295918589e-8 0.8180136656057322
vn -0.5751987736971332 -3.575651332307408e-8 0.8180136739305235
vn -0.5751987338128992 -3.575651454896894e-8 0.8180137019757288
vn -0.575198785536159 -3.575651295918589e-8 0.8180136656057322
vn -0.5751987338128992 -3.575651454896894e-8 0.8180137019757288
vn -0.575198785536159 -3.575651295918589e-8 0.8180136656057322
vn 0 -0.5751875412673334 0.8180215720693677
vn 0 -0.5751875412673334 0.8180215720693677
vn 0 -0.575187513222408 0.8180215917890079
vn 0 -0.5751875412673334 0.8180215720693677
vn 0 -0.5751875412673334 0.8180215720693677
vn 0 -0.5751875294272556 0.8180215803946557
vn -0.575187653210398 -3.5756855121068905e-8 0.8180214933571819
vn -0.5751876413703341 -3.5756855484978465e-8 0.8180215016824622
vn -0.575187653210398 -3.5756855121068905e-8 0.8180214933571819
vn -0.575187653210398 -3.5756855121068905e-8 0.8180214933571819
vn -0.5751876413703341 -3.5756855484978465e-8 0.8180215016824622
vn -0.575187653210398 -3.5756855121068905e-8 0.8180214933571819
vn 0 -0.5751765565347773 0.8180292958157405
vn 0 -0.5751765565347773 0.8180292958157405
vn 0 -0.5751765565347773 0.8180292958157405
vn 0 -0.5751765565347773 0.8180292958157405
vn 0 -0.5751765565347773 0.8180292958157405
vn 0 -0.5751765565347773 0.8180292958157405
vn 0.575187653210398 -3.5756855121068905e-8 0.8180214933571819
vn 0.575187653210398 -3.5756855121068905e-8 0.8180214933571819
vn 0.5751876413703341 -3.5756855484978465e-8 0.8180215016824622
vn 0.575187653210398 -3.5756855121068905e-8 0.8180214933571819
vn 0.575187653210398 -3.5756855121068905e-8 0.8180214933571819
vn 0.5751876413703341 -3.5756855484978465e-8 0.8180215016824622
vn -0.6829663417967108 3.192897679440447e-8 -0.7304498449399641
vn -0.6829663397293642 3.192897687889669e-8 -0.7304498468729211
vn -0.6829663417967108 3.192897679440447e-8 -0.7304498449399641
vn -0.6829663417967108 3.192897679440447e-8 -0.7304498449399641
vn -0.6829663397293642 3.192897687889669e-8 -0.7304498468729211
vn -0.6829663417967108 3.192897679440447e-8 -0.7304498449399641
vn 0 0.6829558065177168 -0.7304596952219438
vn 0 0.6829558065177168 -0.7304596952219438
vn 0 0.6829558383210493 -0.7304596654868717
vn 0 0.6829558065177168 -0.7304596952219438
vn 0 0.6829558383210493 -0.7304596654868717
vn 0 0.6829558085859814 -0.7304596932881845
vn 0.6829663417967108 3.192897679440447e-8 -0.7304498449399641
vn 0.6829663417967108 3.192897679440447e-8 -0.7304498449399641
vn 0.6829663397293642 3.192897687889669e-8 -0.7304498468729211
vn 0.6829663417967108 3.192897679440447e-8 -0.7304498449399641
vn 0.6829663417967108 3.192897679440447e-8 -0.7304498449399641
vn 0.6829663397293642 3.192897687889669e-8 -0.7304498468729211
vn 0 0.6829662188479969 -0.7304499598962751
vn 0 0.6829661891128714 -0.7304499876984332
vn 0 0.6829662188479969 -0.7304499598962751
vn 0 0.6829662188479969 -0.7304499598962751
vn 0 0.6829662188479969 -0.7304499598962751
vn 0 0.6829662188479969 -0.7304499598962751
vn 0.6829768770592509 3.192854621312818e-8 -0.730439994388582
vn 0.6829768770592509 3.192854621312818e-8 -0.730439994388582
vn 0.682976845257634 3.192854751289439e-8 -0.7304400241237669
vn 0.6829768770592509 3.192854621312818e-8 -0.730439994388582
vn 0.682976845257634 3.192854751289439e-8 -0.7304400241237669
vn 0.68297687499282 3.192854629758545e-8 -0.7304399963207389
vn 0 -0.6829661549900309 -0.7304500196030754
vn 0 -0.6829661549900309 -0.7304500196030754
vn 0 -0.6829661549900309 -0.7304500196030754
vn 0 -0.6829661549900309 -0.7304500196030754
vn 0 -0.6829661549900309 -0.7304500196030754
vn 0 -0.6829661252549029 -0.730450047405231
vn 0.6829663417967108 3.192897679440447e-8 -0.7304498449399641
vn 0.6829663397293642 3.192897687889669e-8 -0.7304498468729211
vn 0.6829663417967108 3.192897679440447e-8 -0.7304498449399641
vn 0.6829663417967108 3.192897679440447e-8 -0.7304498449399641
vn 0.6829663397293642 3.192897687889669e-8 -0.7304498468729211
vn 0.6829663417967108 3.192897679440447e-8 -0.7304498449399641
vn 0 -0.6829557426588995 -0.7304597549278339
vn 0 -0.6829557426588995 -0.7304597549278339
vn 0 -0.6829557744622345 -0.7304597251927646
vn 0 -0.6829557426588995 -0.7304597549278339
vn 0 -0.6829557744622345 -0.7304597251927646
vn 0 -0.682955744727164 -0.7304597529940746
vn -0.6829663417967108 3.192897679440447e-8 -0.7304498449399641
vn -0.6829663417967108 3.192897679440447e-8 -0.7304498449399641
vn -0.6829663397293642 3.192897687889669e-8 -0.7304498468729211
vn -0.6829663417967108 3.192897679440447e-8 -0.7304498449399641
vn -0.6829663417967108 3.192897679440447e-8 -0.7304498449399641
vn -0.6829663397293642 3.192897687889669e-8 -0.7304498468729211
vn 0 -0.6829661549900309 -0.7304500196030754
vn 0 -0.6829661549900309 -0.7304500196030754
vn 0 -0.6829661549900309 -0.7304500196030754
vn 0 -0.6829661549900309 -0.7304500196030754
vn 0 -0.6829661252549029 -0.730450047405231
vn 0 -0.6829661549900309 -0.7304500196030754
vn -0.6829768770592509 3.192854621312818e-8 -0.730439994388582
vn -0.6829768770592509 3.192854621312818e-8 -0.730439994388582
vn -0.682976845257634 3.192854751289439e-8 -0.7304400241237669
vn -0.6829768770592509 3.192854621312818e-8 -0.730439994388582
vn -0.682976845257634 3.192854751289439e-8 -0.7304400241237669
vn -0.68297687499282 3.192854629758545e-8 -0.7304399963207389
vn 0 0.6829662188479969 -0.7304499598962751
vn 0 0.6829662188479969 -0.7304499598962751
vn 0 0.6829661891128714 -0.7304499876984332
vn 0 0.6829662188479969 -0.7304499598962751
vn 0 0.6829662188479969 -0.7304499598962751
vn 0 0.6829662188479969 -0.7304499598962751
f 1/1/1 2/2/2 3/3/3
f 4/4/4 5/5/5 6/6/6
f 7/7/7 8/8/8 9/9/9
f 10/10/10 11/11/11 12/12/12
f 13/13/13 14/14/14 15/15/15
f 16/16/16 17/17/17 18/18/18
f 19/19/19 20/20/20 21/21/21
f 22/22/22 23/23/23 24/24/24
f 25/25/25 26/26/26 27/27/27
f 28/28/28 29/29/29 30/30/30
f 31/31/31 32/32/32 33/33/33
f 34/34/34 35/35/35 36/36/36
f 37/37/37 38/38/38 39/39/39
f 40/40/40 41/41/41 42/42/42
f 43/43/43 44/44/44 45/45/45
f 46/46/46 47/47/47 48/48/48
f 49/49/49 50/50/50 51/51/51
f 52/52/52 53/53/53 54/54/54
f 55/55/55 56/56/56 57/57/57
f 58/58/58 59/59/59 60/60/60
f 61/61/61 62/62/62 63/63/63
f 64/64/64 65/65/65 66/66/66
f 67/67/67 68/68/68 69/69/69
f 70/70/70 71/71/71 72/72/72
f 73/73/73 74/74/74 75/75/75
f 76/76/76 77/77/77 78/78/78
f 79/79/79 80/80/80 81/81/81
f 82/82/82 83/83/83 84/84/84
f 85/85/85 86/86/86 87/87/87
f 88/88/88 89/89/89 90/90/90
f 91/91/91 92/92/92 93/93/93
f 94/94/94 95/95/95 96/96/96
f 97/97/97 98/98/98 99/99/99
f 100/100/100 101/101/101 102/102/102
f 103/103/103 104/104/104 105/105/105
f 106/106/106 107/107/107 108/108/108
f 109/109/109 110/110/110 111/111/111
f 112/112/112 113/113/113 114/114/114
f 115/115/115 116/116/116 117/117/117
f 118/118/118 119/119/119 120/120/120
f 121/121/121 122/122/122 123/123/123
f 124/124/124 125/125/125 126/126/126
f 127/127/127 128/128/128 129/129/129
f 130/130/130 131/131/131 132/132/132
f 133/133/133 134/134/134 135/135/135
f 136/136/136 137/137/137 138/138/138
f 139/139/139 140/140/140 141/141/141
f 142/142/142 143/143/143 144/144/144
f 145/145/145 146/146/146 147/147/147
f 148/148/148 149/149/149 150/150/150
f 151/151/151 152/152/152 153/153/153
f 154/154/154 155/155/155 156/156/156
f 157/157/157 158/158/158 159/159/159
f 160/160/160 161/161/161 162/162/162
f 163/163/163 164/164/164 165/165/165
f 166/166/166 167/167/167 168/168/168
f 169/169/169 170/170/170 171/171/171
f 172/172/172 173/173/173 174/174/174
f 175/175/175 176/176/176 177/177/177
f 178/178/178 179/179/179 180/180/180
f 181/181/181 182/182/182 183/183/183
f 184/184/184 185/185/185 186/186/186
f 187/187/187 188/188/188 189/189/189
f 190/190/190 191/191/191 192/192/192
f 193/193/193 194/194/194 195/195/195
f 196/196/196 197/197/197 198/198/198
f 199/199/199 200/200/200 201/201/201
f 202/202/202 203/203/203 204/204/204
f 205/205/205 206/206/206 207/207/207
f 208/208/208 209/209/209 210/210/210
f 211/211/211 212/212/212 213/213/213
f 214/214/214 215/215/215 216/216/216
f 217/217/217 218/218/218 219/219/219
f 220/220/220 221/221/221 222/222/222
f 223/223/223 224/224/224 225/225/225
f 226/226/226 227/227/227 228/228/228
f 229/229/229 230/230/230 231/231/231
f 232/232/232 233/233/233 234/234/234
f 235/235/235 236/236/236 237/237/237
f 238/238/238 239/239/239 240/240/240
f 241/241/241 242/242/242 243/243/243
f 244/244/244 245/245/245 246/246/246
f 247/247/247 248/248/248 249/249/249
f 250/250/250 251/251/251 252/252/252
f 253/253/253 254/254/254 255/255/255
f 256/256/256 257/257/257 258/258/258
f 259/259/259 260/260/260 261/261/261
f 262/262/262 263/263/263 264/264/264
f 265/265/265 266/266/266 267/267/267
f 268/268/268 269/269/269 270/270/270
f 271/271/271 272/272/272 273/273/273
f 274/274/274 275/275/275 276/276/276
f 277/277/277 278/278/278 279/279/279
f 280/280/280 281/281/281 282/282/282
f 283/283/283 284/284/284 285/285/285
f 286/286/286 287/287/287 288/288/288
f 289/289/289 290/290/290 291/291/291
f 292/292/292 293/293/293 294/294/294
f 295/295/295 296/296/296 297/297/297
f 298/298/298 299/299/299 300/300/300
f 301/301/301 302/302/302 303/303/303
f 304/304/304 305/305/305 306/306/306
f 307/307/307 308/308/308 309/309/309
f 310/310/310 311/311/311 312/312/312
f 313/313/313 314/314/314 315/315/315
f 316/316/316 317/317/317 318/318/318
f 319/319/319 320/320/320 321/321/321
f 322/322/322 323/323/323 324/324/324
f 325/325/325 326/326/326 327/327/327
f 328/328/328 329/329/329 330/330/330
f 331/331/331 332/332/332 333/333/333
f 334/334/334 335/335/335 336/336/336
f 337/337/337 338/338/338 339/339/339
f 340/340/340 341/341/341 342/342/342
f 343/343/343 344/344/344 345/345/345
f 346/346/346 347/347/347 348/348/348
f 349/349/349 350/350/350 351/351/351
f 352/352/352 353/353/353 354/354/354
f 355/355/355 356/356/356 357/357/357
f 358/358/358 359/359/359 360/360/360
f 361/361/361 362/362/362 363/363/363
f 364/364/364 365/365/365 366/366/366
f 367/367/367 368/368/368 369/369/369
f 370/370/370 371/371/371 372/372/372
f 373/373/373 374/374/374 375/375/375
f 376/376/376 377/377/377 378/378/378
f 379/379/379 380/380/380 381/381/381
f 382/382/382 383/383/383 384/384/384
f 385/385/385 386/386/386 387/387/387
f 388/388/388 389/389/389 390/390/390
f 391/391/391 392/392/392 393/393/393
f 394/394/394 395/395/395 396/396/396
f 397/397/397 398/398/398 399/399/399
f 400/400/400 401/401/401 402/402/402
f 403/403/403 404/404/404 405/405/405
f 406/406/406 407/407/407 408/408/408
f 409/409/409 410/410/410 411/411/411
f 412/412/412 413/413/413 414/414/414
f 415/415/415 416/416/416 417/417/417
f 418/418/418 419/419/419 420/420/420
f 421/421/421 422/422/422 423/423/423
f 424/424/424 425/425/425 426/426/426
f 427/427/427 428/428/428 429/429/429
f 430/430/430 431/431/431 432/432/432
f 433/433/433 434/434/434 435/435/435
f 436/436/436 437/437/437 438/438/438
f 439/439/439 440/440/440 441/441/441
f 442/442/442 443/443/443 444/444/444
f 445/445/445 446/446/446 447/447/447
f 448/448/448 449/449/449 450/450/450
f 451/451/451 452/452/452 453/453/453
f 454/454/454 455/455/455 456/456/456
f 457/457/457 458/458/458 459/459/459
f 460/460/460 461/461/461 462/462/462
f 463/463/463 464/464/464 465/465/465
f 466/466/466 467/467/467 468/468/468
f 469/469/469 470/470/470 471/471/471
f 472/472/472 473/473/473 474/474/474
f 475/475/475 476/476/476 477/477/477
f 478/478/478 479/479/479 480/480/480
f 481/481/481 482/482/482 483/483/483
f 484/484/484 485/485/485 486/486/486
f 487/487/487 488/488/488 489/489/489
f 490/490/490 491/491/491 492/492/492
f 493/493/493 494/494/494 495/495/495
f 496/496/496 497/497/497 498/498/498
f 499/499/499 500/500/500 501/501/501
f 502/502/502 503/503/503 504/504/504
f 505/505/505 506/506/506 507/507/507
f 508/508/508 509/509/509 510/510/510
f 511/511/511 512/512/512 513/513/513
f 514/514/514 515/515/515 516/516/516
f 517/517/517 518/518/518 519/519/519
f 520/520/520 521/521/521 522/522/522
f 523/523/523 524/524/524 525/525/525
f 526/526/526 527/527/527 528/528/528
f 529/529/529 530/530/530 531/531/531
f 532/532/532 533/533/533 534/534/534
f 535/535/535 536/536/536 537/537/537
f 538/538/538 539/539/539 540/540/540
f 541/541/541 542/542/542 543/543/543
f 544/544/544 545/545/545 546/546/546
f 547/547/547 548/548/548 549/549/549
f 550/550/550 551/551/551 552/552/552
f 553/553/553 554/554/554 555/555/555
f 556/556/556 557/557/557 558/558/558
f 559/559/559 560/560/560 561/561/561
f 562/562/562 563/563/563 564/564/564
f 565/565/565 566/566/566 567/567/567
f 568/568/568 569/569/569 570/570/570
f 571/571/571 572/572/572 573/573/573
f 574/574/574 575/575/575 576/576/576
f 577/577/577 578/578/578 579/579/579
f 580/580/580 581/581/581 582/582/582
f 583/583/583 584/584/584 585/585/585
f 586/586/586 587/587/587 588/588/588
f 589/589/589 590/590/590 591/591/591
f 592/592/592 593/593/593 594/594/594
f 595/595/595 596/596/596 597/597/597
f 598/598/598 599/599/599 600/600/600
f 601/601/601 602/602/602 603/603/603
f 604/604/604 605/605/605 606/606/606
f 607/607/607 608/608/608 609/609/609
f 610/610/610 611/611/611 612/612/612
f 613/613/613 614/614/614 615/615/615
f 616/616/616 617/617/617 618/618/618
f 619/619/619 620/620/620 621/621/621
f 622/622/622 623/623/623 624/624/624
f 625/625/625 626/626/626 627/627/627
f 628/628/628 629/629/629 630/630/630
f 631/631/631 632/632/632 633/633/633
f 634/634/634 635/635/635 636/636/636
f 637/637/637 638/638/638 639/639/639
f 640/640/640 641/641/641 642/642/642
f 643/643/643 644/644/644 645/645/645
f 646/646/646 647/647/647 648/648/648
f 649/649/649 650/650/650 651/651/651
f 652/652/652 653/653/653 654/654/654
f 655/655/655 656/656/656 657/657/657
f 658/658/658 659/659/659 660/660/660
f 661/661/661 662/662/662 663/663/663
f 664/664/664 665/665/665 666/666/666
f 667/667/667 668/668/668 669/669/669
f 670/670/670 671/671/671 672/672/672
f 673/673/673 674/674/674 675/675/675
f 676/676/676 677/677/677 678/678/678
f 679/679/679 680/680/680 681/681/681
f 682/682/682 683/683/683 684/684/684
f 685/685/685 686/686/686 687/687/687
f 688/688/688 689/689/689 690/690/690
f 691/691/691 692/692/692 693/693/693
f 694/694/694 695/695/695 696/696/696
f 697/697/697 698/698/698 699/699/699
f 700/700/700 701/701/701 702/702/702
f 703/703/703 704/704/704 705/705/705
f 706/706/706 707/707/707 708/708/708
f 709/709/709 710/710/710 711/711/711
f 712/712/712 713/713/713 714/714/714
f 715/715/715 716/716/716 717/717/717
f 718/718/718 719/719/719 720/720/720
f 721/721/721 722/722/722 723/723/723
f 724/724/724 725/725/725 726/726/726
f 727/727/727 728/728/728 729/729/729
f 730/730/730 731/731/731 732/732/732
f 733/733/733 734/734/734 735/735/735
f 736/736/736 737/737/737 738/738/738
f 739/739/739 740/740/740 741/741/741
f 742/742/742 743/743/743 744/744/744
f 745/745/745 746/746/746 747/747/747
f 748/748/748 749/749/749 750/750/750
f 751/751/751 752/752/752 753/753/753
f 754/754/754 755/755/755 756/756/756
f 757/757/757 758/758/758 759/759/759
f 760/760/760 761/761/761 762/762/762
f 763/763/763 764/764/764 765/765/765
f 766/766/766 767/767/767 768/768/768
f 769/769/769 770/770/770 771/771/771
f 772/772/772 773/773/773 774/774/774
f 775/775/775 776/776/776 777/777/777
f 778/778/778 779/779/779 780/780/780
f 781/781/781 782/782/782 783/783/783
f 784/784/784 785/785/785 786/786/786
f 787/787/787 788/788/788 789/789/789
f 790/790/790 791/791/791 792/792/792
f 793/793/793 794/794/794 795/795/795
f 796/796/796 797/797/797 798/798/798
f 799/799/799 800/800/800 801/801/801
f 802/802/802 803/803/803 804/804/804
f 805/805/805 806/806/806 807/807/807
f 808/808/808 809/809/809 810/810/810
f 811/811/811 812/812/812 813/813/813
f 814/814/814 815/815/815 816/816/816
f 817/817/817 818/818/818 819/819/819
f 820/820/820 821/821/821 822/822/822
f 823/823/823 824/824/824 825/825/825
f 826/826/826 827/827/827 828/828/828
f 829/829/829 830/830/830 831/831/831
f 832/832/832 833/833/833 834/834/834
f 835/835/835 836/836/836 837/837/837
f 838/838/838 839/839/839 840/840/840
f 841/841/841 842/842/842 843/843/843
f 844/844/844 845/845/845 846/846/846
f 847/847/847 848/848/848 849/849/849
f 850/850/850 851/851/851 852/852/852
f 853/853/853 854/854/854 855/855/855
f 856/856/856 857/857/857 858/858/858
f 859/859/859 860/860/860 861/861/861
f 862/862/862 863/863/863 864/864/864
f 865/865/865 866/866/866 867/867/867
f 868/868/868 869/869/869 870/870/870
f 871/871/871 872/872/872 873/873/873
f 874/874/874 875/875/875 876/876/876
f 877/877/877 878/878/878 879/879/879
f 880/880/880 881/881/881 882/882/882
f 883/883/883 884/884/884 885/885/885
f 886/886/886 887/887/887 888/888/888
f 889/889/889 890/890/890 891/891/891
f 892/892/892 893/893/893 894/894/894
f 895/895/895 896/896/896 897/897/897
f 898/898/898 899/899/899 900/900/900
f 901/901/901 902/902/902 903/903/903
f 904/904/904 905/905/905 906/906/906
f 907/907/907 908/908/908 909/909/909
f 910/910/910 911/911/911 912/912/912
f 913/913/913 914/914/914 915/915/915
f 916/916/916 917/917/917 918/918/918
f 919/919/919 920/920/920 921/921/921
f 922/922/922 923/923/923 924/924/924
f 925/925/925 926/926/926 927/927/927
f 928/928/928 929/929/929 930/930/930
f 931/931/931 932/932/932 933/933/933
f 934/934/934 935/935/935 936/936/936
f 937/937/937 938/938/938 939/939/939
f 940/940/940 941/941/941 942/942/942
f 943/943/943 944/944/944 945/945/945
f 946/946/946 947/947/947 948/948/948
f 949/949/949 950/950/950 951/951/951
f 952/952/952 953/953/953 954/954/954
f 955/955/955 956/956/956 957/957/957
f 958/958/958 959/959/959 960/960/960
f 961/961/961 962/962/962 963/963/963
f 964/964/964 965/965/965 966/966/966
f 967/967/967 968/968/968 969/969/969
f 970/970/970 971/971/971 972/972/972
f 973/973/973 974/974/974 975/975/975
f 976/976/976 977/977/977 978/978/978
f 979/979/979 980/980/980 981/981/981
f 982/982/982 983/983/983 984/984/984
f 985/985/985 986/986/986 987/987/987
f 988/988/988 989/989/989 990/990/990
f 991/991/991 992/992/992 993/993/993
f 994/994/994 995/995/995 996/996/996
f 997/997/997 998/998/998 999/999/999
f 1000/1000/1000 1001/1001/1001 1002/1002/1002
f 1003/1003/1003 1004/1004/1004 1005/1005/1005
f 1006/1006/1006 1007/1007/1007 1008/1008/1008
f 1009/1009/1009 1010/1010/1010 1011/1011/1011
f 1012/1012/1012 1013/1013/1013 1014/1014/1014
f 1015/1015/1015 1016/1016/1016 1017/1017/1017
f 1018/1018/1018 1019/1019/1019 1020/1020/1020
f 1021/1021/1021 1022/1022/1022 1023/1023/1023
f 1024/1024/1024 1025/1025/1025 1026/1026/1026
f 1027/1027/1027 1028/1028/1028 1029/1029/1029
f 1030/1030/1030 1031/1031/1031 1032/1032/1032
f 1033/1033/1033 1034/1034/1034 1035/1035/1035
f 1036/1036/1036 1037/1037/1037 1038/1038/1038
f 1039/1039/1039 1040/1040/1040 1041/1041/1041
f 1042/1042/1042 1043/1043/1043 1044/1044/1044
f 1045/1045/1045 1046/1046/1046 1047/1047/1047
f 1048/1048/1048 1049/1049/1049 1050/1050/1050
f 1051/1051/1051 1052/1052/1052 1053/1053/1053
f 1054/1054/1054 1055/1055/1055 1056/1056/1056
f 1057/1057/1057 1058/1058/1058 1059/1059/1059
f 1060/1060/1060 1061/1061/1061 1062/1062/1062
f 1063/1063/1063 1064/1064/1064 1065/1065/1065
f 1066/1066/1066 1067/1067/1067 1068/1068/1068
f 1069/1069/1069 1070/1070/1070 1071/1071/1071
f 1072/1072/1072 1073/1073/1073 1074/1074/1074
f 1075/1075/1075 1076/1076/1076 1077/1077/1077
f 1078/1078/1078 1079/1079/1079 1080/1080/1080
f 1081/1081/1081 1082/1082/1082 1083/1083/1083
f 1084/1084/1084 1085/1085/1085 1086/1086/1086
f 1087/1087/1087 1088/1088/1088 1089/1089/1089
f 1090/1090/1090 1091/1091/1091 1092/1092/1092
f 1093/1093/1093 1094/1094/1094 1095/1095/1095
f 1096/1096/1096 1097/1097/1097 1098/1098/1098
f 1099/1099/1099 1100/1100/1100 1101/1101/1101
f 1102/1102/1102 1103/1103/1103 1104/1104/1104
f 1105/1105/1105 1106/1106/1106 1107/1107/1107
f 1108/1108/1108 1109/1109/1109 1110/1110/1110
f 1111/1111/1111 1112/1112/1112 1113/1113/1113
f 1114/1114/1114 1115/1115/1115 1116/1116/1116
f 1117/1117/1117 1118/1118/1118 1119/1119/1119
f 1120/1120/1120 1121/1121/1121 1122/1122/1122
f 1123/1123/1123 1124/1124/1124 1125/1125/1125
f 1126/1126/1126 1127/1127/1127 1128/1128/1128
f 1129/1129/1129 1130/1130/1130 1131/1131/1131
f 1132/1132/1132 1133/1133/1133 1134/1134/1134
f 1135/1135/1135 1136/1136/1136 1137/1137/1137
f 1138/1138/1138 1139/1139/1139 1140/1140/1140
f 1141/1141/1141 1142/1142/1142 1143/1143/1143
f 1144/1144/1144 1145/1145/1145 1146/1146/1146
f 1147/1147/1147 1148/1148/1148 1149/1149/1149
f 1150/1150/1150 1151/1151/1151 1152/1152/1152
f 1153/1153/1153 1154/1154/1154 1155/1155/1155
f 1156/1156/1156 1157/1157/1157 1158/1158/1158
f 1159/1159/1159 1160/1160/1160 1161/1161/1161
f 1162/1162/1162 1163/1163/1163 1164/1164/1164
f 1165/1165/1165 1166/1166/1166 1167/1167/1167
f 1168/1168/1168 1169/1169/1169 1170/1170/1170
f 1171/1171/1171 1172/1172/1172 1173/1173/1173
f 1174/1174/1174 1175/1175/1175 1176/1176/1176
f 1177/1177/1177 1178/1178/1178 1179/1179/1179
f 1180/1180/1180 1181/1181/1181 1182/1182/1182
f 1183/1183/1183 1184/1184/1184 1185/1185/1185
f 1186/1186/1186 1187/1187/1187 1188/1188/1188
f 1189/1189/1189 1190/1190/1190 1191/1191/1191
f 1192/1192/1192 1193/1193/1193 1194/1194/1194
f 1195/1195/1195 1196/1196/1196 1197/1197/1197
f 1198/1198/1198 1199/1199/1199 1200/1200/1200
f 1201/1201/1201 1202/1202/1202 1203/1203/1203
f 1204/1204/1204 1205/1205/1205 1206/1206/1206
f 1207/1207/1207 1208/1208/1208 1209/1209/1209
f 1210/1210/1210 1211/1211/1211 1212/1212/1212
f 1213/1213/1213 1214/1214/1214 1215/1215/1215
f 1216/1216/1216 1217/1217/1217 1218/1218/1218
f 1219/1219/1219 1220/1220/1220 1221/1221/1221
f 1222/1222/1222 1223/1223/1223 1224/1224/1224
f 1225/1225/1225 1226/1226/1226 1227/1227/1227
f 1228/1228/1228 1229/1229/1229 1230/1230/1230
f 1231/1231/1231 1232/1232/1232 1233/1233/1233
f 1234/1234/1234 1235/1235/1235 1236/1236/1236
f 1237/1237/1237 1238/1238/1238 1239/1239/1239
f 1240/1240/1240 1241/1241/1241 1242/1242/1242
f 1243/1243/1243 1244/1244/1244 1245/1245/1245
f 1246/1246/1246 1247/1247/1247 1248/1248/1248
f 1249/1249/1249 1250/1250/1250 1251/1251/1251
f 1252/1252/1252 1253/1253/1253 1254/1254/1254
f 1255/1255/1255 1256/1256/1256 1257/1257/1257
f 1258/1258/1258 1259/1259/1259 1260/1260/1260
f 1261/1261/1261 1262/1262/1262 1263/1263/1263
f 1264/1264/1264 1265/1265/1265 1266/1266/1266
f 1267/1267/1267 1268/1268/1268 1269/1269/1269
f 1270/1270/1270 1271/1271/1271 1272/1272/1272
f 1273/1273/1273 1274/1274/1274 1275/1275/1275
f 1276/1276/1276 1277/1277/1277 1278/1278/1278
f 1279/1279/1279 1280/1280/1280 1281/1281/1281
f 1282/1282/1282 1283/1283/1283 1284/1284/1284
f 1285/1285/1285 1286/1286/1286 1287/1287/1287
f 1288/1288/1288 1289/1289/1289 1290/1290/1290
f 1291/1291/1291 1292/1292/1292 1293/1293/1293
f 1294/1294/1294 1295/1295/1295 1296/1296/1296
f 1297/1297/1297 1298/1298/1298 1299/1299/1299
f 1300/1300/1300 1301/1301/1301 1302/1302/1302
f 1303/1303/1303 1304/1304/1304 1305/1305/1305
f 1306/1306/1306 1307/1307/1307 1308/1308/1308
f 1309/1309/1309 1310/1310/1310 1311/1311/1311
f 1312/1312/1312 1313/1313/1313 1314/1314/1314
f 1315/1315/1315 1316/1316/1316 1317/1317/1317
f 1318/1318/1318 1319/1319/1319 1320/1320/1320
f 1321/1321/1321 1322/1322/1322 1323/1323/1323
f 1324/1324/1324 1325/1325/1325 1326/1326/1326
f 1327/1327/1327 1328/1328/1328 1329/1329/1329
f 1330/1330/1330 1331/1331/1331 1332/1332/1332
f 1333/1333/1333 1334/1334/1334 1335/1335/1335
f 1336/1336/1336 1337/1337/1337 1338/1338/1338
f 1339/1339/1339 1340/1340/1340 1341/1341/1341
f 1342/1342/1342 1343/1343/1343 1344/1344/1344
f 1345/1345/1345 1346/1346/1346 1347/1347/1347
f 1348/1348/1348 1349/1349/1349 1350/1350/1350
f 1351/1351/1351 1352/1352/1352 1353/1353/1353
f 1354/1354/1354 1355/1355/1355 1356/1356/1356
f 1357/1357/1357 1358/1358/1358 1359/1359/1359
f 1360/1360/1360 1361/1361/1361 1362/1362/1362
f 1363/1363/1363 1364/1364/1364 1365/1365/1365
f 1366/1366/1366 1367/1367/1367 1368/1368/1368
f 1369/1369/1369 1370/1370/1370 1371/1371/1371
f 1372/1372/1372 1373/1373/1373 1374/1374/1374
f 1375/1375/1375 1376/1376/1376 1377/1377/1377
f 1378/1378/1378 1379/1379/1379 1380/1380/1380
f 1381/1381/1381 1382/1382/1382 1383/1383/1383
f 1384/1384/1384 1385/1385/1385 1386/1386/1386
f 1387/1387/1387 1388/1388/1388 1389/1389/1389
f 1390/1390/1390 1391/1391/1391 1392/1392/1392
f 1393/1393/1393 1394/1394/1394 1395/1395/1395
f 1396/1396/1396 1397/1397/1397 1398/1398/1398
f 1399/1399/1399 1400/1400/1400 1401/1401/1401
f 1402/1402/1402 1403/1403/1403 1404/1404/1404
f 1405/1405/1405 1406/1406/1406 1407/1407/1407
f 1408/1408/1408 1409/1409/1409 1410/1410/1410
f 1411/1411/1411 1412/1412/1412 1413/1413/1413
f 1414/1414/1414 1415/1415/1415 1416/1416/1416
f 1417/1417/1417 1418/1418/1418 1419/1419/1419
f 1420/1420/1420 1421/1421/1421 1422/1422/1422
f 1423/1423/1423 1424/1424/1424 1425/1425/1425
f 1426/1426/1426 1427/1427/1427 1428/1428/1428
f 1429/1429/1429 1430/1430/1430 1431/1431/1431
f 1432/1432/1432 1433/1433/1433 1434/1434/1434
f 1435/1435/1435 1436/1436/1436 1437/1437/1437
f 1438/1438/1438 1439/1439/1439 1440/1440/1440
f 1441/1441/1441 1442/1442/1442 1443/1443/1443
f 1444/1444/1444 1445/1445/1445 1446/1446/1446
f 1447/1447/1447 1448/1448/1448 1449/1449/1449
f 1450/1450/1450 1451/1451/1451 1452/1452/1452
f 1453/1453/1453 1454/1454/1454 1455/1455/1455
f 1456/1456/1456 1457/1457/1457 1458/1458/1458
f 1459/1459/1459 1460/1460/1460 1461/1461/1461
f 1462/1462/1462 1463/1463/1463 1464/1464/1464
f 1465/1465/1465 1466/1466/1466 1467/1467/1467
f 1468/1468/1468 1469/1469/1469 1470/1470/1470
f 1471/1471/1471 1472/1472/1472 1473/1473/1473
f 1474/1474/1474 1475/1475/1475 1476/1476/1476
f 1477/1477/1477 1478/1478/1478 1479/1479/1479
f 1480/1480/1480 1481/1481/1481 1482/1482/1482
f 1483/1483/1483 1484/1484/1484 1485/1485/1485
f 1486/1486/1486 1487/1487/1487 1488/1488/1488
f 1489/1489/1489 1490/1490/1490 1491/1491/1491
f 1492/1492/1492 1493/1493/1493 1494/1494/1494
f 1495/1495/1495 1496/1496/1496 1497/1497/1497
f 1498/1498/1498 1499/1499/1499 1500/1500/1500
f 1501/1501/1501 1502/1502/1502 1503/1503/1503
f 1504/1504/1504 1505/1505/1505 1506/1506/1506
f 1507/1507/1507 1508/1508/1508 1509/1509/1509
f 1510/1510/1510 1511/1511/1511 1512/1512/1512
f 1513/1513/1513 1514/1514/1514 1515/1515/1515
f 1516/1516/1516 1517/1517/1517 1518/1518/1518
f 1519/1519/1519 1520/1520/1520 1521/1521/1521
f 1522/1522/1522 1523/1523/1523 1524/1524/1524
f 1525/1525/1525 1526/1526/1526 1527/1527/1527
f 1528/1528/1528 1529/1529/1529 1530/1530/1530
f 1531/1531/1531 1532/1532/1532 1533/1533/1533
f 1534/1534/1534 1535/1535/1535 1536/1536/1536
f 1537/1537/1537 1538/1538/1538 1539/1539/1539
f 1540/1540/1540 1541/1541/1541 1542/1542/1542
f 1543/1543/1543 1544/1544/1544 1545/1545/1545
f 1546/1546/1546 1547/1547/1547 1548/1548/1548
f 1549/1549/1549 1550/1550/1550 1551/1551/1551
f 1552/1552/1552 1553/1553/1553 1554/1554/1554
f 1555/1555/1555 1556/1556/1556 1557/1557/1557
f 1558/1558/1558 1559/1559/1559 1560/1560/1560
f 1561/1561/1561 1562/1562/1562 1563/1563/1563
f 1564/1564/1564 1565/1565/1565 1566/1566/1566
f 1567/1567/1567 1568/1568/1568 1569/1569/1569
f 1570/1570/1570 1571/1571/1571 1572/1572/1572
f 1573/1573/1573 1574/1574/1574 1575/1575/1575
f 1576/1576/1576 1577/1577/1577 1578/1578/1578
f 1579/1579/1579 1580/1580/1580 1581/1581/1581
f 1582/1582/1582 1583/1583/1583 1584/1584/1584
f 1585/1585/1585 1586/1586/1586 1587/1587/1587
f 1588/1588/1588 1589/1589/1589 1590/1590/1590
f 1591/1591/1591 1592/1592/1592 1593/1593/1593
f 1594/1594/1594 1595/1595/1595 1596/1596/1596
f 1597/1597/1597 1598/1598/1598 1599/1599/1599
f 1600/1600/1600 1601/1601/1601 1602/1602/1602
f 1603/1603/1603 1604/1604/1604 1605/1605/1605
f 1606/1606/1606 1607/1607/1607 1608/1608/1608
f 1609/1609/1609 1610/1610/1610 1611/1611/1611
f 1612/1612/1612 1613/1613/1613 1614/1614/1614
f 1615/1615/1615 1616/1616/1616 1617/1617/1617
f 1618/1618/1618 1619/1619/1619 1620/1620/1620
f 1621/1621/1621 1622/1622/1622 1623/1623/1623
f 1624/1624/1624 1625/1625/1625 1626/1626/1626
f 1627/1627/1627 1628/1628/1628 1629/1629/1629
f 1630/1630/1630 1631/1631/1631 1632/1632/1632
f 1633/1633/1633 1634/1634/1634 1635/1635/1635
f 1636/1636/1636 1637/1637/1637 1638/1638/1638
f 1639/1639/1639 1640/1640/1640 1641/1641/1641
f 1642/1642/1642 1643/1643/1643 1644/1644/1644
f 1645/1645/1645 1646/1646/1646 1647/1647/1647
f 1648/1648/1648 1649/1649/1649 1650/1650/1650
f 1651/1651/1651 1652/1652/1652 1653/1653/1653
f 1654/1654/1654 1655/1655/1655 1656/1656/1656
f 1657/1657/1657 1658/1658/1658 1659/1659/1659
f 1660/1660/1660 1661/1661/1661 1662/1662/1662
f 1663/1663/1663 1664/1664/1664 1665/1665/1665
f 1666/1666/1666 1667/1667/1667 1668/1668/1668
f 1669/1669/1669 1670/1670/1670 1671/1671/1671
f 1672/1672/1672 1673/1673/1673 1674/1674/1674
f 1675/1675/1675 1676/1676/1676 1677/1677/1677
f 1678/1678/1678 1679/1679/1679 1680/1680/1680
f 1681/1681/1681 1682/1682/1682 1683/1683/1683
f 1684/1684/1684 1685/1685/1685 1686/1686/1686
f 1687/1687/1687 1688/1688/1688 1689/1689/1689
f 1690/1690/1690 1691/1691/1691 1692/1692/1692
f 1693/1693/1693 1694/1694/1694 1695/1695/1695
f 1696/1696/1696 1697/1697/1697 1698/1698/1698
f 1699/1699/1699 1700/1700/1700 1701/1701/1701
f 1702/1702/1702 1703/1703/1703 1704/1704/1704
f 1705/1705/1705 1706/1706/1706 1707/1707/1707
f 1708/1708/1708 1709/1709/1709 1710/1710/1710
f 1711/1711/1711 1712/1712/1712 1713/1713/1713
f 1714/1714/1714 1715/1715/1715 1716/1716/1716
f 1717/1717/1717 1718/1718/1718 1719/1719/1719
f 1720/1720/1720 1721/1721/1721 1722/1722/1722
f 1723/1723/1723 1724/1724/1724 1725/1725/1725
f 1726/1726/1726 1727/1727/1727 1728/1728/1728
f 1729/1729/1729 1730/1730/1730 1731/1731/1731
f 1732/1732/1732 1733/1733/1733 1734/1734/1734
f 1735/1735/1735 1736/1736/1736 1737/1737/1737
f 1738/1738/1738 1739/1739/1739 1740/1740/1740
f 1741/1741/1741 1742/1742/1742 1743/1743/1743
f 1744/1744/1744 1745/1745/1745 1746/1746/1746
f 1747/1747/1747 1748/1748/1748 1749/1749/1749
f 1750/1750/1750 1751/1751/1751 1752/1752/1752
f 1753/1753/1753 1754/1754/1754 1755/1755/1755
f 1756/1756/1756 1757/1757/1757 1758/1758/1758
f 1759/1759/1759 1760/1760/1760 1761/1761/1761
f 1762/1762/1762 1763/1763/1763 1764/1764/1764
f 1765/1765/1765 1766/1766/1766 1767/1767/1767
f 1768/1768/1768 1769/1769/1769 1770/1770/1770
f 1771/1771/1771 1772/1772/1772 1773/1773/1773
f 1774/1774/1774 1775/1775/1775 1776/1776/1776
f 1777/1777/1777 1778/1778/1778 1779/1779/1779
f 1780/1780/1780 1781/1781/1781 1782/1782/1782
f 1783/1783/1783 1784/1784/1784 1785/1785/1785
f 1786/1786/1786 1787/1787/1787 1788/1788/1788
f 1789/1789/1789 1790/1790/1790 1791/1791/1791
f 1792/1792/1792 1793/1793/1793 1794/1794/1794
f 1795/1795/1795 1796/1796/1796 1797/1797/1797
f 1798/1798/1798 1799/1799/1799 1800/1800/1800
f 1801/1801/1801 1802/1802/1802 1803/1803/1803
f 1804/1804/1804 1805/1805/1805 1806/1806/1806
f 1807/1807/1807 1808/1808/1808 1809/1809/1809
f 1810/1810/1810 1811/1811/1811 1812/1812/1812
f 1813/1813/1813 1814/1814/1814 1815/1815/1815
f 1816/1816/1816 1817/1817/1817 1818/1818/1818
f 1819/1819/1819 1820/1820/1820 1821/1821/1821
f 1822/1822/1822 1823/1823/1823 1824/1824/1824
f 1825/1825/1825 1826/1826/1826 1827/1827/1827
f 1828/1828/1828 1829/1829/1829 1830/1830/1830
f 1831/1831/1831 1832/1832/1832 1833/1833/1833
f 1834/1834/1834 1835/1835/1835 1836/1836/1836
f 1837/1837/1837 1838/1838/1838 1839/1839/1839
f 1840/1840/1840 1841/1841/1841 1842/1842/1842
f 1843/1843/1843 1844/1844/1844 1845/1845/1845
f 1846/1846/1846 1847/1847/1847 1848/1848/1848
f 1849/1849/1849 1850/1850/1850 1851/1851/1851
f 1852/1852/1852 1853/1853/1853 1854/1854/1854
f 1855/1855/1855 1856/1856/1856 1857/1857/1857
f 1858/1858/1858 1859/1859/1859 1860/1860/1860
f 1861/1861/1861 1862/1862/1862 1863/1863/1863
f 1864/1864/1864 1865/1865/1865 1866/1866/1866
f 1867/1867/1867 1868/1868/1868 1869/1869/1869
f 1870/1870/1870 1871/1871/1871 1872/1872/1872
f 1873/1873/1873 1874/1874/1874 1875/1875/1875
f 1876/1876/1876 1877/1877/1877 1878/1878/1878
f 1879/1879/1879 1880/1880/1880 1881/1881/1881
f 1882/1882/1882 1883/1883/1883 1884/1884/1884
f 1885/1885/1885 1886/1886/1886 1887/1887/1887
f 1888/1888/1888 1889/1889/1889 1890/1890/1890
f 1891/1891/1891 1892/1892/1892 1893/1893/1893
f 1894/1894/1894 1895/1895/1895 1896/1896/1896
f 1897/1897/1897 1898/1898/1898 1899/1899/1899
f 1900/1900/1900 1901/1901/1901 1902/1902/1902
f 1903/1903/1903 1904/1904/1904 1905/1905/1905
f 1906/1906/1906 1907/1907/1907 1908/1908/1908
f 1909/1909/1909 1910/1910/1910 1911/1911/1911
f 1912/1912/1912 1913/1913/1913 1914/1914/1914
f 1915/1915/1915 1916/1916/1916 1917/1917/1917
f 1918/1918/1918 1919/1919/1919 1920/1920/1920
f 1921/1921/1921 1922/1922/1922 1923/1923/1923
f 1924/1924/1924 1925/1925/1925 1926/1926/1926
f 1927/1927/1927 1928/1928/1928 1929/1929/1929
f 1930/1930/1930 1931/1931/1931 1932/1932/1932
f 1933/1933/1933 1934/1934/1934 1935/1935/1935
f 1936/1936/1936 1937/1937/1937 1938/1938/1938
f 1939/1939/1939 1940/1940/1940 1941/1941/1941
f 1942/1942/1942 1943/1943/1943 1944/1944/1944
f 1945/1945/1945 1946/1946/1946 1947/1947/1947
f 1948/1948/1948 1949/1949/1949 1950/1950/1950
f 1951/1951/1951 1952/1952/1952 1953/1953/1953
f 1954/1954/1954 1955/1955/1955 1956/1956/1956
f 1957/1957/1957 1958/1958/1958 1959/1959/1959
f 1960/1960/1960 1961/1961/1961 1962/1962/1962
f 1963/1963/1963 1964/1964/1964 1965/1965/1965
f 1966/1966/1966 1967/1967/1967 1968/1968/1968
f 1969/1969/1969 1970/1970/1970 1971/1971/1971
f 1972/1972/1972 1973/1973/1973 1974/1974/1974
f 1975/1975/1975 1976/1976/1976 1977/1977/1977
f 1978/1978/1978 1979/1979/1979 1980/1980/1980
f 1981/1981/1981 1982/1982/1982 1983/1983/1983
f 1984/1984/1984 1985/1985/1985 1986/1986/1986
f 1987/1987/1987 1988/1988/1988 1989/1989/1989
f 1990/1990/1990 1991/1991/1991 1992/1992/1992
f 1993/1993/1993 1994/1994/1994 1995/1995/1995
f 1996/1996/1996 1997/1997/1997 1998/1998/1998
f 1999/1999/1999 2000/2000/2000 2001/2001/2001
f 2002/2002/2002 2003/2003/2003 2004/2004/2004
f 2005/2005/2005 2006/2006/2006 2007/2007/2007
f 2008/2008/2008 2009/2009/2009 2010/2010/2010
f 2011/2011/2011 2012/2012/2012 2013/2013/2013
f 2014/2014/2014 2015/2015/2015 2016/2016/2016
f 2017/2017/2017 2018/2018/2018 2019/2019/2019
f 2020/2020/2020 2021/2021/2021 2022/2022/2022
f 2023/2023/2023 2024/2024/2024 2025/2025/2025
f 2026/2026/2026 2027/2027/2027 2028/2028/2028
f 2029/2029/2029 2030/2030/2030 2031/2031/2031
f 2032/2032/2032 2033/2033/2033 2034/2034/2034
f 2035/2035/2035 2036/2036/2036 2037/2037/2037
f 2038/2038/2038 2039/2039/2039 2040/2040/2040
f 2041/2041/2041 2042/2042/2042 2043/2043/2043
f 2044/2044/2044 2045/2045/2045 2046/2046/2046
f 2047/2047/2047 2048/2048/2048 2049/2049/2049
f 2050/2050/2050 2051/2051/2051 2052/2052/2052
f 2053/2053/2053 2054/2054/2054 2055/2055/2055
f 2056/2056/2056 2057/2057/2057 2058/2058/2058
f 2059/2059/2059 2060/2060/2060 2061/2061/2061
f 2062/2062/2062 2063/2063/2063 2064/2064/2064
f 2065/2065/2065 2066/2066/2066 2067/2067/2067
f 2068/2068/2068 2069/2069/2069 2070/2070/2070
f 2071/2071/2071 2072/2072/2072 2073/2073/2073
f 2074/2074/2074 2075/2075/2075 2076/2076/2076
f 2077/2077/2077 2078/2078/2078 2079/2079/2079
f 2080/2080/2080 2081/2081/2081 2082/2082/2082
f 2083/2083/2083 2084/2084/2084 2085/2085/2085
f 2086/2086/2086 2087/2087/2087 2088/2088/2088
f 2089/2089/2089 2090/2090/2090 2091/2091/2091
f 2092/2092/2092 2093/2093/2093 2094/2094/2094
f 2095/2095/2095 2096/2096/2096 2097/2097/2097
f 2098/2098/2098 2099/2099/2099 2100/2100/2100
f 2101/2101/2101 2102/2102/2102 2103/2103/2103
f 2104/2104/2104 2105/2105/2105 2106/2106/2106
f 2107/2107/2107 2108/2108/2108 2109/2109/2109
f 2110/2110/2110 2111/2111/2111 2112/2112/2112
f 2113/2113/2113 2114/2114/2114 2115/2115/2115
f 2116/2116/2116 2117/2117/2117 2118/2118/2118
f 2119/2119/2119 2120/2120/2120 2121/2121/2121
f 2122/2122/2122 2123/2123/2123 2124/2124/2124
f 2125/2125/2125 2126/2126/2126 2127/2127/2127
f 2128/2128/2128 2129/2129/2129 2130/2130/2130
f 2131/2131/2131 2132/2132/2132 2133/2133/2133
f 2134/2134/2134 2135/2135/2135 2136/2136/2136
f 2137/2137/2137 2138/2138/2138 2139/2139/2139
f 2140/2140/2140 2141/2141/2141 2142/2142/2142
f 2143/2143/2143 2144/2144/2144 2145/2145/2145
f 2146/2146/2146 2147/2147/2147 2148/2148/2148
f 2149/2149/2149 2150/2150/2150 2151/2151/2151
f 2152/2152/2152 2153/2153/2153 2154/2154/2154
f 2155/2155/2155 2156/2156/2156 2157/2157/2157
f 2158/2158/2158 2159/2159/2159 2160/2160/2160
f 2161/2161/2161 2162/2162/2162 2163/2163/2163
f 2164/2164/2164 2165/2165/2165 2166/2166/2166
f 2167/2167/2167 2168/2168/2168 2169/2169/2169
f 2170/2170/2170 2171/2171/2171 2172/2172/2172
f 2173/2173/2173 2174/2174/2174 2175/2175/2175
f 2176/2176/2176 2177/2177/2177 2178/2178/2178
f 2179/2179/2179 2180/2180/2180 2181/2181/2181
f 2182/2182/2182 2183/2183/2183 2184/2184/2184
f 2185/2185/2185 2186/2186/2186 2187/2187/2187
f 2188/2188/2188 2189/2189/2189 2190/2190/2190
f 2191/2191/2191 2192/2192/2192 2193/2193/2193
f 2194/2194/2194 2195/2195/2195 2196/2196/2196
f 2197/2197/2197 2198/2198/2198 2199/2199/2199
f 2200/2200/2200 2201/2201/2201 2202/2202/2202
f 2203/2203/2203 2204/2204/2204 2205/2205/2205
f 2206/2206/2206 2207/2207/2207 2208/2208/2208
f 2209/2209/2209 2210/2210/2210 2211/2211/2211
f 2212/2212/2212 2213/2213/2213 2214/2214/2214
f 2215/2215/2215 2216/2216/2216 2217/2217/2217
f 2218/2218/2218 2219/2219/2219 2220/2220/2220
f 2221/2221/2221 2222/2222/2222 2223/2223/2223
f 2224/2224/2224 2225/2225/2225 2226/2226/2226
f 2227/2227/2227 2228/2228/2228 2229/2229/2229
f 2230/2230/2230 2231/2231/2231 2232/2232/2232
f 2233/2233/2233 2234/2234/2234 2235/2235/2235
f 2236/2236/2236 2237/2237/2237 2238/2238/2238
f 2239/2239/2239 2240/2240/2240 2241/2241/2241
f 2242/2242/2242 2243/2243/2243 2244/2244/2244
f 2245/2245/2245 2246/2246/2246 2247/2247/2247
f 2248/2248/2248 2249/2249/2249 2250/2250/2250
f 2251/2251/2251 2252/2252/2252 2253/2253/2253
f 2254/2254/2254 2255/2255/2255 2256/2256/2256
f 2257/2257/2257 2258/2258/2258 2259/2259/2259
f 2260/2260/2260 2261/2261/2261 2262/2262/2262
f 2263/2263/2263 2264/2264/2264 2265/2265/2265
f 2266/2266/2266 2267/2267/2267 2268/2268/2268
f 2269/2269/2269 2270/2270/2270 2271/2271/2271
f 2272/2272/2272 2273/2273/2273 2274/2274/2274
f 2275/2275/2275 2276/2276/2276 2277/2277/2277
f 2278/2278/2278 2279/2279/2279 2280/2280/2280
f 2281/2281/2281 2282/2282/2282 2283/2283/2283
f 2284/2284/2284 2285/2285/2285 2286/2286/2286
f 2287/2287/2287 2288/2288/2288 2289/2289/2289
f 2290/2290/2290 2291/2291/2291 2292/2292/2292
f 2293/2293/2293 2294/2294/2294 2295/2295/2295
f 2296/2296/2296 2297/2297/2297 2298/2298/2298
f 2299/2299/2299 2300/2300/2300 2301/2301/2301
f 2302/2302/2302 2303/2303/2303 2304/2304/2304
f 2305/2305/2305 2306/2306/2306 2307/2307/2307
f 2308/2308/2308 2309/2309/2309 2310/2310/2310
f 2311/2311/2311 2312/2312/2312 2313/2313/2313
f 2314/2314/2314 2315/2315/2315 2316/2316/2316
f 2317/2317/2317 2318/2318/2318 2319/2319/2319
f 2320/2320/2320 2321/2321/2321 2322/2322/2322
f 2323/2323/2323 2324/2324/2324 2325/2325/2325
f 2326/2326/2326 2327/2327/2327 2328/2328/2328
f 2329/2329/2329 2330/2330/2330 2331/2331/2331
f 2332/2332/2332 2333/2333/2333 2334/2334/2334
f 2335/2335/2335 2336/2336/2336 2337/2337/2337
f 2338/2338/2338 2339/2339/2339 2340/2340/2340
f 2341/2341/2341 2342/2342/2342 2343/2343/2343
f 2344/2344/2344 2345/2345/2345 2346/2346/2346
f 2347/2347/2347 2348/2348/2348 2349/2349/2349
f 2350/2350/2350 2351/2351/2351 2352/2352/2352
f 2353/2353/2353 2354/2354/2354 2355/2355/2355
f 2356/2356/2356 2357/2357/2357 2358/2358/2358
f 2359/2359/2359 2360/2360/2360 2361/2361/2361
f 2362/2362/2362 2363/2363/2363 2364/2364/2364
